PubChem_lookup_name,PubChem_lookup_inchis,PubChem_lookup_cid
cryptone,"InChI=1S/C9H14O/c1-7(2)8-3-5-9(10)6-4-8/h3,5,7-8H,4,6H2,1-2H3",92780
beta-santalene,"InChI=1S/C15H24/c1-11(2)6-5-9-15(4)12(3)13-7-8-14(15)10-13/h6,13-14H,3,5,7-10H2,1-2,4H3/t13-,14+,15+/m1/s1",10889018
dodecenyl acetate,"InChI=1S/C14H26O2/c1-3-4-5-6-7-8-9-10-11-12-13-16-14(2)15/h12-13H,3-11H2,1-2H3/b13-12+",5363334
hexadecane,"InChI=1S/C16H34/c1-3-5-7-9-11-13-15-16-14-12-10-8-6-4-2/h3-16H2,1-2H3",11006
sclareol,"InChI=1S/C20H36O2/c1-7-18(4,21)13-9-16-19(5)12-8-11-17(2,3)15(19)10-14-20(16,6)22/h7,15-16,21-22H,1,8-14H2,2-6H3/t15-,16+,18-,19-,20+/m0/s1",163263
sclareol,"InChI=1S/C20H36O2/c1-7-18(4,21)13-9-16-19(5)12-8-11-17(2,3)15(19)10-14-20(16,6)22/h7,15-16,21-22H,1,8-14H2,2-6H3/t15?,16-,18+,19+,20-/m1/s1",73114
sclareol,"InChI=1S/C20H36O2/c1-7-18(4,21)13-9-16-19(5)12-8-11-17(2,3)15(19)10-14-20(16,6)22/h7,15-16,21-22H,1,8-14H2,2-6H3",521332
sclareol,"InChI=1S/C20H36O2/c1-7-18(4,21)13-9-16-19(5)12-8-11-17(2,3)15(19)10-14-20(16,6)22/h7,15-16,21-22H,1,8-14H2,2-6H3/t15?,16-,18?,19+,20-/m1/s1",16394480
sclareol,"InChI=1S/C20H36O2/c1-7-18(4,21)13-9-16-19(5)12-8-11-17(2,3)15(19)10-14-20(16,6)22/h7,15-16,21-22H,1,8-14H2,2-6H3/t15-,16+,18+,19-,20+/m0/s1",7093249
sclareol,"InChI=1S/C20H36O2/c1-7-18(4,21)13-9-16-19(5)12-8-11-17(2,3)15(19)10-14-20(16,6)22/h7,15-16,21-22H,1,8-14H2,2-6H3/t15-,16?,18-,19-,20+/m0/s1",11150985
sclareol,"InChI=1S/C20H36O2/c1-7-18(4,21)13-9-16-19(5)12-8-11-17(2,3)15(19)10-14-20(16,6)22/h7,15-16,21-22H,1,8-14H2,2-6H3/t15?,16-,18?,19?,20-/m1/s1",6432496
sclareol,"InChI=1S/C20H36O2/c1-7-18(4,21)13-9-16-19(5)12-8-11-17(2,3)15(19)10-14-20(16,6)22/h7,15-16,21-22H,1,8-14H2,2-6H3/t15-,16+,18?,19-,20+/m0/s1",56842011
sclareol,"InChI=1S/C20H36O2/c1-7-18(4,21)13-9-16-19(5)12-8-11-17(2,3)15(19)10-14-20(16,6)22/h7,15-16,21-22H,1,8-14H2,2-6H3/t15?,16?,18-,19-,20+/m0/s1",16394663
sclareol,"InChI=1S/C20H36O2/c1-7-18(4,21)13-9-16-19(5)12-8-11-17(2,3)15(19)10-14-20(16,6)22/h7,15-16,21-22H,1,8-14H2,2-6H3/t15-,16-,18-,19-,20+/m0/s1",7060889
menthofuran,"InChI=1S/C10H14O/c1-7-3-4-9-8(2)6-11-10(9)5-7/h6-7H,3-5H2,1-2H3",329983
alpha-fenchyl acetate,"InChI=1S/C12H20O2/c1-8(13)14-10-11(2,3)9-5-6-12(10,4)7-9/h9-10H,5-7H2,1-4H3",107217
caryophylladienol,"InChI=1S/C15H24O/c1-10-5-6-14-13(9-15(14,3)4)11(2)8-12(16)7-10/h12-14,16H,1-2,5-9H2,3-4H3",91747928
o-menth-8-ene,"InChI=1S/C10H18/c1-8(2)10-7-5-4-6-9(10)3/h9-10H,1,4-7H2,2-3H3",519074
Dehydrotremetone,"InChI=1S/C13H12O2/c1-8(2)13-7-11-6-10(9(3)14)4-5-12(11)15-13/h4-7H,1H2,2-3H3",324281
cumin aldehyde,"InChI=1S/C10H12O/c1-8(2)10-5-3-9(7-11)4-6-10/h3-8H,1-2H3",326
2-dodecenal,"InChI=1S/C12H22O/c1-2-3-4-5-6-7-8-9-10-11-12-13/h10-12H,2-9H2,1H3/b11-10+",5283361
terpin-4-ol,"InChI=1S/C10H18O/c1-8(2)10(11)6-4-9(3)5-7-10/h4,8,11H,5-7H2,1-3H3",11230
calamusenone,"InChI=1S/C15H22O/c1-9(2)13-8-14-10(3)5-6-12(14)11(4)7-15(13)16/h10-11H,5-8H2,1-4H3",91748856
pentadecane,"InChI=1S/C15H32/c1-3-5-7-9-11-13-15-14-12-10-8-6-4-2/h3-15H2,1-2H3",12391
cedr-8(15)-en-9-ol,"InChI=1S/C15H24O/c1-9-5-6-13-14(3,4)11-7-15(9,13)8-12(16)10(11)2/h9,11-13,16H,2,5-8H2,1,3-4H3",119831
trans-linalool oxide,"InChI=1S/C10H18O2/c1-5-10(4)7-6-8(12-10)9(2,3)11/h5,8,11H,1,6-7H2,2-4H3/t8-,10+/m0/s1",6432254
octadecane,"InChI=1S/C18H38/c1-3-5-7-9-11-13-15-17-18-16-14-12-10-8-6-4-2/h3-18H2,1-2H3",11635
isoborneol,"InChI=1S/C10H18O/c1-9(2)7-4-5-10(9,3)8(11)6-7/h7-8,11H,4-6H2,1-3H3",64685
isoborneol,"InChI=1S/C10H18O/c1-9(2)7-4-5-10(9,3)8(11)6-7/h7-8,11H,4-6H2,1-3H3/t7-,8-,10+/m1/s1",6321405
isoborneol,"InChI=1S/C10H18O/c1-9(2)7-4-5-10(9,3)8(11)6-7/h7-8,11H,4-6H2,1-3H3/t7-,8+,10+/m1/s1",6552009
isoborneol,"InChI=1S/C10H18O/c1-9(2)7-4-5-10(9,3)8(11)6-7/h7-8,11H,4-6H2,1-3H3/t7-,8+,10-/m1/s1",230920
isoborneol,"InChI=1S/C10H18O/c1-9(2)7-4-5-10(9,3)8(11)6-7/h7-8,11H,4-6H2,1-3H3/t7-,8+,10-/m0/s1",61060
isoborneol,"InChI=1S/C10H18O/c1-9(2)7-4-5-10(9,3)8(11)6-7/h7-8,11H,4-6H2,1-3H3/t7?,8-,10+/m1/s1",512289
isoborneol,"InChI=1S/C10H18O/c1-9(2)7-4-5-10(9,3)8(11)6-7/h7-8,11H,4-6H2,1-3H3/t7?,8-,10?/m1/s1",439569
isoborneol,"InChI=1S/C10H18O/c1-9(2)7-4-5-10(9,3)8(11)6-7/h7-8,11H,4-6H2,1-3H3/t7-,8-,10+/m0/s1",6973640
isoborneol,"InChI=1S/C10H18O/c1-9(2)7-4-5-10(9,3)8(11)6-7/h7-8,11H,4-6H2,1-3H3/t7-,8?,10+/m0/s1",6850744
isoborneol,"InChI=1S/C10H18O/c1-9(2)7-4-5-10(9,3)8(11)6-7/h7-8,11H,4-6H2,1-3H3/t7?,8-,10?/m0/s1",439568
(z)-cinnamyl acetate,"InChI=1S/C11H12O2/c1-10(12)13-9-5-8-11-6-3-2-4-7-11/h2-8H,9H2,1H3/b8-5-",5315912
hexahydrofarnesylacetone,"InChI=1S/C18H36O/c1-15(2)9-6-10-16(3)11-7-12-17(4)13-8-14-18(5)19/h15-17H,6-14H2,1-5H3",10408
oleic acid,"InChI=1S/C18H34O2/c1-2-3-4-5-6-7-8-9-10-11-12-13-14-15-16-17-18(19)20/h9-10H,2-8,11-17H2,1H3,(H,19,20)/b10-9-",445639
methyl chavicol,"InChI=1S/C10H12O/c1-3-4-9-5-7-10(11-2)8-6-9/h3,5-8H,1,4H2,2H3",8815
germacrene-d,"InChI=1S/C15H24/c1-12(2)15-10-8-13(3)6-5-7-14(4)9-11-15/h7-8,10,12,15H,3,5-6,9,11H2,1-2,4H3/b10-8-,14-7-/t15-/m0/s1",91723653
(e)-2-decenal,"InChI=1S/C10H18O/c1-2-3-4-5-6-7-8-9-10-11/h8-10H,2-7H2,1H3/b9-8+",5283345
2-heptanol,"InChI=1S/C7H16O/c1-3-4-5-6-7(2)8/h7-8H,3-6H2,1-2H3",10976
(e)-beta-ionone,"InChI=1S/C13H20O/c1-10-6-5-9-13(3,4)12(10)8-7-11(2)14/h7-8H,5-6,9H2,1-4H3/b8-7+",638014
ethyl linoleate,"InChI=1S/C20H36O2/c1-3-5-6-7-8-9-10-11-12-13-14-15-16-17-18-19-20(21)22-4-2/h8-9,11-12H,3-7,10,13-19H2,1-2H3/b9-8-,12-11-",5282184
phenyl ethyl alcohol,"InChI=1S/C8H10O/c9-7-6-8-4-2-1-3-5-8/h1-5,9H,6-7H2",6054
hexyl tiglate,"InChI=1S/C11H20O2/c1-4-6-7-8-9-13-11(12)10(3)5-2/h5H,4,6-9H2,1-3H3/b10-5+",637523
beta-cedrene,"InChI=1S/C15H24/c1-10-7-8-15-9-12(10)14(3,4)13(15)6-5-11(15)2/h11-13H,1,5-9H2,2-4H3/t11-,12+,13+,15+/m1/s1",11106485
falcarinol,"InChI=1S/C17H24O/c1-3-5-6-7-8-9-10-11-12-13-14-15-16-17(18)4-2/h4,10-11,17-18H,2-3,5-9,12H2,1H3/b11-10-/t17-/m1/s1",5281149
falcarinol,"InChI=1S/C17H24O/c1-3-5-6-7-8-9-10-11-12-13-14-15-16-17(18)4-2/h4,10-11,17-18H,2-3,5-9,12H2,1H3/b11-10+",5353620
falcarinol,"InChI=1S/C17H24O/c1-3-5-6-7-8-9-10-11-12-13-14-15-16-17(18)4-2/h4,10-11,17-18H,2-3,5-9,12H2,1H3",3322
falcarinol,"InChI=1S/C17H24O/c1-3-5-6-7-8-9-10-11-12-13-14-15-16-17(18)4-2/h4,10-11,17-18H,2-3,5-9,12H2,1H3/b11-10-/t17-/m0/s1",5469789
falcarinol,"InChI=1S/C17H24O/c1-3-5-6-7-8-9-10-11-12-13-14-15-16-17(18)4-2/h4,10-11,17-18H,2-3,5-9,12H2,1H3/b11-10+/t17-/m1/s1",56935896
falcarinol,"InChI=1S/C17H24O/c1-3-5-6-7-8-9-10-11-12-13-14-15-16-17(18)4-2/h4,10-11,17-18H,2-3,5-9,12H2,1H3/b11-10+/t17-/m0/s1",71308196
germacrene a,"InChI=1S/C15H24/c1-12(2)15-10-8-13(3)6-5-7-14(4)9-11-15/h6,9,15H,1,5,7-8,10-11H2,2-4H3/b13-6+,14-9+/t15-/m0/s1",9548706
germacrene a,"InChI=1S/C15H24/c1-12(2)15-10-8-13(3)6-5-7-14(4)9-11-15/h6,9,15H,1,5,7-8,10-11H2,2-4H3/b13-6+,14-9+/t15-/m1/s1",9548705
germacrene a,"InChI=1S/C15H24/c1-12(2)15-10-8-13(3)6-5-7-14(4)9-11-15/h6,9,15H,1,5,7-8,10-11H2,2-4H3/b13-6+,14-9+",5835162
germacrene a,"InChI=1S/C15H24/c1-12(2)15-10-8-13(3)6-5-7-14(4)9-11-15/h6,9,15H,1,5,7-8,10-11H2,2-4H3/b13-6-,14-9+",5463084
isocaryophyllene oxide,"InChI=1S/C15H24O/c1-10-5-6-13-15(4,16-13)8-7-12-11(10)9-14(12,2)3/h11-13H,1,5-9H2,2-4H3/t11-,12-,13+,15-/m1/s1",1742211
isocaryophyllene oxide,"InChI=1S/C15H24O/c1-10-5-6-13-15(4,16-13)8-7-12-11(10)9-14(12,2)3/h11-13H,1,5-9H2,2-4H3",14350
benzyl alcohol,"InChI=1S/C7H8O/c8-6-7-4-2-1-3-5-7/h1-5,8H,6H2",244
cis-beta-ocimene,"InChI=1S/C10H16/c1-5-10(4)8-6-7-9(2)3/h5,7-8H,1,6H2,2-4H3/b10-8-",5320250
2-undecanone,"InChI=1S/C11H22O/c1-3-4-5-6-7-8-9-10-11(2)12/h3-10H2,1-2H3",8163
alpha-bisabolene,"InChI=1S/C15H24/c1-12(2)6-5-7-14(4)15-10-8-13(3)9-11-15/h6-8,15H,5,9-11H2,1-4H3/b14-7-",5352653
alpha-bisabolene,"InChI=1S/C15H24/c1-12(2)6-5-7-14(4)15-10-8-13(3)9-11-15/h6-8,15H,5,9-11H2,1-4H3/b14-7+",5315468
alpha-bisabolene,"InChI=1S/C15H24/c1-12(2)6-5-7-14(4)15-10-8-13(3)9-11-15/h6-8,15H,5,9-11H2,1-4H3",86597
3-methylbutanal,"InChI=1S/C5H10O/c1-5(2)3-4-6/h4-5H,3H2,1-2H3",11552
alpha-fenchene,"InChI=1S/C10H16/c1-7-6-8-4-5-9(7)10(8,2)3/h8-9H,1,4-6H2,2-3H3",28930
farnesyl acetone,"InChI=1S/C18H30O/c1-15(2)9-6-10-16(3)11-7-12-17(4)13-8-14-18(5)19/h9,11,13H,6-8,10,12,14H2,1-5H3/b16-11+,17-13+",1711945
alpha-caryophyllene,"InChI=1S/C15H24/c1-13-7-5-8-14(2)10-12-15(3,4)11-6-9-13/h6-7,10-11H,5,8-9,12H2,1-4H3/b11-6+,13-7+,14-10+",5281520
alpha-caryophyllene,"InChI=1S/C15H24/c1-13-7-5-8-14(2)10-12-15(3,4)11-6-9-13/h6-7,10-11H,5,8-9,12H2,1-4H3",23204
alpha-caryophyllene,"InChI=1S/C15H24/c1-13-7-5-8-14(2)10-12-15(3,4)11-6-9-13/h6-7,10-11H,5,8-9,12H2,1-4H3/b11-6-,13-7-,14-10-",6508206
alpha-caryophyllene,"InChI=1S/C15H24/c1-13-7-5-8-14(2)10-12-15(3,4)11-6-9-13/h6-7,10-11H,5,8-9,12H2,1-4H3/b11-6-,13-7+,14-10+",57448905
alpha-caryophyllene,"InChI=1S/C15H24/c1-13-7-5-8-14(2)10-12-15(3,4)11-6-9-13/h6-7,10-11H,5,8-9,12H2,1-4H3/b11-6+,13-7-,14-10+",5318101
alpha-caryophyllene,"InChI=1S/C15H24/c1-13-7-5-8-14(2)10-12-15(3,4)11-6-9-13/h6-7,10-11H,5,8-9,12H2,1-4H3/b11-6?,13-7+,14-10+",134687947
(z)-3-hexenyl benzoate,"InChI=1S/C13H16O2/c1-2-3-4-8-11-15-13(14)12-9-6-5-7-10-12/h3-7,9-10H,2,8,11H2,1H3/b4-3-",5367706
menthone,"InChI=1S/C10H18O/c1-7(2)9-5-4-8(3)6-10(9)11/h7-9H,4-6H2,1-3H3/t8-,9+/m1/s1",26447
menthone,"InChI=1S/C10H18O/c1-7(2)9-5-4-8(3)6-10(9)11/h7-9H,4-6H2,1-3H3",6986
menthone,"InChI=1S/C10H18O/c1-7(2)9-5-4-8(3)6-10(9)11/h7-9H,4-6H2,1-3H3/t8-,9+/m0/s1",443159
bergamotene,"InChI=1S/C15H24/c1-11(2)6-5-9-15(4)13-8-7-12(3)14(15)10-13/h6,13-14H,3,5,7-10H2,1-2,4H3",521569
hinesol,"InChI=1S/C15H26O/c1-11-6-5-7-12(2)15(11)9-8-13(10-15)14(3,4)16/h6,12-13,16H,5,7-10H2,1-4H3/t12-,13+,15+/m0/s1",10878761
hinesol,"InChI=1S/C15H26O/c1-11-6-5-7-12(2)15(11)9-8-13(10-15)14(3,4)16/h6,12-13,16H,5,7-10H2,1-4H3/t12?,13-,15+/m0/s1",24721116
hinesol,"InChI=1S/C15H26O/c1-11-6-5-7-12(2)15(11)9-8-13(10-15)14(3,4)16/h6,12-13,16H,5,7-10H2,1-4H3",289964
hinesol,"InChI=1S/C15H26O/c1-11-6-5-7-12(2)15(11)9-8-13(10-15)14(3,4)16/h6,12-13,16H,5,7-10H2,1-4H3/t12-,13+,15+/m1/s1",10059437
hinesol,"InChI=1S/C15H26O/c1-11-6-5-7-12(2)15(11)9-8-13(10-15)14(3,4)16/h6,12-13,16H,5,7-10H2,1-4H3/t12-,13+,15?/m0/s1",161437
l-linalool,"InChI=1S/C10H18O/c1-5-10(4,11)8-6-7-9(2)3/h5,7,11H,1,6,8H2,2-4H3/t10-/m0/s1",443158
l-linalool,"InChI=1S/C10H18O/c1-5-10(4,11)8-6-7-9(2)3/h5,7,11H,1,6,8H2,2-4H3/t10-/m1/s1",67179
methyl octanoate,"InChI=1S/C9H18O2/c1-3-4-5-6-7-8-9(10)11-2/h3-8H2,1-2H3",8091
nonadecane,"InChI=1S/C19H40/c1-3-5-7-9-11-13-15-17-19-18-16-14-12-10-8-6-4-2/h3-19H2,1-2H3",12401
n-undecane,"InChI=1S/C11H24/c1-3-5-7-9-11-10-8-6-4-2/h3-11H2,1-2H3",14257
isoamyl isovalerate,"InChI=1S/C10H20O2/c1-8(2)5-6-12-10(11)7-9(3)4/h8-9H,5-7H2,1-4H3",12613
thymol methyl ether,"InChI=1S/C11H16O/c1-8(2)10-6-5-9(3)7-11(10)12-4/h5-8H,1-4H3",14104
exo-fenchyl acetate,"InChI=1S/C12H20O2/c1-8(13)14-10-11(2,3)9-5-6-12(10,4)7-9/h9-10H,5-7H2,1-4H3/t9?,10-,12?/m0/s1",6430689
phellandral,"InChI=1S/C10H16O/c1-8(2)10-5-3-9(7-11)4-6-10/h3,7-8,10H,4-6H2,1-2H3",89488
kessane,"InChI=1S/C15H26O/c1-10-5-6-13-12(10)9-11-7-8-15(13,4)16-14(11,2)3/h10-13H,5-9H2,1-4H3/t10-,11-,12-,13-,15+/m1/s1",11310616
kessane,"InChI=1S/C15H26O/c1-10-5-6-13-12(10)9-11-7-8-15(13,4)16-14(11,2)3/h10-13H,5-9H2,1-4H3/t10-,11-,12-,13-,15-/m0/s1",6451544
kessane,"InChI=1S/C15H26O/c1-10-5-6-13-12(10)9-11-7-8-15(13,4)16-14(11,2)3/h10-13H,5-9H2,1-4H3/t10-,11?,12?,13?,15+/m1/s1",6428588
kessane,"InChI=1S/C15H26O/c1-10-5-6-13-12(10)9-11-7-8-15(13,4)16-14(11,2)3/h10-13H,5-9H2,1-4H3",527491
trans-beta-bergamotene,"InChI=1S/C15H24/c1-11(2)6-5-9-15(4)13-8-7-12(3)14(15)10-13/h6,13-14H,3,5,7-10H2,1-2,4H3/t13-,14-,15+/m0/s1",12300069
methyl allyl trisulfide,"InChI=1S/C4H8S3/c1-3-4-6-7-5-2/h3H,1,4H2,2H3",61926
4-terpineol,"InChI=1S/C10H18O/c1-8(2)10(11)6-4-9(3)5-7-10/h4,8,11H,5-7H2,1-3H3",11230
bergapten,"InChI=1S/C12H8O4/c1-14-12-7-2-3-11(13)16-10(7)6-9-8(12)4-5-15-9/h2-6H,1H3",2355
salvial-4(14)-en-1-one,"InChI=1S/C15H24O/c1-10(2)12-7-8-15(4)13(12)9-11(3)5-6-14(15)16/h10,12-13H,3,5-9H2,1-2,4H3/t12-,13-,15+/m0/s1",42608172
salvial-4(14)-en-1-one,"InChI=1S/C15H24O/c1-10(2)12-7-8-15(4)13(12)9-11(3)5-6-14(15)16/h10,12-13H,3,5-9H2,1-2,4H3",15118057
gamma-curcumene,"InChI=1S/C15H24/c1-12(2)6-5-7-14(4)15-10-8-13(3)9-11-15/h6,8,10,14H,5,7,9,11H2,1-4H3/t14-/m1/s1",12304273
isopropyl isobutyrate,"InChI=1S/C7H14O2/c1-5(2)7(8)9-6(3)4/h5-6H,1-4H3",12044
(z)-nuciferal,"InChI=1S/C15H20O/c1-13-8-10-15(11-9-13)7-5-3-4-6-14(2)12-16/h6,8-12H,3-5,7H2,1-2H3/b14-6-",6429179
1-pentadecene,"InChI=1S/C15H30/c1-3-5-7-9-11-13-15-14-12-10-8-6-4-2/h3H,1,4-15H2,2H3",25913
hexyl valerate,"InChI=1S/C11H22O2/c1-3-5-7-8-10-13-11(12)9-6-4-2/h3-10H2,1-2H3",70694
thymoquinone,"InChI=1S/C10H12O2/c1-6(2)8-5-9(11)7(3)4-10(8)12/h4-6H,1-3H3",10281
eucalyptol,"InChI=1S/C10H18O/c1-9(2)8-4-6-10(3,11-9)7-5-8/h8H,4-7H2,1-3H3",2758
tetradecanol,"InChI=1S/C14H30O/c1-2-3-4-5-6-7-8-9-10-11-12-13-14-15/h15H,2-14H2,1H3",8209
thymohydroquinone,"InChI=1S/C10H14O2/c1-6(2)8-5-9(11)7(3)4-10(8)12/h4-6,11-12H,1-3H3",95779
3-octanone,"InChI=1S/C8H16O/c1-3-5-6-7-8(9)4-2/h3-7H2,1-2H3",246728
fenchone,"InChI=1S/C10H16O/c1-9(2)7-4-5-10(3,6-7)8(9)11/h7H,4-6H2,1-3H3",14525
himachalol,"InChI=1S/C15H26O/c1-11-6-7-12-13(10-11)14(2,3)8-5-9-15(12,4)16/h10,12-13,16H,5-9H2,1-4H3/t12-,13+,15-/m1/s1",121536
methyl palmitate,"InChI=1S/C17H34O2/c1-3-4-5-6-7-8-9-10-11-12-13-14-15-16-17(18)19-2/h3-16H2,1-2H3",8181
fenchol,"InChI=1S/C10H18O/c1-9(2)7-4-5-10(3,6-7)8(9)11/h7-8,11H,4-6H2,1-3H3",15406
alpha-curcumene,"InChI=1S/C15H22/c1-12(2)6-5-7-14(4)15-10-8-13(3)9-11-15/h6,8-11,14H,5,7H2,1-4H3",92139
n-hexanol,"InChI=1S/C6H14O/c1-2-3-4-5-6-7/h7H,2-6H2,1H3",8103
1-nonen-3-ol,"InChI=1S/C9H18O/c1-3-5-6-7-8-9(10)4-2/h4,9-10H,2-3,5-8H2,1H3",89560
ethyl dodecanoate,"InChI=1S/C14H28O2/c1-3-5-6-7-8-9-10-11-12-13-14(15)16-4-2/h3-13H2,1-2H3",7800
humulene oxide ii,"InChI=1S/C15H24O/c1-12-6-7-13-15(4,16-13)10-5-9-14(2,3)11-8-12/h5,8-9,13H,6-7,10-11H2,1-4H3/b9-5+,12-8+/t13-,15-/m1/s1",10704181
humulene oxide ii,"InChI=1S/C15H24O/c1-12-6-7-13-15(4,16-13)10-5-9-14(2,3)11-8-12/h5,8-9,13H,6-7,10-11H2,1-4H3/b9-5-,12-8-",23274265
daucene,"InChI=1S/C15H24/c1-11(2)13-8-10-15(4)9-7-12(3)5-6-14(13)15/h7,11H,5-6,8-10H2,1-4H3",177773
Cyperene,"InChI=1S/C15H24/c1-10-7-8-15-11(2)5-6-12(9-13(10)15)14(15,3)4/h11-12H,5-9H2,1-4H3/t11-,12-,15+/m1/s1",12308843
Cyperene,"InChI=1S/C15H24/c1-10-7-8-15-11(2)5-6-12(9-13(10)15)14(15,3)4/h11-12H,5-9H2,1-4H3",99856
2-heptadecanone,"InChI=1S/C17H34O/c1-3-4-5-6-7-8-9-10-11-12-13-14-15-16-17(2)18/h3-16H2,1-2H3",18027
myrtanol,"InChI=1S/C10H18O/c1-10(2)8-4-3-7(6-11)9(10)5-8/h7-9,11H,3-6H2,1-2H3",521314
citronellyl butyrate,"InChI=1S/C14H26O2/c1-5-7-14(15)16-11-10-13(4)9-6-8-12(2)3/h8,13H,5-7,9-11H2,1-4H3",8835
zingiberene,"InChI=1S/C15H24/c1-12(2)6-5-7-14(4)15-10-8-13(3)9-11-15/h6,8-10,14-15H,5,7,11H2,1-4H3/t14-,15+/m0/s1",92776
bicycloelemene,"InChI=1S/C15H24/c1-7-15(6)9-8-11-13(14(11,4)5)12(15)10(2)3/h7,11-13H,1-2,8-9H2,3-6H3/t11-,12+,13-,15-/m1/s1",56842786
bicycloelemene,"InChI=1S/C15H24/c1-7-15(6)9-8-11-13(14(11,4)5)12(15)10(2)3/h7,11-13H,1-2,8-9H2,3-6H3/t11-,12+,13+,15+/m0/s1",15801109
bicycloelemene,"InChI=1S/C15H24/c1-7-15(6)9-8-11-13(14(11,4)5)12(15)10(2)3/h7,11-13H,1-2,8-9H2,3-6H3",76419358
bicycloelemene,"InChI=1S/C15H24/c1-7-15(6)9-8-11-13(14(11,4)5)12(15)10(2)3/h7,11-13H,1-2,8-9H2,3-6H3/t11-,12+,13-,15+/m0/s1",91746561
9-epi-caryophyllene,"InChI=1S/C15H24/c1-11-6-5-7-12(2)13-10-15(3,4)14(13)9-8-11/h6,13-14H,2,5,7-10H2,1,3-4H3/b11-6+/t13-,14+/m1/s1",6429301
amyl alcohol,"InChI=1S/C5H12O/c1-2-3-4-5-6/h6H,2-5H2,1H3",6276
aristolone,"InChI=1S/C15H22O/c1-9-6-5-7-10-8-11(16)12-13(14(12,2)3)15(9,10)4/h8-9,12-13H,5-7H2,1-4H3/t9-,12-,13+,15+/m1/s1",165536
aristolone,"InChI=1S/C15H22O/c1-9-6-5-7-10-8-11(16)12-13(14(12,2)3)15(9,10)4/h8-9,12-13H,5-7H2,1-4H3",522300
aristolone,"InChI=1S/C15H22O/c1-9-6-5-7-10-8-11(16)12-13(14(12,2)3)15(9,10)4/h8-9,12-13H,5-7H2,1-4H3/t9-,12?,13?,15+/m1/s1",6432651
manool oxide,"InChI=1S/C20H34O/c1-7-18(4)13-9-16-19(5)12-8-11-17(2,3)15(19)10-14-20(16,6)21-18/h7,15-16H,1,8-14H2,2-6H3/t15?,16-,18+,19+,20-/m1/s1",17037397
manool oxide,"InChI=1S/C20H34O/c1-7-18(4)13-9-16-19(5)12-8-11-17(2,3)15(19)10-14-20(16,6)21-18/h7,15-16H,1,8-14H2,2-6H3/t15?,16?,18-,19+,20-/m0/s1",6432583
manool oxide,"InChI=1S/C20H34O/c1-7-18(4)13-9-16-19(5)12-8-11-17(2,3)15(19)10-14-20(16,6)21-18/h7,15-16H,1,8-14H2,2-6H3",518574
hexyl hexanoate,"InChI=1S/C12H24O2/c1-3-5-7-9-11-14-12(13)10-8-6-4-2/h3-11H2,1-2H3",22873
beta-cymene,"InChI=1S/C10H14/c1-8(2)10-6-4-5-9(3)7-10/h4-8H,1-3H3",10812
cyclohexane,InChI=1S/C6H12/c1-2-4-6-5-3-1/h1-6H2,8078
cadinol,"InChI=1S/C15H26O/c1-10(2)12-7-8-15(4,16)14-6-5-11(3)9-13(12)14/h9-10,12-14,16H,5-8H2,1-4H3/t12-,13?,14?,15+/m0/s1",6428423
cadinol,"InChI=1S/C15H26O/c1-10(2)12-7-8-15(4,16)14-6-5-11(3)9-13(12)14/h9-10,12-14,16H,5-8H2,1-4H3/t12-,13-,14+,15-/m1/s1",91752279
tetracosane,"InChI=1S/C24H50/c1-3-5-7-9-11-13-15-17-19-21-23-24-22-20-18-16-14-12-10-8-6-4-2/h3-24H2,1-2H3",12592
artemisia ketone,"InChI=1S/C10H16O/c1-6-10(4,5)9(11)7-8(2)3/h6-7H,1H2,2-5H3",68346
alpha-bulnesene,"InChI=1S/C15H24/c1-10(2)13-7-5-11(3)14-8-6-12(4)15(14)9-13/h12-13,15H,1,5-9H2,2-4H3/t12-,13+,15-/m0/s1",94275
acetate,"InChI=1S/C2H4O2/c1-2(3)4/h1H3,(H,3,4)/p-1",175
(e)-gamma-bisabolene,"InChI=1S/C15H24/c1-12(2)6-5-7-14(4)15-10-8-13(3)9-11-15/h6,8H,5,7,9-11H2,1-4H3/b15-14-",5352437
thujene,"InChI=1S/C10H16/c1-7(2)10-5-4-8(3)9(10)6-10/h4-5,7-9H,6H2,1-3H3",520384
trans-theaspirane,"InChI=1S/C13H22O/c1-10-6-5-8-12(3,4)13(10)9-7-11(2)14-13/h6,11H,5,7-9H2,1-4H3/t11-,13+/m1/s1",11298500
trans-theaspirane,"InChI=1S/C13H22O/c1-10-6-5-8-12(3,4)13(10)9-7-11(2)14-13/h6,11H,5,7-9H2,1-4H3/t11-,13+/m0/s1",6431226
alpha-ionone,"InChI=1S/C13H20O/c1-10-6-5-9-13(3,4)12(10)8-7-11(2)14/h6-8,12H,5,9H2,1-4H3/b8-7+",5282108
verbenol,"InChI=1S/C10H16O/c1-6-4-9(11)8-5-7(6)10(8,2)3/h4,7-9,11H,5H2,1-3H3",61126
humulene,"InChI=1S/C15H24/c1-13-7-5-8-14(2)10-12-15(3,4)11-6-9-13/h6-7,10-11H,5,8-9,12H2,1-4H3/b11-6+,13-7+,14-10+",5281520
cyclohexanone,InChI=1S/C6H10O/c7-6-4-2-1-3-5-6/h1-5H2,7967
pentadecan-2-one,"InChI=1S/C15H30O/c1-3-4-5-6-7-8-9-10-11-12-13-14-15(2)16/h3-14H2,1-2H3",61303
alpha-aromadendrene,"InChI=1S/C15H24/c1-9-6-8-12-14(15(12,3)4)13-10(2)5-7-11(9)13/h10-14H,1,5-8H2,2-4H3/t10-,11+,12?,13-,14?/m1/s1",42608156
cedrol,"InChI=1S/C15H26O/c1-10-5-6-11-13(2,3)12-9-15(10,11)8-7-14(12,4)16/h10-12,16H,5-9H2,1-4H3/t10-,11+,12-,14-,15+/m1/s1",65575
seychellene,"InChI=1S/C15H24/c1-10-5-7-14(3)11(2)12-6-8-15(14,4)13(10)9-12/h10,12-13H,2,5-9H2,1,3-4H3",519743
linalool propanoate,"InChI=1S/C14H24O2/c1-6-9-13(15)16-14(5,7-2)11-8-10-12(3)4/h7H,2-3,6,8-11H2,1,4-5H3",6431132
alpha-trans-bergamotene,"InChI=1S/C15H24/c1-11(2)6-5-9-15(4)13-8-7-12(3)14(15)10-13/h6-7,13-14H,5,8-10H2,1-4H3",86608
3-hydroxy-2-butanone,"InChI=1S/C4H8O2/c1-3(5)4(2)6/h3,5H,1-2H3",179
6-hydroxycarvotanacetone,"InChI=1S/C10H16O2/c1-6(2)8-5-4-7(3)9(11)10(8)12/h4,6,8,10,12H,5H2,1-3H3",72993385
isocomene,"InChI=1S/C15H24/c1-11-6-9-14(4)12(2)10-13(3)7-5-8-15(11,13)14/h10-11H,5-9H2,1-4H3/t11-,13+,14+,15?/m1/s1",188113
isocomene,"InChI=1S/C15H24/c1-11-6-9-14(4)12(2)10-13(3)7-5-8-15(11,13)14/h10-11H,5-9H2,1-4H3/t11-,13+,14+,15-/m0/s1",11030948
isocomene,"InChI=1S/C15H24/c1-11-6-9-14(4)12(2)10-13(3)7-5-8-15(11,13)14/h10-11H,5-9H2,1-4H3/t11-,13+,14+,15-/m1/s1",57501472
trans-calamenene,"InChI=1S/C15H22/c1-10(2)13-8-6-12(4)14-7-5-11(3)9-15(13)14/h5,7,9-10,12-13H,6,8H2,1-4H3/t12-,13+/m0/s1",6429022
iso-menthone,"InChI=1S/C10H18O/c1-7(2)9-5-4-8(3)6-10(9)11/h7-9H,4-6H2,1-3H3",6986
decylacetate,"InChI=1S/C12H24O2/c1-3-4-5-6-7-8-9-10-11-14-12(2)13/h3-11H2,1-2H3",8167
(z)-3-hexenal,"InChI=1S/C6H10O/c1-2-3-4-5-6-7/h3-4,6H,2,5H2,1H3/b4-3-",643941
beta-terpinene,"InChI=1S/C10H16/c1-8(2)10-6-4-9(3)5-7-10/h6,8H,3-5,7H2,1-2H3",66841
nonanol,"InChI=1S/C9H20O/c1-2-3-4-5-6-7-8-9-10/h10H,2-9H2,1H3",8914
2-phenethyl alcohol,"InChI=1S/C8H10O/c9-7-6-8-4-2-1-3-5-8/h1-5,9H,6-7H2",6054
heptan-2-ol,"InChI=1S/C7H16O/c1-3-4-5-6-7(2)8/h7-8H,3-6H2,1-2H3",10976
beta-guaiene,"InChI=1S/C15H24/c1-10(2)13-7-5-11(3)14-8-6-12(4)15(14)9-13/h11-12H,5-9H2,1-4H3",6949
trans-phytol,"InChI=1S/C20H40O/c1-17(2)9-6-10-18(3)11-7-12-19(4)13-8-14-20(5)15-16-21/h15,17-19,21H,6-14,16H2,1-5H3/b20-15+/t18-,19-/m1/s1",5280435
trans-linalool oxide (furanoid),"InChI=1S/C10H18O2/c1-5-10(4)7-6-8(12-10)9(2,3)11/h5,8,11H,1,6-7H2,2-4H3/t8-,10+/m0/s1",6432254
decanoic acid,"InChI=1S/C10H20O2/c1-2-3-4-5-6-7-8-9-10(11)12/h2-9H2,1H3,(H,11,12)",2969
theaspirane b,"InChI=1S/C13H22O/c1-10-6-5-8-12(3,4)13(10)9-7-11(2)14-13/h6,11H,5,7-9H2,1-4H3",61953
heptanal,"InChI=1S/C7H14O/c1-2-3-4-5-6-7-8/h7H,2-6H2,1H3",8130
methyl acetate,InChI=1S/C3H6O2/c1-3(4)5-2/h1-2H3,6584
myrtenyl acetate,"InChI=1S/C12H18O2/c1-8(13)14-7-9-4-5-10-6-11(9)12(10,2)3/h4,10-11H,5-7H2,1-3H3",61262
n-heptadecane,"InChI=1S/C17H36/c1-3-5-7-9-11-13-15-17-16-14-12-10-8-6-4-2/h3-17H2,1-2H3",12398
beta-farnesene,"InChI=1S/C15H24/c1-6-14(4)10-8-12-15(5)11-7-9-13(2)3/h6,9,12H,1,4,7-8,10-11H2,2-3,5H3/b15-12+",5281517
beta-farnesene,"InChI=1S/C15H24/c1-6-14(4)10-8-12-15(5)11-7-9-13(2)3/h6,9,12H,1,4,7-8,10-11H2,2-3,5H3/b15-12-",5317319
2-ethyl-6-methylpyrazine,"InChI=1S/C7H10N2/c1-3-7-5-8-4-6(2)9-7/h4-5H,3H2,1-2H3",26332
hexyl isovalerate,"InChI=1S/C11H22O2/c1-4-5-6-7-8-13-11(12)9-10(2)3/h10H,4-9H2,1-3H3",61455
p-methyl acetophenone,"InChI=1S/C9H10O/c1-7-3-5-9(6-4-7)8(2)10/h3-6H,1-2H3",8500
bicyclovetivenol,"InChI=1S/C15H26O/c1-10-6-5-7-11(2)14-9-12(8-13(10)14)15(3,4)16/h11-14,16H,1,5-9H2,2-4H3/t11-,12?,13?,14?/m0/s1",91748522
trans-chrysanthemal,"InChI=1S/C10H16O/c1-7(2)5-8-9(6-11)10(8,3)4/h5-6,8-9H,1-4H3/t8-,9-/m1/s1",6432223
trans-chrysanthemal,"InChI=1S/C10H16O/c1-7(2)5-8-9(6-11)10(8,3)4/h5-6,8-9H,1-4H3",579152
trans-chrysanthemal,"InChI=1S/C10H16O/c1-7(2)5-8-9(6-11)10(8,3)4/h5-6,8-9H,1-4H3/t8-,9-/m0/s1",12195837
dodecanal,"InChI=1S/C12H24O/c1-2-3-4-5-6-7-8-9-10-11-12-13/h12H,2-11H2,1H3",8194
cis-arteannuic alcohol,"InChI=1S/C15H24O/c1-10-4-6-13-11(2)5-7-14(12(3)9-16)15(13)8-10/h8,11,13-16H,3-7,9H2,1-2H3/t11-,13?,14-,15?/m0/s1",6430725
hexyl butyrate,"InChI=1S/C10H20O2/c1-3-5-6-7-9-12-10(11)8-4-2/h3-9H2,1-2H3",17525
1-hexadecanol,"InChI=1S/C16H34O/c1-2-3-4-5-6-7-8-9-10-11-12-13-14-15-16-17/h17H,2-16H2,1H3",2682
tetradecane,"InChI=1S/C14H30/c1-3-5-7-9-11-13-14-12-10-8-6-4-2/h3-14H2,1-2H3",12389
octadecanoic acid,"InChI=1S/C18H36O2/c1-2-3-4-5-6-7-8-9-10-11-12-13-14-15-16-17-18(19)20/h2-17H2,1H3,(H,19,20)",5281
geranyl 2-methylbutyrate,"InChI=1S/C15H26O2/c1-6-14(5)15(16)17-11-10-13(4)9-7-8-12(2)3/h8,10,14H,6-7,9,11H2,1-5H3/b13-10+",6437648
humulene oxide i,"InChI=1S/C15H24O/c1-12-7-5-9-14(2,3)11-13-15(4,16-13)10-6-8-12/h5,8-9,13H,6-7,10-11H2,1-4H3/b9-5-,12-8-",22559443
patchouli alcohol,"InChI=1S/C15H26O/c1-10-5-8-15(16)13(2,3)11-6-7-14(15,4)12(10)9-11/h10-12,16H,5-9H2,1-4H3/t10-,11+,12-,14-,15+/m0/s1",10955174
cis-ocimene,"InChI=1S/C10H16/c1-5-10(4)8-6-7-9(2)3/h5,7-8H,1,6H2,2-4H3/b10-8-",5320250
cis-3-hexenol,"InChI=1S/C6H12O/c1-2-3-4-5-6-7/h3-4,7H,2,5-6H2,1H3/b4-3-",5281167
7-epi-alpha-selinene,"InChI=1S/C15H24/c1-11(2)13-7-9-15(4)8-5-6-12(3)14(15)10-13/h6,13-14H,1,5,7-10H2,2-4H3/t13-,14-,15+/m0/s1",10726905
isovaleric acid,"InChI=1S/C5H10O2/c1-4(2)3-5(6)7/h4H,3H2,1-2H3,(H,6,7)",10430
benzyl butyrate,"InChI=1S/C11H14O2/c1-2-6-11(12)13-9-10-7-4-3-5-8-10/h3-5,7-8H,2,6,9H2,1H3",7650
neryl formate,"InChI=1S/C11H18O2/c1-10(2)5-4-6-11(3)7-8-13-9-12/h5,7,9H,4,6,8H2,1-3H3/b11-7-",5354882
nootkatone,"InChI=1S/C15H22O/c1-10(2)12-5-6-13-8-14(16)7-11(3)15(13,4)9-12/h8,11-12H,1,5-7,9H2,2-4H3/t11-,12-,15+/m1/s1",1268142
nootkatone,"InChI=1S/C15H22O/c1-10(2)12-5-6-13-8-14(16)7-11(3)15(13,4)9-12/h8,11-12H,1,5-7,9H2,2-4H3",20797
nootkatone,"InChI=1S/C15H22O/c1-10(2)12-5-6-13-8-14(16)7-11(3)15(13,4)9-12/h8,11-12H,1,5-7,9H2,2-4H3/t11-,12-,15+/m0/s1",7567181
nootkatone,"InChI=1S/C15H22O/c1-10(2)12-5-6-13-8-14(16)7-11(3)15(13,4)9-12/h8,11-12H,1,5-7,9H2,2-4H3/t11?,12?,15-/m0/s1",89256616
10-epi-alpha-cadinol,"InChI=1S/C15H26O/c1-10(2)12-7-8-15(4,16)14-6-5-11(3)9-13(12)14/h9-10,12-14,16H,5-8H2,1-4H3/t12-,13-,14+,15-/m0/s1",160799
methyl cyclopentane,"InChI=1S/C6H12/c1-6-4-2-3-5-6/h6H,2-5H2,1H3",7296
hexanoic acid,"InChI=1S/C6H12O2/c1-2-3-4-5-6(7)8/h2-5H2,1H3,(H,7,8)",8892
isopiperitenone,"InChI=1S/C10H14O/c1-7(2)9-5-4-8(3)6-10(9)11/h6,9H,1,4-5H2,2-3H3",79036
undecane,"InChI=1S/C11H24/c1-3-5-7-9-11-10-8-6-4-2/h3-11H2,1-2H3",14257
benzenepropanal,"InChI=1S/C9H10O/c10-8-4-7-9-5-2-1-3-6-9/h1-3,5-6,8H,4,7H2",7707
pentyl 3-methylbutyrate,"InChI=1S/C10H20O2/c1-4-5-6-7-12-10(11)8-9(2)3/h9H,4-8H2,1-3H3",95978
clovenol,"InChI=1S/C15H26O/c1-13(2)8-9-15-7-5-12(16)14(3,10-15)6-4-11(13)15/h11-12,16H,4-10H2,1-3H3/t11?,12-,14-,15+/m1/s1",91750143
pentadecanol,"InChI=1S/C15H32O/c1-2-3-4-5-6-7-8-9-10-11-12-13-14-15-16/h16H,2-15H2,1H3",12397
(z)-3-hexenyl hexanoate,"InChI=1S/C12H22O2/c1-3-5-7-9-11-14-12(13)10-8-6-4-2/h5,7H,3-4,6,8-11H2,1-2H3/b7-5-",5352543
5-methyl-3-heptanone,"InChI=1S/C8H16O/c1-4-7(3)6-8(9)5-2/h7H,4-6H2,1-3H3",7822
davanone,"InChI=1S/C15H24O2/c1-6-15(5)10-9-14(17-15)12(4)13(16)8-7-11(2)3/h6-7,12,14H,1,8-10H2,2-5H3",519782
beta-caryophyllene alcohol,"InChI=1S/C15H26O/c1-13(2)9-12-11(13)5-8-14(3)6-4-7-15(12,16)10-14/h11-12,16H,4-10H2,1-3H3",61125
methyl anthranilate,"InChI=1S/C8H9NO2/c1-11-8(10)6-4-2-3-5-7(6)9/h2-5H,9H2,1H3",8635
alpha-terpinyl formate,"InChI=1S/C11H18O2/c1-9-4-6-10(7-5-9)11(2,3)13-8-12/h4,8,10H,5-7H2,1-3H3",16537
octyl isobutyrate,"InChI=1S/C12H24O2/c1-4-5-6-7-8-9-10-14-12(13)11(2)3/h11H,4-10H2,1-3H3",61024
(e)-cinnamyl acetate,"InChI=1S/C11H12O2/c1-10(12)13-9-5-8-11-6-3-2-4-7-11/h2-8H,9H2,1H3/b8-5+",5282110
dihydro tagetone,"InChI=1S/C10H18O/c1-5-9(4)7-10(11)6-8(2)3/h5,8-9H,1,6-7H2,2-4H3",102706
trans-caryophyllene,"InChI=1S/C15H24/c1-11-6-5-7-12(2)13-10-15(3,4)14(13)9-8-11/h6,13-14H,2,5,7-10H2,1,3-4H3/b11-6+/t13-,14-/m1/s1",5281515
trans-caryophyllene,"InChI=1S/C15H24/c1-11-6-5-7-12(2)13-10-15(3,4)14(13)9-8-11/h6,13-14H,2,5,7-10H2,1,3-4H3/b11-6-/t13-,14-/m1/s1",5281522
trans-caryophyllene,"InChI=1S/C15H24/c1-11-6-5-7-12(2)13-10-15(3,4)14(13)9-8-11/h6,13-14H,2,5,7-10H2,1,3-4H3/b11-6+",5354499
trans-caryophyllene,"InChI=1S/C15H24/c1-11-6-5-7-12(2)13-10-15(3,4)14(13)9-8-11/h6,13-14H,2,5,7-10H2,1,3-4H3",26318
(e)-3-hexenol,"InChI=1S/C6H12O/c1-2-3-4-5-6-7/h3-4,7H,2,5-6H2,1H3/b4-3-",5281167
heptadecanal,"InChI=1S/C17H34O/c1-2-3-4-5-6-7-8-9-10-11-12-13-14-15-16-17-18/h17H,2-16H2,1H3",71552
9-decenol,"InChI=1S/C10H20O/c1-2-3-4-5-6-7-8-9-10-11/h2,11H,1,3-10H2",25612
terpinen-4-ol acetate,"InChI=1S/C32H46O2/c1-16-22-11-20(29(22,5)6)12-24(16)32(15-21-13-25(18(32)3)30(21,7)8)27-17(2)23-14-26(31(23,9)10)28(27)34-19(4)33/h20-21,24,26-28H,11-15H2,1-10H3",68749986
trans-sabinol,"InChI=1S/C10H16O/c1-6(2)10-4-8(10)7(3)9(11)5-10/h6,8-9,11H,3-5H2,1-2H3/t8?,9-,10+/m1/s1",6429076
santolinyl acetate,"InChI=1S/C12H20O2/c1-7-11(8-9(2)3)12(5,6)14-10(4)13/h7-8,11H,1H2,2-6H3",21630872
cycloheptatriene,"InChI=1S/C7H8/c1-2-4-6-7-5-3-1/h1-6H,7H2",11000
curzerene,"InChI=1S/C15H20O/c1-6-15(5)8-14-12(11(4)9-16-14)7-13(15)10(2)3/h6,9,13H,1-2,7-8H2,3-5H3",572766
curzerene,"InChI=1S/C15H20O/c1-6-15(5)8-14-12(11(4)9-16-14)7-13(15)10(2)3/h6,9,13H,1-2,7-8H2,3-5H3/t13-,15+/m0/s1",12305300
curzerene,"InChI=1S/C15H20O/c1-6-15(5)8-14-12(11(4)9-16-14)7-13(15)10(2)3/h6,9,13H,1-2,7-8H2,3-5H3/t13?,15-/m1/s1",5316217
curzerene,"InChI=1S/C15H20O/c1-6-15(5)8-14-12(11(4)9-16-14)7-13(15)10(2)3/h6,9,13H,1-2,7-8H2,3-5H3/t13-,15+/m1/s1",12305301
xanthorrizol,"InChI=1S/C15H22O/c1-11(2)6-5-7-12(3)14-9-8-13(4)15(16)10-14/h6,8-10,12,16H,5,7H2,1-4H3/t12-/m1/s1",93135
neo-allo-ocimene,"InChI=1S/C10H16/c1-5-10(4)8-6-7-9(2)3/h5-8H,1-4H3/b8-6+,10-5-",5371125
3-heptanone,"InChI=1S/C7H14O/c1-3-5-6-7(8)4-2/h3-6H2,1-2H3",7802
p-menth-1-ene,"InChI=1S/C10H18/c1-8(2)10-6-4-9(3)5-7-10/h4,8,10H,5-7H2,1-3H3",21671
neo-menthol,"InChI=1S/C10H20O/c1-7(2)9-5-4-8(3)6-10(9)11/h7-11H,4-6H2,1-3H3/t8-,9+,10+/m1/s1",439263
carotol,"InChI=1S/C15H26O/c1-11(2)13-7-9-14(4)8-5-12(3)6-10-15(13,14)16/h5,11,13,16H,6-10H2,1-4H3/t13-,14+,15+/m1/s1",442347
2-phenylethylacetate,"InChI=1S/C10H12O2/c1-9(11)12-8-7-10-5-3-2-4-6-10/h2-6H,7-8H2,1H3",7654
allo-aromadendrene epoxide,"InChI=1S/C15H24O/c1-9-4-5-10-12(9)13-11(14(13,2)3)6-7-15(10)8-16-15/h9-13H,4-8H2,1-3H3/t9-,10?,11-,12?,13-,15?/m0/s1",91746712
rosifoliol,"InChI=1S/C15H26O/c1-11-6-5-8-15(4)9-7-12(10-13(11)15)14(2,3)16/h10-12,16H,5-9H2,1-4H3",527256
beta-caryophyllene oxide,"InChI=1S/C15H24O/c1-10-5-6-13-15(4,16-13)8-7-12-11(10)9-14(12,2)3/h11-13H,1,5-9H2,2-4H3/t11-,12-,13-,15-/m1/s1",1742210
beta-caryophyllene oxide,"InChI=1S/C15H24O/c1-10-5-6-13-15(4,16-13)8-7-12-11(10)9-14(12,2)3/h11-13H,1,5-9H2,2-4H3",14350
thymyl acetate,"InChI=1S/C12H16O2/c1-8(2)11-6-5-9(3)7-12(11)14-10(4)13/h5-8H,1-4H3",68252
2-butanol,"InChI=1S/C4H10O/c1-3-4(2)5/h4-5H,3H2,1-2H3",6568
(e)-2-tridecenal,"InChI=1S/C13H24O/c1-2-3-4-5-6-7-8-9-10-11-12-13-14/h11-13H,2-10H2,1H3/b12-11+",5283363
premnaspirodiene,"InChI=1S/C15H24/c1-11(2)14-8-9-15(10-14)12(3)6-5-7-13(15)4/h6,13-14H,1,5,7-10H2,2-4H3/t13-,14-,15-/m1/s1",14355861
premnaspirodiene,"InChI=1S/C15H24/c1-11(2)14-8-9-15(10-14)12(3)6-5-7-13(15)4/h6,13-14H,1,5,7-10H2,2-4H3",340930
premnaspirodiene,"InChI=1S/C15H24/c1-11(2)14-8-9-15(10-14)12(3)6-5-7-13(15)4/h6,13-14H,1,5,7-10H2,2-4H3/t13-,14+,15+/m1/s1",90658578
(z)-tagetenone,"InChI=1S/C10H14O/c1-5-9(4)7-10(11)6-8(2)3/h5-7H,1H2,2-4H3/b9-7-",6428432
beta-cadinene,"InChI=1S/C15H24/c1-10(2)13-8-6-12(4)14-7-5-11(3)9-15(13)14/h5-6,10,13-15H,7-9H2,1-4H3/t13-,14-,15-/m0/s1",10657
azulene,InChI=1S/C10H8/c1-2-5-9-7-4-8-10(9)6-3-1/h1-8H,9231
n-pentadecane,"InChI=1S/C15H32/c1-3-5-7-9-11-13-15-14-12-10-8-6-4-2/h3-15H2,1-2H3",12391
isokaurene,"InChI=1S/C20H32/c1-14-12-20-11-8-16-18(2,3)9-5-10-19(16,4)17(20)7-6-15(14)13-20/h12,15-17H,5-11,13H2,1-4H3",521318
heptacosane,"InChI=1S/C27H56/c1-3-5-7-9-11-13-15-17-19-21-23-25-27-26-24-22-20-18-16-14-12-10-8-6-4-2/h3-27H2,1-2H3",11636
indole,"InChI=1S/C8H7N/c1-2-4-8-7(3-1)5-6-9-8/h1-6,9H",798
carveol,"InChI=1S/C10H16O/c1-7(2)9-5-4-8(3)10(11)6-9/h4,9-11H,1,5-6H2,2-3H3",7438
isopinocamphone,"InChI=1S/C10H16O/c1-6-8-4-7(5-9(6)11)10(8,2)3/h6-8H,4-5H2,1-3H3/t6-,7+,8-/m0/s1",84532
isopinocamphone,"InChI=1S/C10H16O/c1-6-8-4-7(5-9(6)11)10(8,2)3/h6-8H,4-5H2,1-3H3/t6-,7+,8-/m1/s1",10329459
isopinocamphone,"InChI=1S/C10H16O/c1-6-8-4-7(5-9(6)11)10(8,2)3/h6-8H,4-5H2,1-3H3/t6-,7-,8+/m1/s1",6427105
1-undecene,"InChI=1S/C11H22/c1-3-5-7-9-11-10-8-6-4-2/h3H,1,4-11H2,2H3",13190
2-phenylethylpropionate,"InChI=1S/C11H14O2/c1-2-11(12)13-9-8-10-6-4-3-5-7-10/h3-7H,2,8-9H2,1H3",31225
n-hexadecane,"InChI=1S/C16H34/c1-3-5-7-9-11-13-15-16-14-12-10-8-6-4-2/h3-16H2,1-2H3",11006
4-vinyl-2-methoxyphenol,"InChI=1S/C9H10O2/c1-3-7-4-5-8(10)9(6-7)11-2/h3-6,10H,1H2,2H3",332
trans-piperitone oxide,"InChI=1S/C10H16O2/c1-6(2)7-4-5-10(3)9(12-10)8(7)11/h6-7,9H,4-5H2,1-3H3/t7-,9-,10+/m1/s1",6430800
beta-cyclocitral,"InChI=1S/C10H16O/c1-8-5-4-6-10(2,3)9(8)7-11/h7H,4-6H2,1-3H3",9895
3-thujene,"InChI=1S/C10H16/c1-7(2)10-5-4-8(3)9(10)6-10/h4,7,9H,5-6H2,1-3H3",17868
1-octadecene,"InChI=1S/C18H36/c1-3-5-7-9-11-13-15-17-18-16-14-12-10-8-6-4-2/h3H,1,4-18H2,2H3",8217
ni,InChI=1S/Ni,935
hexacosane,"InChI=1S/C26H54/c1-3-5-7-9-11-13-15-17-19-21-23-25-26-24-22-20-18-16-14-12-10-8-6-4-2/h3-26H2,1-2H3",12407
trans-ethyl cinnamate,"InChI=1S/C11H12O2/c1-2-13-11(12)9-8-10-6-4-3-5-7-10/h3-9H,2H2,1H3/b9-8+",637758
trans-ethyl cinnamate,"InChI=1S/C11H12O2/c1-2-13-11(12)9-8-10-6-4-3-5-7-10/h3-9H,2H2,1H3/b9-8-",5284656
methyl salicylate,"InChI=1S/C8H8O3/c1-11-8(10)6-4-2-3-5-7(6)9/h2-5,9H,1H3",4133
linoleic acid,"InChI=1S/C18H32O2/c1-2-3-4-5-6-7-8-9-10-11-12-13-14-15-16-17-18(19)20/h6-7,9-10H,2-5,8,11-17H2,1H3,(H,19,20)/b7-6-,10-9-",5280450
2-methylbutanol,"InChI=1S/C5H12O/c1-3-5(2)4-6/h5-6H,3-4H2,1-2H3",8723
coumarin,InChI=1S/C9H6O2/c10-9-6-5-7-3-1-2-4-8(7)11-9/h1-6H,323
n-nonanal,"InChI=1S/C9H18O/c1-2-3-4-5-6-7-8-9-10/h9H,2-8H2,1H3",31289
2-phenylethanol,"InChI=1S/C8H10O/c9-7-6-8-4-2-1-3-5-8/h1-5,9H,6-7H2",6054
lavandulyl isovalerate,"InChI=1S/C15H26O2/c1-11(2)7-8-14(13(5)6)10-17-15(16)9-12(3)4/h7,12,14H,5,8-10H2,1-4,6H3",527271
lavandulyl isovalerate,"InChI=1S/C15H26O2/c1-11(2)7-8-14(13(5)6)10-17-15(16)9-12(3)4/h7,12,14H,5,8-10H2,1-4,6H3/t14-/m0/s1",91694932
(e)-citronellyl tiglate,"InChI=1S/C15H26O2/c1-6-14(5)15(16)17-11-10-13(4)9-7-8-12(2)3/h6,8,13H,7,9-11H2,1-5H3/b14-6+",6386037
epi-bicyclosesquiphellandrene,"InChI=1S/C15H24/c1-10(2)13-8-6-12(4)14-7-5-11(3)9-15(13)14/h9-10,12-14H,3,5-8H2,1-2,4H3/t12-,13+,14?/m0/s1",91747125
myrcenol,"InChI=1S/C10H18O/c1-5-9(2)7-6-8-10(3,4)11/h5,11H,1-2,6-8H2,3-4H3",10975
6-pentyl-alpha-pyrone,"InChI=1S/C10H14O2/c1-2-3-4-6-9-7-5-8-10(11)12-9/h5,7-8H,2-4,6H2,1H3",33960
trans-thujone,"InChI=1S/C10H16O/c1-6(2)10-4-8(10)7(3)9(11)5-10/h6-8H,4-5H2,1-3H3/t7-,8+,10-/m0/s1",91456
chamazulene,"InChI=1S/C14H16/c1-4-12-7-5-10(2)13-8-6-11(3)14(13)9-12/h5-9H,4H2,1-3H3",10719
ar-turmerol,"InChI=1S/C15H22O/c1-11(2)9-15(16)10-13(4)14-7-5-12(3)6-8-14/h5-9,13,15-16H,10H2,1-4H3",5315469
13-tetradecanolide,"InChI=1S/C14H26O2/c1-13-11-9-7-5-3-2-4-6-8-10-12-14(15)16-13/h13H,2-12H2,1H3",543405
elsholtzia ketone,"InChI=1S/C10H14O2/c1-7(2)6-9(11)10-8(3)4-5-12-10/h4-5,7H,6H2,1-3H3",521240
3-methylbutyl hexanoate,"InChI=1S/C11H22O2/c1-4-5-6-7-11(12)13-9-8-10(2)3/h10H,4-9H2,1-3H3",16617
nerolidyl acetate,"InChI=1S/C17H28O2/c1-7-17(6,19-16(5)18)13-9-12-15(4)11-8-10-14(2)3/h7,10,12H,1,8-9,11,13H2,2-6H3/b15-12+",5363426
ethylbenzene,"InChI=1S/C8H10/c1-2-8-6-4-3-5-7-8/h3-7H,2H2,1H3",7500
p-cresol,"InChI=1S/C7H8O/c1-6-2-4-7(8)5-3-6/h2-5,8H,1H3",2879
n-nonadecane,"InChI=1S/C19H40/c1-3-5-7-9-11-13-15-17-19-18-16-14-12-10-8-6-4-2/h3-19H2,1-2H3",12401
gossonorol,"InChI=1S/C15H22O/c1-12(2)6-5-11-15(4,16)14-9-7-13(3)8-10-14/h6-10,16H,5,11H2,1-4H3",185199
(z)-myroxide,"InChI=1S/C10H16O/c1-5-8(2)6-7-9-10(3,4)11-9/h5-6,9H,1,7H2,2-4H3/b8-6-",14701631
apiole,"InChI=1S/C12H14O4/c1-4-5-8-6-9(13-2)11-12(10(8)14-3)16-7-15-11/h4,6H,1,5,7H2,2-3H3",10659
alpha-farnesene,"InChI=1S/C15H24/c1-6-14(4)10-8-12-15(5)11-7-9-13(2)3/h6,9-10,12H,1,7-8,11H2,2-5H3/b14-10+,15-12+",5281516
benzyl nonanoate,"InChI=1S/C16H24O2/c1-2-3-4-5-6-10-13-16(17)18-14-15-11-8-7-9-12-15/h7-9,11-12H,2-6,10,13-14H2,1H3",80960
6-methyl-5-hepten-2-ol,"InChI=1S/C8H16O/c1-7(2)5-4-6-8(3)9/h5,8-9H,4,6H2,1-3H3",20745
n-heneicosane,"InChI=1S/C21H44/c1-3-5-7-9-11-13-15-17-19-21-20-18-16-14-12-10-8-6-4-2/h3-21H2,1-2H3",12403
germacrene-d-4-ol,"InChI=1S/C15H26O/c1-12(2)14-8-7-13(3)6-5-10-15(4,16)11-9-14/h6,9,11-12,14,16H,5,7-8,10H2,1-4H3/b11-9+,13-6+",5352847
alpha-alaskene,"InChI=1S/C15H24/c1-11(2)14-6-5-13(4)15(14)9-7-12(3)8-10-15/h7,13H,5-6,8-10H2,1-4H3/t13-,15?/m0/s1",6428487
(e)-ligustilide,"InChI=1S/C12H14O2/c1-2-3-8-11-9-6-4-5-7-10(9)12(13)14-11/h5,7-8H,2-4,6H2,1H3/b11-8+",5877292
butyl benzoate,"InChI=1S/C11H14O2/c1-2-3-9-13-11(12)10-7-5-4-6-8-10/h4-8H,2-3,9H2,1H3",8698
cnidilide,"InChI=1S/C12H18O2/c1-2-3-8-11-9-6-4-5-7-10(9)12(13)14-11/h5,7,9-11H,2-4,6,8H2,1H3/t9-,10+,11-/m0/s1",160710
(e)-2-hexenol,"InChI=1S/C6H12O/c1-2-3-4-5-6-7/h4-5,7H,2-3,6H2,1H3/b5-4+",5318042
menthyl isovalerate,"InChI=1S/C15H28O2/c1-10(2)8-15(16)17-14-9-12(5)6-7-13(14)11(3)4/h10-14H,6-9H2,1-5H3",565690
hexyl octanoate,"InChI=1S/C14H28O2/c1-3-5-7-9-10-12-14(15)16-13-11-8-6-4-2/h3-13H2,1-2H3",14228
geraniol (e),"InChI=1S/C10H18O/c1-9(2)5-4-6-10(3)7-8-11/h5,7,11H,4,6,8H2,1-3H3/b10-7+",637566
heptadecene,"InChI=1S/C17H34/c1-3-5-7-9-11-13-15-17-16-14-12-10-8-6-4-2/h3H,1,4-17H2,2H3",23217
2-dodecanone,"InChI=1S/C12H24O/c1-3-4-5-6-7-8-9-10-11-12(2)13/h3-11H2,1-2H3",22556
sabinene hydrate,"InChI=1S/C10H18O/c1-7(2)10-5-4-9(3,11)8(10)6-10/h7-8,11H,4-6H2,1-3H3",62367
sabinene hydrate,"InChI=1S/C10H18O/c1-7(2)10-5-4-9(3,11)8(10)6-10/h7-8,11H,4-6H2,1-3H3/t8-,9-,10-/m1/s1",11744854
sabinene hydrate,"InChI=1S/C10H18O/c1-7(2)10-5-4-9(3,11)8(10)6-10/h7-8,11H,4-6H2,1-3H3/t8-,9+,10+/m0/s1",439727
sabinene hydrate,"InChI=1S/C10H18O/c1-7(2)10-5-4-9(3,11)8(10)6-10/h7-8,11H,4-6H2,1-3H3/t8-,9-,10?/m0/s1",12315154
sabinene hydrate,"InChI=1S/C10H18O/c1-7(2)10-5-4-9(3,11)8(10)6-10/h7-8,11H,4-6H2,1-3H3/t8-,9?,10-/m0/s1",67159878
salicylaldehyde,"InChI=1S/C7H6O2/c8-5-6-3-1-2-4-7(6)9/h1-5,9H",6998
dill apiole,"InChI=1S/C12H14O4/c1-4-5-8-6-9-11(16-7-15-9)12(14-3)10(8)13-2/h4,6H,1,5,7H2,2-3H3",10231
o-cymene,"InChI=1S/C10H14/c1-8(2)10-7-5-4-6-9(10)3/h4-8H,1-3H3",10703
ethyl tetradecanoate,"InChI=1S/C16H32O2/c1-3-5-6-7-8-9-10-11-12-13-14-15-16(17)18-4-2/h3-15H2,1-2H3",31283
cis-jasmone,"InChI=1S/C11H16O/c1-3-4-5-6-10-9(2)7-8-11(10)12/h4-5H,3,6-8H2,1-2H3/b5-4-",1549018
(z)-alpha-santalol,"InChI=1S/C15H24O/c1-10(9-16)5-4-6-14(2)11-7-12-13(8-11)15(12,14)3/h5,11-13,16H,4,6-9H2,1-3H3/b10-5-/t11?,12-,13+,14-,15?/m1/s1",11085337
(z)-alpha-santalol,"InChI=1S/C15H24O/c1-10(9-16)5-4-6-14(2)11-7-12-13(8-11)15(12,14)3/h5,11-13,16H,4,6-9H2,1-3H3/b10-5-/t11?,12?,13?,14-,15?/m1/s1",6857559
(z)-alpha-santalol,"InChI=1S/C15H24O/c1-10(9-16)5-4-6-14(2)11-7-12-13(8-11)15(12,14)3/h5,11-13,16H,4,6-9H2,1-3H3/b10-5-",5281531
(z)-alpha-santalol,"InChI=1S/C15H24O/c1-10(9-16)5-4-6-14(2)11-7-12-13(8-11)15(12,14)3/h5,11-13,16H,4,6-9H2,1-3H3/b10-5-/t11?,12-,13?,14+,15?/m0/s1",24832102
methyl isovalerate,"InChI=1S/C6H12O2/c1-5(2)4-6(7)8-3/h5H,4H2,1-3H3",11160
trans-sabinyl acetate,"InChI=1S/C12H18O2/c1-7(2)12-5-10(12)8(3)11(6-12)14-9(4)13/h7,10-11H,3,5-6H2,1-2,4H3/t10?,11-,12+/m0/s1",6430313
cis-chrysanthenol,"InChI=1S/C10H16O/c1-6-4-5-7-9(11)8(6)10(7,2)3/h4,7-9,11H,5H2,1-3H3",527032
2-octanone,"InChI=1S/C8H16O/c1-3-4-5-6-7-8(2)9/h3-7H2,1-2H3",8093
cis-verbenol,"InChI=1S/C10H16O/c1-6-4-9(11)8-5-7(6)10(8,2)3/h4,7-9,11H,5H2,1-3H3/t7-,8+,9-/m0/s1",87839
cis-verbenol,"InChI=1S/C10H16O/c1-6-4-9(11)8-5-7(6)10(8,2)3/h4,7-9,11H,5H2,1-3H3/t7-,8+,9-/m1/s1",164888
cis-verbenol,"InChI=1S/C10H16O/c1-6-4-9(11)8-5-7(6)10(8,2)3/h4,7-9,11H,5H2,1-3H3/t7-,8+,9?/m0/s1",10975683
ethylacetate,"InChI=1S/C4H8O2/c1-3-6-4(2)5/h3H2,1-2H3",8857
3-thujopsanone,"InChI=1S/C15H24O/c1-10-11-8-15(11)13(2,3)6-5-7-14(15,4)9-12(10)16/h10-11H,5-9H2,1-4H3/t10-,11-,14-,15-/m0/s1",13893399
1-phenylethanol,"InChI=1S/C8H10O/c1-7(9)8-5-3-2-4-6-8/h2-7,9H,1H3",7409
beta-fenchol,"InChI=1S/C10H18O/c1-9(2)7-4-5-10(3,6-7)8(9)11/h7-8,11H,4-6H2,1-3H3/t7-,8+,10+/m0/s1",6973643
beta-fenchol,"InChI=1S/C10H18O/c1-9(2)7-4-5-10(3,6-7)8(9)11/h7-8,11H,4-6H2,1-3H3/t7-,8-,10+/m1/s1",439711
sabinol,"InChI=1S/C10H16O/c1-6(2)10-4-8(10)7(3)9(11)5-10/h6,8-9,11H,3-5H2,1-2H3/t8-,9-,10+/m1/s1",94147
sabinol,"InChI=1S/C10H16O/c1-6(2)10-4-8(10)7(3)9(11)5-10/h6,8-9,11H,3-5H2,1-2H3/t8?,9-,10?/m1/s1",42626428
sabinol,"InChI=1S/C10H16O/c1-6(2)10-4-8(10)7(3)9(11)5-10/h6,8-9,11H,3-5H2,1-2H3",564260
sabinol,"InChI=1S/C10H16O/c1-6(2)10-4-8(10)7(3)9(11)5-10/h6,8-9,11H,3-5H2,1-2H3/t8-,9-,10+/m0/s1",12315159
bornyl formate,"InChI=1S/C11H18O2/c1-10(2)8-4-5-11(10,3)9(6-8)13-7-12/h7-9H,4-6H2,1-3H3",518472
2-methylpropan-1-ol,"InChI=1S/C4H10O/c1-4(2)3-5/h4-5H,3H2,1-2H3",6560
caryophyllenyl alcohol,"InChI=1S/C15H26O/c1-10-6-8-14(16)11(2)5-7-13-12(10)9-15(13,3)4/h5,10,12-14,16H,6-9H2,1-4H3/b11-5-",91704770
1-octanol,"InChI=1S/C8H18O/c1-2-3-4-5-6-7-8-9/h9H,2-8H2,1H3",957
y-curcumenal,"InChI=1S/C15H20O/c1-12-7-9-15(10-8-12)14(3)6-4-5-13(2)11-16/h4-5,7-11,13-14H,6H2,1-3H3/b5-4+",91747206
citronellic acid,"InChI=1S/C10H18O2/c1-8(2)5-4-6-9(3)7-10(11)12/h5,9H,4,6-7H2,1-3H3,(H,11,12)",10402
beta-himachalene,"InChI=1S/C15H24/c1-11-7-8-13-12(2)6-5-9-15(3,4)14(13)10-11/h10,14H,5-9H2,1-4H3",15095
ethyl hexadecanoate,"InChI=1S/C18H36O2/c1-3-5-6-7-8-9-10-11-12-13-14-15-16-17-18(19)20-4-2/h3-17H2,1-2H3",12366
linalyl propionate,"InChI=1S/C13H22O2/c1-6-12(14)15-13(5,7-2)10-8-9-11(3)4/h7,9H,2,6,8,10H2,1,3-5H3",61098
undecanone,"InChI=1S/C11H22O/c1-3-4-5-6-7-8-9-10-11(2)12/h3-10H2,1-2H3",8163
benzocyclobutane,"InChI=1S/C8H8/c1-2-4-8-6-5-7(8)3-1/h1-4H,5-6H2",69667
epizonarene,"InChI=1S/C15H24/c1-10(2)13-8-6-12(4)14-7-5-11(3)9-15(13)14/h9-10,12,14H,5-8H2,1-4H3",595385
cinnamyl isovalerate,"InChI=1S/C14H18O2/c1-12(2)11-14(15)16-10-6-9-13-7-4-3-5-8-13/h3-9,12H,10-11H2,1-2H3/b9-6+",5355855
cinnamyl isovalerate,"InChI=1S/C14H18O2/c1-12(2)11-14(15)16-10-6-9-13-7-4-3-5-8-13/h3-9,12H,10-11H2,1-2H3",61091
cinnamyl isovalerate,"InChI=1S/C14H18O2/c1-12(2)11-14(15)16-10-6-9-13-7-4-3-5-8-13/h3-9,12H,10-11H2,1-2H3/b9-6-",24884265
dodecane,"InChI=1S/C12H26/c1-3-5-7-9-11-12-10-8-6-4-2/h3-12H2,1-2H3",8182
t-cadinol,"InChI=1S/C15H26O/c1-10(2)12-7-8-15(4,16)14-6-5-11(3)9-13(12)14/h9-10,12-14,16H,5-8H2,1-4H3/t12-,13-,14+,15-/m0/s1",160799
lavandulyl acetate,"InChI=1S/C12H20O2/c1-9(2)6-7-12(10(3)4)8-14-11(5)13/h6,12H,3,7-8H2,1-2,4-5H3",30247
trans-dihydrocarvone,"InChI=1S/C10H16O/c1-7(2)9-5-4-8(3)10(11)6-9/h8-9H,1,4-6H2,2-3H3/t8-,9+/m1/s1",443181
trans-dihydrocarvone,"InChI=1S/C10H16O/c1-7(2)9-5-4-8(3)10(11)6-9/h8-9H,1,4-6H2,2-3H3/t8-,9-/m0/s1",443183
(e)-alpha-bisabolene,"InChI=1S/C15H24/c1-12(2)6-5-7-14(4)15-10-8-13(3)9-11-15/h6-8,15H,5,9-11H2,1-4H3/b14-7+",5315468
isobazzanene,"InChI=1S/C15H24/c1-12-7-10-15(4,11-8-12)13-6-5-9-14(13,2)3/h6-7H,5,8-11H2,1-4H3/t15-/m0/s1",14830703
isobazzanene,"InChI=1S/C15H24/c1-12-7-10-15(4,11-8-12)13-6-5-9-14(13,2)3/h6-7H,5,8-11H2,1-4H3",14830702
myristyl acetate,"InChI=1S/C16H32O2/c1-3-4-5-6-7-8-9-10-11-12-13-14-15-18-16(2)17/h3-15H2,1-2H3",12531
nopinone,"InChI=1S/C9H14O/c1-9(2)6-3-4-8(10)7(9)5-6/h6-7H,3-5H2,1-2H3",32735
perillene,"InChI=1S/C10H14O/c1-9(2)4-3-5-10-6-7-11-8-10/h4,6-8H,3,5H2,1-2H3",68316
p-cymene-8-ol,"InChI=1S/C10H14O/c1-8-4-6-9(7-5-8)10(2,3)11/h4-7,11H,1-3H3",14529
epi-13-manoyl oxide,"InChI=1S/C20H34O/c1-7-18(4)13-9-16-19(5)12-8-11-17(2,3)15(19)10-14-20(16,6)21-18/h7,15-16H,1,8-14H2,2-6H3/t15-,16+,18-,19-,20+/m0/s1",6432025
geranyl isobutyrate,"InChI=1S/C14H24O2/c1-11(2)7-6-8-13(5)9-10-16-14(15)12(3)4/h7,9,12H,6,8,10H2,1-5H3/b13-9+",6086514
epi-beta-santalene,"InChI=1S/C15H24/c1-11(2)6-5-9-15(4)12(3)13-7-8-14(15)10-13/h6,13-14H,3,5,7-10H2,1-2,4H3/t13-,14+,15-/m1/s1",11106484
phenyl acetaldehyde,"InChI=1S/C8H8O/c9-7-6-8-4-2-1-3-5-8/h1-5,7H,6H2",998
methyl geranate,"InChI=1S/C11H18O2/c1-9(2)6-5-7-10(3)8-11(12)13-4/h6,8H,5,7H2,1-4H3/b10-8+",5365910
"(e)-2,2-decenal",,
fenchene,,
cis-alpha-bergamotene,,
terpinolene+p-cymenene,,
14-hydroxy-9-epi-beta-caryophyllene,,
(e)-2-hexyl butyrate,,
Sesquiterpene alcohol,,
14-hydroxy-alpha-muurolene,,
z -thujenol,,
"muurola-4,9-dien-15-ol",,
dihydroisochromolaenin,,
"p-menthalpha-1,5-dien-8-ol",,
not identified,,
prococene-ii,,
unknown 6,,
neryl tiglate,,
carophyllene oxide,,
2-phenylethylisovalerate,,
alpha- humulene,,
exo-2-hydroxycineoleacetate,,
shybunol,,
"1,3,8-alpha-epi-cubenol",,
allo-aromadandrene,,
trans-dihydrocarvyl acetate,,
elemol/hedycaryol,,
"p-mentha-1(7),8-dien-ol",,
phenolic alkanone(4),,
delta-muurolene,,
sabinyl-2-methylbutyrate,,
ethyl-9-hexadecenoated,,
iso-menthol,,
"1,8 cineole",,
atlantone,,
cis-beta-guaiene,,
p-menth-1-en-8-yl-acetate,,
"eremophila-1(10),8,1-triene",,
"1,2-benzenedicarboxylic acid",,
"(z,z)-octadeca-9,12-dienoic acid",,
viridiflororene,,
caryophyllenol-i,,
e-2-undecenol,,
"p-mentha-1,3-dien-7-al",,
beta-cedreneepoxide,,
epoxy-allo-aromadendrene,,
"(2,4)-nonadienal",,
beta-phenyl-ethyl acetate,,
gamma-amorphene,,
"4-isopropyl-6-methyl-1,2,3,4-tetrahydronaphthalen-1-one",,
"1,5-epoxy-salvial(4)14-ene",,
"4a-beta,7-alpha,7a-beta-nepetalactone",,
beta-dihydroagarofuran,,
terpinen-4-yl-acetate,,
"6-metyl-3,5-heptadien-2-one",,
selenine derivative,,
cis-chrysanthenylformate,,
"cadina-1,4-diene+alpha-calacorene",,
humulene epoxide-ii,,
delta-cardinene,,
"cadina-4,1(10)-dien-8 beta-ol",,
"selina-4,11-diene",,
"p-menthalpha-1(7),5-dien-2-ol",,
"cis-muurola-4(15),5-diene",,
"6-alpha-hydroxygermacra-1(10),4-diene",,
beta-phellandrene+limonene,,
(z)-nuciferol,,
bergamale,,
alpha-copane,,
cis-carvylacetate,,
alkane and alkene,,
devanone,,
2-tridecanonene,,
sesquiterpene hydrocarbons,,
trans-beta-elemenone,,
methyl-2-phenylacetate,,
thymyl-2-methylbutyrate,,
sapthulenol,,
(e)-foeniculin,,
#NAME?,,
"2,6-dimethyl-3(e),5(e),7-octatrien-2-ol",,
tepinolene,,
artemisiaacetate,,
"5-(3-furyl),2-methyl-1-penten-3-ol",,
alpha-campholenicaldehyde,,
hexyl-2-methyl butyrate,,
"6-methyl-3,5-heptadien-2-one",,
cis-muurol-5-en-4-betalpha-ol,,
alpha-campholena,,
cis-pelemenone,,
methyl (z)-3-dodecenoate,,
isophytol+phytol,,
geranyl-2-methylbutyrate,,
"2-methyl-6-methylene-3,7-octadien-2-ol",,
"eudesma-4(15),7-dien-4-beta-ol",,
"cis-p-mentha-1,8-dien-6-ol",,
limonene+beta-phellandrene,,
"2,4,6-trimethylbenzene",,
"1,5-epoxy-salvial-4(14)-ene",,
beta-sanatalene,,
"3-ethyl-3,5-dimethylpyrazine",,
"cis-mentha-1(7),8-dien-2-ol",,
(e)-beta- ocimene,,
caratoly,,
(Z)-Verbenol,,
linalool oxide,,
"(e,z)-2,4-hexadienal",,
traces,,
(z)-alpha-trans-bergamotol,,
methyl thymolmethyl ether,,
"1-(e,z)-3,5-undecatriene",,
(e)-cinnamyl valerate,,
cis-limoneneoxide,,
"caryophylla-2(12),6-dien-5alpha-ol (=caryophyllenol i)",,
(e)-sesquilavandulylacetate,,
"1,10-diepicubenol",,
7-isobutyryloxythymolisobutyrate,,
"2,6-dimethyl-1,3(e),s(z),7-octatetraene",,
monoterpenes hydrocarbons,,
neo-3-thujanyl acetate,,
"guaiol isomer f,g",,
"4,3,4-trimetylbenzaldehyde",,
mint sulfide,,
cis-carvylpropionate,,
14-hydroxy-beta-caryophyllene,,
phenylacetaldehydeb,,
5-epi-paradisiol,,
"2,3,4-trimethylbenzaldehyde",,
"acora-3,5-diene-11-ol",,
"cis-p-mentha-1(7),8-dien-2-ol",,
alpha-terpineol/borneol,,
cis-calamene,,
palsutrol,,
(e)-1-propenyl methyl trisulfide,,
alpha-phellandrene epoxide,,
"trans-muurola-3,5-diene",,
"1,10-di-epi-cubenol",,
beta-curcumine,,
(e)-nerolidol acetate,,
beta-dodecalactone,,
"1,2-dimethylbenzene",,
yperene,,
trans-mentha-1(7)8-dien-2-ol,,
globulol+unknown,,
isoamyl isovlerate,,
"9,12-octadecadienoic acid",,
"caryophylla-4(14),8(15)-diene-5-alpha-ol",,
trans-chrysanthenol,,
"2,4-dimethylphenol",,
"p-mentha-1,7(8)-diene",,
(z)-chrysanthenyl acetate,,
"(e)-2,(z)-6-decadienal",,
phytol isomer,,
(z)-isosafrole,,
calacorene,,
longiciclene,,
"dehydro-1,8-cineole",,
epi-zonarene,,
(e)-theaspirane,,
gamma-epi-eudesmol,,
octaciosane,,
linaiooi,,
1-methyl-4-heptenol,,
(e)-2-caren-4-ol,,
trans linalool oxide,,
2-methylbutylisobutyrate,,
beta-atlantol,,
dimethoxyencecalin,,
######alpha-calacorene,,
(z)-2-heptenylacetate,,
8-hydroxy bicyclogermacrene*,,
cubenen-11-ol,,
"caryophylla-2(12),6-diene-5-beta-ol",,
diterpenes,,
10-hydroxy cadin-4-ene-3-one,,
"(z,z)-alpha-farnesene",,
epi-1-cubenol,,
5-undecanole,,
"cis-muurola-3,5-diene",,
delta-pinene,,
di-epi-alpha-cedrene,,
"selina-3,7(11)-diene",,
junipercamphor,,
propyl sovalerate,,
4-methylthiobutyl isothiocynate,,
alpha-calacorene+n.i. m+220,,
ethyl hydroquinone,,
7-alpha-h-silphiperphol-5-ene,,
cis-beta-terpineold,,
"caryophylla-alpha-4(14),8(15)-diene-5-beta-ol",,
Sabiene,,
1-(methyl)-naphthalene,,
"(e,z)-2,4-decadienal",,
(z)-p-ocimene,,
humulene epoxide-iii,,
trans-limonene oxide,,
trans -beta-caryophyllene,,
##-cadinol,,
Methanoazulene,,
furapelargone a,,
alpha-selina-11-en-4-ol,,
cedren-8-en-9-alpha-ol,,
10-epi- gamma-eudesmol,,
4-methylene-isophorone,,