OPSIN_name	OPSIN_inchis	OPSIN_comments
cryptone		cryptone is unparsable due to the following being uninterpretable: cryptone The following was not parseable: cryptone
beta-santalene		beta-santalene is unparsable due to the following being uninterpretable: beta-santalene The following was not parseable: santalene
dodecenyl acetate	InChI=1/C14H26O2/c1-3-4-5-6-7-8-9-10-11-12-13-16-14(2)15/h12-13H,3-11H2,1-2H3	
hexadecane	InChI=1/C16H34/c1-3-5-7-9-11-13-15-16-14-12-10-8-6-4-2/h3-16H2,1-2H3	
sclareol		sclareol is unparsable due to the following being uninterpretable: sclareol The following was not parseable: sclareol
menthofuran		menthofuran is unparsable due to the following being uninterpretable: menthofuran The following was not parseable: furan
(e)-2,2-decenal		(e)-2,2-decenal'' is unparsable due to the following being uninterpretable: ''(e)-2,2-decenal'' The following was not parseable: ''(e)-2,2-decenal''
alpha-fenchyl acetate		alpha-fenchyl acetate is unparsable due to the following being uninterpretable: alpha-fenchyl acetate The following was not parseable: fenchyl acetate
caryophylladienol		caryophylladienol is unparsable due to the following being uninterpretable: caryophylladienol The following was not parseable: yophylladienol
fenchene		fenchene is unparsable due to the following being uninterpretable: fenchene The following was not parseable: fenchene
o-menth-8-ene	InChI=1/C10H18/c1-8(2)10-7-5-4-6-9(10)3/h9-10H,1,4-7H2,2-3H3	
cis-alpha-bergamotene		cis-alpha-bergamotene is unparsable due to the following being uninterpretable: cis-alpha-bergamotene The following was not parseable: bergamotene
Dehydrotremetone		Dehydrotremetone is unparsable due to the following being uninterpretable: tremetone The following was not parseable: tremetone
cumin aldehyde	InChI=1/C10H12O/c1-8(2)10-5-3-9(7-11)4-6-10/h3-8H,1-2H3	
2-dodecenal	InChI=1/C12H22O/c1-2-3-4-5-6-7-8-9-10-11-12-13/h10-12H,2-9H2,1H3	
terpin-4-ol		terpin-4-ol is unparsable due to the following being uninterpretable: terpin-4-ol The following was not parseable: ol
calamusenone		calamusenone is unparsable due to the following being uninterpretable: calamusenone The following was not parseable: calamusenone
pentadecane	InChI=1/C15H32/c1-3-5-7-9-11-13-15-14-12-10-8-6-4-2/h3-15H2,1-2H3	
terpinolene+p-cymenene		terpinolene+p-cymenene is unparsable due to the following being uninterpretable: terpinolene+p-cymenene The following was not parseable: olene+p-cymenene
14-hydroxy-9-epi-beta-caryophyllene		14-hydroxy-9-epi-beta-caryophyllene is unparsable due to the following being uninterpretable: 9-epi-beta-caryophyllene The following was not parseable: pi-beta-caryophyllene
cedr-8(15)-en-9-ol		cedr-8(15)-en-9-ol is unparsable due to the following being uninterpretable: cedr-8(15)-en-9-ol The following was not parseable: cedr-8(15)-en-9-ol
trans-linalool oxide		Could not find bond that: <stereoChemistry type="cisOrTrans" value="trans" subsequentUnsemanticToken="-">trans</stereoChemistry> could refer unambiguously to
octadecane	InChI=1/C18H38/c1-3-5-7-9-11-13-15-17-18-16-14-12-10-8-6-4-2/h3-18H2,1-2H3	
(e)-2-hexyl butyrate		Could not find bond that: <stereoChemistry type="EorZ" value="E">e</stereoChemistry> was referring to
Sesquiterpene alcohol		Sesquiterpene alcohol is unparsable due to the following being uninterpretable: Sesquiterpene alcohol The following was not parseable: pene alcohol
isoborneol		isoborneol is unparsable due to the following being uninterpretable: isoborneol The following was not parseable: borneol
14-hydroxy-alpha-muurolene		14-hydroxy-alpha-muurolene is unparsable due to the following being uninterpretable: alpha-muurolene The following was not parseable: muurolene
(z)-cinnamyl acetate	InChI=1/C11H12O2/c1-10(12)13-9-5-8-11-6-3-2-4-7-11/h2-8H,9H2,1H3/b8-5-	
z -thujenol		Could not find bond that: <stereoChemistry type="EorZ" subsequentUnsemanticToken="-" value="Z">z</stereoChemistry> was referring to
hexahydrofarnesylacetone		Cannot find ring for hydro substituent to apply to
oleic acid	InChI=1/C18H34O2/c1-2-3-4-5-6-7-8-9-10-11-12-13-14-15-16-17-18(19)20/h9-10H,2-8,11-17H2,1H3,(H,19,20)/b10-9-/f/h19H	
methyl chavicol	InChI=1/C10H12O/c1-3-4-9-5-6-10(11)8(2)7-9/h3,5-7,11H,1,4H2,2H3	
muurola-4,9-dien-15-ol		muurola-4,9-dien-15-ol'' is unparsable due to the following being uninterpretable: ''muurola-4,9-dien-15-ol'' The following was not parseable: ''muurola-4,9-dien-15-ol''
germacrene-d		germacrene-d is unparsable due to the following being uninterpretable: germacrene-d The following was not parseable: crene-d
(e)-2-decenal	InChI=1/C10H18O/c1-2-3-4-5-6-7-8-9-10-11/h8-10H,2-7H2,1H3/b9-8+	
2-heptanol	InChI=1/C7H16O/c1-3-4-5-6-7(2)8/h7-8H,3-6H2,1-2H3	
dihydroisochromolaenin		dihydroisochromolaenin is unparsable due to the following being uninterpretable: isochromolaenin The following was not parseable: chromolaenin
p-menthalpha-1,5-dien-8-ol		p-menthalpha-1,5-dien-8-ol'' is unparsable due to the following being uninterpretable: ''p-menthalpha-1,5-dien-8-ol'' The following was not parseable: ''p-menthalpha-1,5-dien-8-ol''
not identified		not identified is unparsable due to the following being uninterpretable: not identified The following was not parseable: not identified
(e)-beta-ionone		(e)-beta-ionone is unparsable due to the following being uninterpretable: (e)-beta-ionone The following was not parseable: ionone
prococene-ii		prococene-ii is unparsable due to the following being uninterpretable: prococene-ii The following was not parseable: prococene-ii
ethyl linoleate	InChI=1/C20H36O2/c1-3-5-6-7-8-9-10-11-12-13-14-15-16-17-18-19-20(21)22-4-2/h8-9,11-12H,3-7,10,13-19H2,1-2H3/b9-8-,12-11-	
phenyl ethyl alcohol	InChI=1/C8H10O/c9-7-6-8-4-2-1-3-5-8/h1-5,9H,6-7H2	
unknown 6		unknown 6 is unparsable due to the following being uninterpretable: unknown 6 The following was not parseable: unknown 6
hexyl tiglate	InChI=1/C11H20O2/c1-4-6-7-8-9-13-11(12)10(3)5-2/h5H,4,6-9H2,1-3H3/b10-5+	
beta-cedrene		beta-cedrene is unparsable due to the following being uninterpretable: beta-cedrene The following was not parseable: cedrene
falcarinol		falcarinol is unparsable due to the following being uninterpretable: falcarinol The following was not parseable: falcarinol
germacrene a		germacrene a is unparsable due to the following being uninterpretable: germacrene a The following was not parseable: crene a
isocaryophyllene oxide		isocaryophyllene oxide is unparsable due to the following being uninterpretable: isocaryophyllene oxide The following was not parseable: caryophyllene oxide
benzyl alcohol	InChI=1/C7H8O/c8-6-7-4-2-1-3-5-7/h1-5,8H,6H2	
neryl tiglate	InChI=1/C15H24O2/c1-6-14(5)15(16)17-11-10-13(4)9-7-8-12(2)3/h6,8,10H,7,9,11H2,1-5H3/b13-10-,14-6+	
carophyllene oxide		carophyllene oxide is unparsable due to the following being uninterpretable: carophyllene oxide The following was not parseable: phyllene oxide
cis-beta-ocimene		Could not find bond that: <stereoChemistry type="cisOrTrans" value="cis" subsequentUnsemanticToken="-">cis</stereoChemistry> could refer unambiguously to
2-phenylethylisovalerate	InChI=1/C13H18O2/c1-11(2)10-13(14)15-9-8-12-6-4-3-5-7-12/h3-7,11H,8-10H2,1-2H3	
alpha- humulene		alpha- humulene is unparsable due to the following being uninterpretable: alpha- humulene The following was not parseable: humulene
2-undecanone	InChI=1/C11H22O/c1-3-4-5-6-7-8-9-10-11(2)12/h3-10H2,1-2H3	
exo-2-hydroxycineoleacetate		exo-2-hydroxycineoleacetate is unparsable due to the following being uninterpretable: cineoleacetate The following was not parseable: cineoleacetate
alpha-bisabolene		alpha-bisabolene is unparsable due to the following being uninterpretable: alpha-bisabolene The following was not parseable: abolene
3-methylbutanal	InChI=1/C5H10O/c1-5(2)3-4-6/h4-5H,3H2,1-2H3	
alpha-fenchene		alpha-fenchene is unparsable due to the following being uninterpretable: alpha-fenchene The following was not parseable: fenchene
farnesyl acetone	InChI=1/C18H30O/c1-15(2)9-6-10-16(3)11-7-12-17(4)13-8-14-18(5)19/h9,11,13H,6-8,10,12,14H2,1-5H3	
alpha-caryophyllene		alpha-caryophyllene is unparsable due to the following being uninterpretable: alpha-caryophyllene The following was not parseable: yophyllene
(z)-3-hexenyl benzoate	InChI=1/C13H16O2/c1-2-3-4-8-11-15-13(14)12-9-6-5-7-10-12/h3-7,9-10H,2,8,11H2,1H3/b4-3-	
shybunol		shybunol is unparsable due to the following being uninterpretable: shybunol The following was not parseable: shybunol
menthone		menthone is unparsable due to the following being uninterpretable: menthone The following was not parseable:
bergamotene		bergamotene is unparsable due to the following being uninterpretable: bergamotene The following was not parseable: bergamotene
1,3,8-alpha-epi-cubenol		1,3,8-alpha-epi-cubenol'' is unparsable due to the following being uninterpretable: ''1,3,8-alpha-epi-cubenol'' The following was not parseable: ''1,3,8-alpha-epi-cubenol''
hinesol		hinesol is unparsable due to the following being uninterpretable: hinesol The following was not parseable: hinesol
l-linalool		l-linalool is unparsable due to the following being uninterpretable: l-linalool The following was not parseable: linalool
allo-aromadandrene		allo-aromadandrene is unparsable due to the following being uninterpretable: allo-aromadandrene The following was not parseable: aromadandrene
methyl octanoate	InChI=1/C9H18O2/c1-3-4-5-6-7-8-9(10)11-2/h3-8H2,1-2H3	
nonadecane	InChI=1/C19H40/c1-3-5-7-9-11-13-15-17-19-18-16-14-12-10-8-6-4-2/h3-19H2,1-2H3	
n-undecane	InChI=1/C11H24/c1-3-5-7-9-11-10-8-6-4-2/h3-11H2,1-2H3	
trans-dihydrocarvyl acetate		trans-dihydrocarvyl acetate is unparsable due to the following being uninterpretable: carvyl acetate The following was not parseable: vyl acetate
isoamyl isovalerate	InChI=1/C10H20O2/c1-8(2)5-6-12-10(11)7-9(3)4/h8-9H,5-7H2,1-4H3	
elemol/hedycaryol		elemol/hedycaryol is unparsable due to the following being uninterpretable: elemol/hedycaryol The following was not parseable: lemol/hedycaryol
p-mentha-1(7),8-dien-ol		p-mentha-1(7),8-dien-ol'' is unparsable due to the following being uninterpretable: ''p-mentha-1(7),8-dien-ol'' The following was not parseable: ''p-mentha-1(7),8-dien-ol''
thymol methyl ether	InChI=1/C11H16O/c1-8(2)10-6-5-9(3)7-11(10)12-4/h5-8H,1-4H3	
exo-fenchyl acetate		exo-fenchyl acetate is unparsable due to the following being uninterpretable: exo-fenchyl acetate The following was not parseable: fenchyl acetate
phellandral		phellandral is unparsable due to the following being uninterpretable: phellandral The following was not parseable: phellandral
phenolic alkanone(4)		phenolic alkanone(4) is unparsable due to the following being uninterpretable: ic alkanone(4) The following was not parseable: ic alkanone(4)
kessane		kessane is unparsable due to the following being uninterpretable: kessane The following was not parseable: kessane
delta-muurolene		delta-muurolene is unparsable due to the following being uninterpretable: delta-muurolene The following was not parseable: muurolene
sabinyl-2-methylbutyrate		sabinyl-2-methylbutyrate is unparsable due to the following being uninterpretable: sabinyl-2-methylbutyrate The following was not parseable: sabinyl-2-methylbutyrate
ethyl-9-hexadecenoated		ethyl-9-hexadecenoated is unparsable due to the following being uninterpretable: d The following was not parseable: d
iso-menthol		iso-menthol is unparsable due to the following being uninterpretable: iso-menthol The following was not parseable: menthol
trans-beta-bergamotene		trans-beta-bergamotene is unparsable due to the following being uninterpretable: trans-beta-bergamotene The following was not parseable: bergamotene
methyl allyl trisulfide	InChI=1/C4H8S3/c1-3-4-6-7-5-2/h3H,1,4H2,2H3	
4-terpineol		4-terpineol is unparsable due to the following being uninterpretable: 4-terpineol The following was not parseable: eol
bergapten		bergapten is unparsable due to the following being uninterpretable: bergapten The following was not parseable: bergapten
1,8 cineole		1,8 cineole'' is unparsable due to the following being uninterpretable: ''1,8 cineole'' The following was not parseable: ''1,8 cineole''
atlantone		atlantone is unparsable due to the following being uninterpretable: atlantone The following was not parseable: atlantone
cis-beta-guaiene		cis-beta-guaiene is unparsable due to the following being uninterpretable: cis-beta-guaiene The following was not parseable: guaiene
salvial-4(14)-en-1-one		salvial-4(14)-en-1-one is unparsable due to the following being uninterpretable: salvial-4(14)-en-1-one The following was not parseable: salvial-4(14)-en-1-one
gamma-curcumene		gamma-curcumene is unparsable due to the following being uninterpretable: gamma-curcumene The following was not parseable: curcumene
isopropyl isobutyrate	InChI=1/C7H14O2/c1-5(2)7(8)9-6(3)4/h5-6H,1-4H3	
(z)-nuciferal		(z)-nuciferal is unparsable due to the following being uninterpretable: (z)-nuciferal The following was not parseable: nuciferal
1-pentadecene	InChI=1/C15H30/c1-3-5-7-9-11-13-15-14-12-10-8-6-4-2/h3H,1,4-15H2,2H3	
hexyl valerate	InChI=1/C11H22O2/c1-3-5-7-8-10-13-11(12)9-6-4-2/h3-10H2,1-2H3	
thymoquinone		thymoquinone is unparsable due to the following being uninterpretable: thymoquinone The following was not parseable: thymoquinone
eucalyptol		eucalyptol is unparsable due to the following being uninterpretable: eucalyptol The following was not parseable: ucalyptol
p-menth-1-en-8-yl-acetate	InChI=1/C12H20O2/c1-9-4-6-10(7-5-9)12(2,3)8-11(13)14/h4,10H,5-8H2,1-3H3,(H,13,14)/p-1/fC12H19O2/q-1	
eremophila-1(10),8,1-triene		eremophila-1(10),8,1-triene'' is unparsable due to the following being uninterpretable: ''eremophila-1(10),8,1-triene'' The following was not parseable: ''eremophila-1(10),8,1-triene''
tetradecanol	InChI=1/C14H30O/c1-2-3-4-5-6-7-8-9-10-11-12-13-14-15/h15H,2-14H2,1H3	
thymohydroquinone	InChI=1/C10H14O2/c1-6(2)8-5-9(11)7(3)4-10(8)12/h4-6,11-12H,1-3H3	
1,2-benzenedicarboxylic acid		1,2-benzenedicarboxylic acid'' is unparsable due to the following being uninterpretable: ''1,2-benzenedicarboxylic acid'' The following was not parseable: ''1,2-benzenedicarboxylic acid''
3-octanone	InChI=1/C8H16O/c1-3-5-6-7-8(9)4-2/h3-7H2,1-2H3	
fenchone		fenchone is unparsable due to the following being uninterpretable: fenchone The following was not parseable: fenchone
(z,z)-octadeca-9,12-dienoic acid		(z,z)-octadeca-9,12-dienoic acid'' is unparsable due to the following being uninterpretable: ''(z,z)-octadeca-9,12-dienoic acid'' The following was not parseable: ''(z,z)-octadeca-9,12-dienoic acid''
viridiflororene		viridiflororene is unparsable due to the following being uninterpretable: viridiflororene The following was not parseable: viridiflororene
himachalol		himachalol is unparsable due to the following being uninterpretable: himachalol The following was not parseable: himachalol
caryophyllenol-i		caryophyllenol-i is unparsable due to the following being uninterpretable: caryophyllenol-i The following was not parseable: yophyllenol-i
methyl palmitate	InChI=1/C17H34O2/c1-3-4-5-6-7-8-9-10-11-12-13-14-15-16-17(18)19-2/h3-16H2,1-2H3	
fenchol		fenchol is unparsable due to the following being uninterpretable: fenchol The following was not parseable: fenchol
e-2-undecenol	InChI=1/C11H22O/c1-2-3-4-5-6-7-8-9-10-11-12/h9-10,12H,2-8,11H2,1H3/b10-9+	
alpha-curcumene		alpha-curcumene is unparsable due to the following being uninterpretable: alpha-curcumene The following was not parseable: curcumene
n-hexanol	InChI=1/C6H14O/c1-2-3-4-5-6-7/h7H,2-6H2,1H3	
1-nonen-3-ol	InChI=1/C9H18O/c1-3-5-6-7-8-9(10)4-2/h4,9-10H,2-3,5-8H2,1H3	
ethyl dodecanoate	InChI=1/C14H28O2/c1-3-5-6-7-8-9-10-11-12-13-14(15)16-4-2/h3-13H2,1-2H3	
p-mentha-1,3-dien-7-al		p-mentha-1,3-dien-7-al'' is unparsable due to the following being uninterpretable: ''p-mentha-1,3-dien-7-al'' The following was not parseable: ''p-mentha-1,3-dien-7-al''
humulene oxide ii		humulene oxide ii is unparsable due to the following being uninterpretable: humulene oxide ii The following was not parseable: humulene oxide ii
beta-cedreneepoxide		beta-cedreneepoxide is unparsable due to the following being uninterpretable: beta-cedreneepoxide The following was not parseable: cedreneepoxide
epoxy-allo-aromadendrene		epoxy-allo-aromadendrene is unparsable due to the following being uninterpretable: allo-aromadendrene The following was not parseable: aromadendrene
(2,4)-nonadienal		(2,4)-nonadienal'' is unparsable due to the following being uninterpretable: ''(2,4)-nonadienal'' The following was not parseable: ''(2,4)-nonadienal''
daucene		daucene is unparsable due to the following being uninterpretable: daucene The following was not parseable: aucene
beta-phenyl-ethyl acetate	InChI=1/C10H12O2/c1-9(11)12-8-7-10-5-3-2-4-6-10/h2-6H,7-8H2,1H3	
gamma-amorphene		gamma-amorphene is unparsable due to the following being uninterpretable: gamma-amorphene The following was not parseable: amorphene
Cyperene		Cyperene is unparsable due to the following being uninterpretable: Cyperene The following was not parseable: Cyperene
2-heptadecanone	InChI=1/C17H34O/c1-3-4-5-6-7-8-9-10-11-12-13-14-15-16-17(2)18/h3-16H2,1-2H3	
myrtanol		myrtanol is unparsable due to the following being uninterpretable: myrtanol The following was not parseable: myrtanol
4-isopropyl-6-methyl-1,2,3,4-tetrahydronaphthalen-1-one		4-isopropyl-6-methyl-1,2,3,4-tetrahydronaphthalen-1-one'' is unparsable due to the following being uninterpretable: ''4-isopropyl-6-methyl-1,2,3,4-tetrahydronaphthalen-1-one'' The following was not parseable: ''4-isopropyl-6-methyl-1,2,3,4-tetrahydronaphthalen-1-one''
citronellyl butyrate	InChI=1/C14H26O2/c1-5-7-14(15)16-11-10-13(4)9-6-8-12(2)3/h8,13H,5-7,9-11H2,1-4H3	
1,5-epoxy-salvial(4)14-ene		1,5-epoxy-salvial(4)14-ene'' is unparsable due to the following being uninterpretable: ''1,5-epoxy-salvial(4)14-ene'' The following was not parseable: ''1,5-epoxy-salvial(4)14-ene''
4a-beta,7-alpha,7a-beta-nepetalactone		4a-beta,7-alpha,7a-beta-nepetalactone'' is unparsable due to the following being uninterpretable: ''4a-beta,7-alpha,7a-beta-nepetalactone'' The following was not parseable: ''4a-beta,7-alpha,7a-beta-nepetalactone''
zingiberene		zingiberene is unparsable due to the following being uninterpretable: zingiberene The following was not parseable: ingiberene
bicycloelemene		bicycloelemene is unparsable due to the following being uninterpretable: bicycloelemene The following was not parseable: elemene
beta-dihydroagarofuran		beta-dihydroagarofuran is unparsable due to the following being uninterpretable: agarofuran The following was not parseable: agarofuran
9-epi-caryophyllene		9-epi-caryophyllene is unparsable due to the following being uninterpretable: 9-epi-caryophyllene The following was not parseable: pi-caryophyllene
amyl alcohol	InChI=1/C5H12O/c1-2-3-4-5-6/h6H,2-5H2,1H3	
terpinen-4-yl-acetate	InChI=1/C32H46O2/c1-16-22-10-19(29(22,4)5)11-24(16)32(15-20-12-25(18(32)3)30(20,6)7)28-17(2)23-14-26(31(23,8)9)21(28)13-27(33)34/h19-21,24,26,28H,10-15H2,1-9H3,(H,33,34)/p-1/fC32H45O2/q-1	
aristolone		aristolone is unparsable due to the following being uninterpretable: aristolone The following was not parseable: aristolone
manool oxide		manool oxide is unparsable due to the following being uninterpretable: manool oxide The following was not parseable: manool oxide
hexyl hexanoate	InChI=1/C12H24O2/c1-3-5-7-9-11-14-12(13)10-8-6-4-2/h3-11H2,1-2H3	
beta-cymene		Unable to assign all locants. This locant was not assigned: beta
cyclohexane	InChI=1/C6H12/c1-2-4-6-5-3-1/h1-6H2	
6-metyl-3,5-heptadien-2-one		6-metyl-3,5-heptadien-2-one'' is unparsable due to the following being uninterpretable: ''6-metyl-3,5-heptadien-2-one'' The following was not parseable: ''6-metyl-3,5-heptadien-2-one''
cadinol		cadinol is unparsable due to the following being uninterpretable: cadinol The following was not parseable: cadinol
tetracosane	InChI=1/C24H50/c1-3-5-7-9-11-13-15-17-19-21-23-24-22-20-18-16-14-12-10-8-6-4-2/h3-24H2,1-2H3	
artemisia ketone		artemisia ketone is unparsable due to the following being uninterpretable: artemisia ketone The following was not parseable: artemisia ketone
alpha-bulnesene		alpha-bulnesene is unparsable due to the following being uninterpretable: alpha-bulnesene The following was not parseable: bulnesene
acetate	InChI=1/C2H4O2/c1-2(3)4/h1H3,(H,3,4)/p-1/fC2H3O2/q-1	
(e)-gamma-bisabolene		(e)-gamma-bisabolene is unparsable due to the following being uninterpretable: (e)-gamma-bisabolene The following was not parseable: abolene
thujene	InChI=1/C10H16/c1-7(2)10-5-4-8(3)9(10)6-10/h4-5,7-9H,6H2,1-3H3	
selenine derivative		selenine derivative is unparsable due to the following being uninterpretable: derivative The following was not parseable: erivative
trans-theaspirane		trans-theaspirane is unparsable due to the following being uninterpretable: trans-theaspirane The following was not parseable: theaspirane
cis-chrysanthenylformate		cis-chrysanthenylformate is unparsable due to the following being uninterpretable: cis-chrysanthenylformate The following was not parseable: anthenylformate
alpha-ionone		alpha-ionone is unparsable due to the following being uninterpretable: alpha-ionone The following was not parseable: ionone
verbenol		verbenol is unparsable due to the following being uninterpretable: verbenol The following was not parseable: verbenol
humulene		humulene is unparsable due to the following being uninterpretable: humulene The following was not parseable: humulene
cadina-1,4-diene+alpha-calacorene		cadina-1,4-diene+alpha-calacorene'' is unparsable due to the following being uninterpretable: ''cadina-1,4-diene+alpha-calacorene'' The following was not parseable: ''cadina-1,4-diene+alpha-calacorene''
cyclohexanone	InChI=1/C6H10O/c7-6-4-2-1-3-5-6/h1-5H2	
pentadecan-2-one	InChI=1/C15H30O/c1-3-4-5-6-7-8-9-10-11-12-13-14-15(2)16/h3-14H2,1-2H3	
alpha-aromadendrene		alpha-aromadendrene is unparsable due to the following being uninterpretable: alpha-aromadendrene The following was not parseable: aromadendrene
cedrol		cedrol is unparsable due to the following being uninterpretable: cedrol The following was not parseable: cedrol
seychellene		seychellene is unparsable due to the following being uninterpretable: seychellene The following was not parseable: seychellene
humulene epoxide-ii		humulene epoxide-ii is unparsable due to the following being uninterpretable: humulene epoxide-ii The following was not parseable: humulene epoxide-ii
delta-cardinene		delta-cardinene is unparsable due to the following being uninterpretable: delta-cardinene The following was not parseable: nene
cadina-4,1(10)-dien-8 beta-ol		cadina-4,1(10)-dien-8 beta-ol'' is unparsable due to the following being uninterpretable: ''cadina-4,1(10)-dien-8 beta-ol'' The following was not parseable: ''cadina-4,1(10)-dien-8 beta-ol''
linalool propanoate	InChI=1/C13H22O2/c1-6-12(14)15-13(5,7-2)10-8-9-11(3)4/h7,9H,2,6,8,10H2,1,3-5H3	
alpha-trans-bergamotene		alpha-trans-bergamotene is unparsable due to the following being uninterpretable: alpha-trans-bergamotene The following was not parseable: bergamotene
3-hydroxy-2-butanone	InChI=1/C4H8O2/c1-3(5)4(2)6/h3,5H,1-2H3	
6-hydroxycarvotanacetone		6-hydroxycarvotanacetone is unparsable due to the following being uninterpretable: carvotanacetone The following was not parseable: votanacetone
isocomene		isocomene is unparsable due to the following being uninterpretable: isocomene The following was not parseable: comene
selina-4,11-diene		selina-4,11-diene'' is unparsable due to the following being uninterpretable: ''selina-4,11-diene'' The following was not parseable: ''selina-4,11-diene''
p-menthalpha-1(7),5-dien-2-ol		p-menthalpha-1(7),5-dien-2-ol'' is unparsable due to the following being uninterpretable: ''p-menthalpha-1(7),5-dien-2-ol'' The following was not parseable: ''p-menthalpha-1(7),5-dien-2-ol''
cis-muurola-4(15),5-diene		cis-muurola-4(15),5-diene'' is unparsable due to the following being uninterpretable: ''cis-muurola-4(15),5-diene'' The following was not parseable: ''cis-muurola-4(15),5-diene''
6-alpha-hydroxygermacra-1(10),4-diene		6-alpha-hydroxygermacra-1(10),4-diene'' is unparsable due to the following being uninterpretable: ''6-alpha-hydroxygermacra-1(10),4-diene'' The following was not parseable: ''6-alpha-hydroxygermacra-1(10),4-diene''
trans-calamenene		trans-calamenene is unparsable due to the following being uninterpretable: trans-calamenene The following was not parseable: calamenene
beta-phellandrene+limonene		beta-phellandrene+limonene is unparsable due to the following being uninterpretable: beta-phellandrene+limonene The following was not parseable: phellandrene+limonene
iso-menthone		iso-menthone is unparsable due to the following being uninterpretable: iso-menthone The following was not parseable: menthone
(z)-nuciferol		(z)-nuciferol is unparsable due to the following being uninterpretable: (z)-nuciferol The following was not parseable: nuciferol
bergamale		bergamale is unparsable due to the following being uninterpretable: bergamale The following was not parseable: bergamale
decylacetate	InChI=1/C12H24O2/c1-3-4-5-6-7-8-9-10-11-14-12(2)13/h3-11H2,1-2H3	
(z)-3-hexenal	InChI=1/C6H10O/c1-2-3-4-5-6-7/h3-4,6H,2,5H2,1H3/b4-3-	
beta-terpinene		Disagreement between number of locants(beta) and ring assembly multiplier: 3
nonanol	InChI=1/C9H20O/c1-2-3-4-5-6-7-8-9-10/h10H,2-9H2,1H3	
alpha-copane		alpha-copane is unparsable due to the following being uninterpretable: alpha-copane The following was not parseable: copane
cis-carvylacetate		cis-carvylacetate is unparsable due to the following being uninterpretable: cis-carvylacetate The following was not parseable: vylacetate
2-phenethyl alcohol		Unable to assign all locants. This locant was not assigned: 2
alkane and alkene		alkane and alkene is unparsable due to the following being uninterpretable: alkane and alkene The following was not parseable: alkane and alkene
heptan-2-ol	InChI=1/C7H16O/c1-3-4-5-6-7(2)8/h7-8H,3-6H2,1-2H3	
devanone		devanone is unparsable due to the following being uninterpretable: devanone The following was not parseable: evanone
2-tridecanonene		Unable to assign all locants
sesquiterpene hydrocarbons		sesquiterpene hydrocarbons is unparsable due to the following being uninterpretable: sesquiterpene hydrocarbons The following was not parseable: pene hydrocarbons
beta-guaiene		beta-guaiene is unparsable due to the following being uninterpretable: beta-guaiene The following was not parseable: guaiene
trans-beta-elemenone		trans-beta-elemenone is unparsable due to the following being uninterpretable: trans-beta-elemenone The following was not parseable: lemenone
methyl-2-phenylacetate	InChI=1/C9H10O2/c1-11-9(10)7-8-5-3-2-4-6-8/h2-6H,7H2,1H3	
trans-phytol		Could not find bond that: <stereoChemistry type="cisOrTrans" value="trans" subsequentUnsemanticToken="-">trans</stereoChemistry> could refer unambiguously to
trans-linalool oxide (furanoid)		trans-linalool oxide (furanoid) is unparsable due to the following being uninterpretable: oid) The following was not parseable: )
decanoic acid	InChI=1/C10H20O2/c1-2-3-4-5-6-7-8-9-10(11)12/h2-9H2,1H3,(H,11,12)/f/h11H	
theaspirane b		theaspirane b is unparsable due to the following being uninterpretable: theaspirane b The following was not parseable: theaspirane b
heptanal	InChI=1/C7H14O/c1-2-3-4-5-6-7-8/h7H,2-6H2,1H3	
methyl acetate	InChI=1/C3H6O2/c1-3(4)5-2/h1-2H3	
thymyl-2-methylbutyrate	InChI=1/C15H22O2/c1-6-12(5)15(16)17-14-9-11(4)7-8-13(14)10(2)3/h7-10,12H,6H2,1-5H3	
sapthulenol		sapthulenol is unparsable due to the following being uninterpretable: sapthulenol The following was not parseable: sapthulenol
(e)-foeniculin		(e)-foeniculin is unparsable due to the following being uninterpretable: (e)-foeniculin The following was not parseable: foeniculin
#NAME?		#NAME? is unparsable due to the following being uninterpretable: #NAME? The following was not parseable: #NAME?
2,6-dimethyl-3(e),5(e),7-octatrien-2-ol		2,6-dimethyl-3(e),5(e),7-octatrien-2-ol'' is unparsable due to the following being uninterpretable: ''2,6-dimethyl-3(e),5(e),7-octatrien-2-ol'' The following was not parseable: ''2,6-dimethyl-3(e),5(e),7-octatrien-2-ol''
myrtenyl acetate		myrtenyl acetate is unparsable due to the following being uninterpretable: myrtenyl acetate The following was not parseable: myrtenyl acetate
n-heptadecane	InChI=1/C17H36/c1-3-5-7-9-11-13-15-17-16-14-12-10-8-6-4-2/h3-17H2,1-2H3	
beta-farnesene	InChI=1/C15H26/c1-6-14(4)10-8-12-15(5)11-7-9-13(2)3/h9,12H,4,6-8,10-11H2,1-3,5H3/b15-12+	
tepinolene		tepinolene is unparsable due to the following being uninterpretable: tepinolene The following was not parseable: tepinolene
artemisiaacetate		artemisiaacetate is unparsable due to the following being uninterpretable: artemisiaacetate The following was not parseable: artemisiaacetate
5-(3-furyl),2-methyl-1-penten-3-ol		5-(3-furyl),2-methyl-1-penten-3-ol'' is unparsable due to the following being uninterpretable: ''5-(3-furyl),2-methyl-1-penten-3-ol'' The following was not parseable: ''5-(3-furyl),2-methyl-1-penten-3-ol''
2-ethyl-6-methylpyrazine	InChI=1/C7H10N2/c1-3-7-5-8-4-6(2)9-7/h4-5H,3H2,1-2H3	
alpha-campholenicaldehyde		alpha-campholenicaldehyde is unparsable due to the following being uninterpretable: alpha-campholenicaldehyde The following was not parseable: nicaldehyde
hexyl isovalerate	InChI=1/C11H22O2/c1-4-5-6-7-8-13-11(12)9-10(2)3/h10H,4-9H2,1-3H3	
p-methyl acetophenone	InChI=1/C9H10O/c1-7-3-5-9(6-4-7)8(2)10/h3-6H,1-2H3	
bicyclovetivenol		bicyclovetivenol is unparsable due to the following being uninterpretable: bicyclovetivenol The following was not parseable: vetivenol
trans-chrysanthemal		trans-chrysanthemal is unparsable due to the following being uninterpretable: trans-chrysanthemal The following was not parseable: anthemal
hexyl-2-methyl butyrate		Unable to assign all locants. This locant was not assigned: 2
6-methyl-3,5-heptadien-2-one		6-methyl-3,5-heptadien-2-one'' is unparsable due to the following being uninterpretable: ''6-methyl-3,5-heptadien-2-one'' The following was not parseable: ''6-methyl-3,5-heptadien-2-one''
dodecanal	InChI=1/C12H24O/c1-2-3-4-5-6-7-8-9-10-11-12-13/h12H,2-11H2,1H3	
cis-arteannuic alcohol		cis-arteannuic alcohol is unparsable due to the following being uninterpretable: cis-arteannuic alcohol The following was not parseable: arteannuic alcohol
hexyl butyrate	InChI=1/C10H20O2/c1-3-5-6-7-9-12-10(11)8-4-2/h3-9H2,1-2H3	
cis-muurol-5-en-4-betalpha-ol		cis-muurol-5-en-4-betalpha-ol is unparsable due to the following being uninterpretable: cis-muurol-5-en-4-betalpha-ol The following was not parseable: muurol-5-en-4-betalpha-ol
1-hexadecanol	InChI=1/C16H34O/c1-2-3-4-5-6-7-8-9-10-11-12-13-14-15-16-17/h17H,2-16H2,1H3	
alpha-campholena		alpha-campholena is unparsable due to the following being uninterpretable: alpha-campholena The following was not parseable: na
tetradecane	InChI=1/C14H30/c1-3-5-7-9-11-13-14-12-10-8-6-4-2/h3-14H2,1-2H3	
cis-pelemenone		cis-pelemenone is unparsable due to the following being uninterpretable: cis-pelemenone The following was not parseable: pelemenone
octadecanoic acid	InChI=1/C18H36O2/c1-2-3-4-5-6-7-8-9-10-11-12-13-14-15-16-17-18(19)20/h2-17H2,1H3,(H,19,20)/f/h19H	
methyl (z)-3-dodecenoate	InChI=1/C13H24O2/c1-3-4-5-6-7-8-9-10-11-12-13(14)15-2/h10-11H,3-9,12H2,1-2H3/b11-10-	
isophytol+phytol		isophytol+phytol is unparsable due to the following being uninterpretable: isophytol+phytol The following was not parseable: phytol+phytol
geranyl 2-methylbutyrate	InChI=1/C15H26O2/c1-6-14(5)15(16)17-11-10-13(4)9-7-8-12(2)3/h8,10,14H,6-7,9,11H2,1-5H3/b13-10+	
geranyl-2-methylbutyrate	InChI=1/C15H26O2/c1-6-14(5)15(16)17-11-10-13(4)9-7-8-12(2)3/h8,10,14H,6-7,9,11H2,1-5H3/b13-10+	
humulene oxide i		humulene oxide i is unparsable due to the following being uninterpretable: humulene oxide i The following was not parseable: humulene oxide i
2-methyl-6-methylene-3,7-octadien-2-ol		2-methyl-6-methylene-3,7-octadien-2-ol'' is unparsable due to the following being uninterpretable: ''2-methyl-6-methylene-3,7-octadien-2-ol'' The following was not parseable: ''2-methyl-6-methylene-3,7-octadien-2-ol''
patchouli alcohol		patchouli alcohol is unparsable due to the following being uninterpretable: patchouli alcohol The following was not parseable: patchouli alcohol
cis-ocimene		cis-ocimene is unparsable due to the following being uninterpretable: cis-ocimene The following was not parseable: ocimene
cis-3-hexenol	InChI=1/C6H12O/c1-2-3-4-5-6-7/h3-4,7H,2,5-6H2,1H3/b4-3-	
7-epi-alpha-selinene		7-epi-alpha-selinene is unparsable due to the following being uninterpretable: 7-epi-alpha-selinene The following was not parseable: pi-alpha-selinene
eudesma-4(15),7-dien-4-beta-ol		eudesma-4(15),7-dien-4-beta-ol'' is unparsable due to the following being uninterpretable: ''eudesma-4(15),7-dien-4-beta-ol'' The following was not parseable: ''eudesma-4(15),7-dien-4-beta-ol''
isovaleric acid	InChI=1/C5H10O2/c1-4(2)3-5(6)7/h4H,3H2,1-2H3,(H,6,7)/f/h6H	
benzyl butyrate	InChI=1/C11H14O2/c1-2-6-11(12)13-9-10-7-4-3-5-8-10/h3-5,7-8H,2,6,9H2,1H3	
cis-p-mentha-1,8-dien-6-ol		cis-p-mentha-1,8-dien-6-ol'' is unparsable due to the following being uninterpretable: ''cis-p-mentha-1,8-dien-6-ol'' The following was not parseable: ''cis-p-mentha-1,8-dien-6-ol''
neryl formate	InChI=1/C11H18O2/c1-10(2)5-4-6-11(3)7-8-13-9-12/h5,7,9H,4,6,8H2,1-3H3/b11-7-	
nootkatone		nootkatone is unparsable due to the following being uninterpretable: nootkatone The following was not parseable: nootkatone
10-epi-alpha-cadinol		10-epi-alpha-cadinol is unparsable due to the following being uninterpretable: 10-epi-alpha-cadinol The following was not parseable: pi-alpha-cadinol
methyl cyclopentane	InChI=1/C6H12/c1-6-4-2-3-5-6/h6H,2-5H2,1H3	
hexanoic acid	InChI=1/C6H12O2/c1-2-3-4-5-6(7)8/h2-5H2,1H3,(H,7,8)/f/h7H	
isopiperitenone		isopiperitenone is unparsable due to the following being uninterpretable: isopiperitenone The following was not parseable: piperitenone
limonene+beta-phellandrene		limonene+beta-phellandrene is unparsable due to the following being uninterpretable: limonene+beta-phellandrene The following was not parseable: imonene+beta-phellandrene
undecane	InChI=1/C11H24/c1-3-5-7-9-11-10-8-6-4-2/h3-11H2,1-2H3	
benzenepropanal	InChI=1/C9H10O/c10-8-4-7-9-5-2-1-3-6-9/h1-3,5-6,8H,4,7H2	
2,4,6-trimethylbenzene		2,4,6-trimethylbenzene'' is unparsable due to the following being uninterpretable: ''2,4,6-trimethylbenzene'' The following was not parseable: ''2,4,6-trimethylbenzene''
1,5-epoxy-salvial-4(14)-ene		1,5-epoxy-salvial-4(14)-ene'' is unparsable due to the following being uninterpretable: ''1,5-epoxy-salvial-4(14)-ene'' The following was not parseable: ''1,5-epoxy-salvial-4(14)-ene''
pentyl 3-methylbutyrate	InChI=1/C10H20O2/c1-4-5-6-7-12-10(11)8-9(2)3/h9H,4-8H2,1-3H3	
clovenol		clovenol is unparsable due to the following being uninterpretable: clovenol The following was not parseable: clovenol
pentadecanol	InChI=1/C15H32O/c1-2-3-4-5-6-7-8-9-10-11-12-13-14-15-16/h16H,2-15H2,1H3	
(z)-3-hexenyl hexanoate	InChI=1/C12H22O2/c1-3-5-7-9-11-14-12(13)10-8-6-4-2/h5,7H,3-4,6,8-11H2,1-2H3/b7-5-	
5-methyl-3-heptanone	InChI=1/C8H16O/c1-4-7(3)6-8(9)5-2/h7H,4-6H2,1-3H3	
beta-sanatalene		beta-sanatalene is unparsable due to the following being uninterpretable: beta-sanatalene The following was not parseable: sanatalene
davanone		davanone is unparsable due to the following being uninterpretable: davanone The following was not parseable: avanone
3-ethyl-3,5-dimethylpyrazine		3-ethyl-3,5-dimethylpyrazine'' is unparsable due to the following being uninterpretable: ''3-ethyl-3,5-dimethylpyrazine'' The following was not parseable: ''3-ethyl-3,5-dimethylpyrazine''
beta-caryophyllene alcohol		beta-caryophyllene alcohol is unparsable due to the following being uninterpretable: beta-caryophyllene alcohol The following was not parseable: yophyllene alcohol
methyl anthranilate	InChI=1/C8H9NO2/c1-11-8(10)6-4-2-3-5-7(6)9/h2-5H,9H2,1H3	
cis-mentha-1(7),8-dien-2-ol		cis-mentha-1(7),8-dien-2-ol'' is unparsable due to the following being uninterpretable: ''cis-mentha-1(7),8-dien-2-ol'' The following was not parseable: ''cis-mentha-1(7),8-dien-2-ol''
(e)-beta- ocimene	InChI=1/C10H16/c1-5-10(4)8-6-7-9(2)3/h5,7-8H,1,6H2,2-4H3/b10-8+	
caratoly		caratoly is unparsable due to the following being uninterpretable: caratoly The following was not parseable: toly
(Z)-Verbenol		(Z)-Verbenol is unparsable due to the following being uninterpretable: (Z)-Verbenol The following was not parseable: Verbenol
alpha-terpinyl formate		Disagreement between number of locants(alpha) and ring assembly multiplier: 3
linalool oxide	InChI=1/C10H18O2/c1-8(2)5-4-6-10(3,11)9-7-12-9/h5,9,11H,4,6-7H2,1-3H3	
octyl isobutyrate	InChI=1/C12H24O2/c1-4-5-6-7-8-9-10-14-12(13)11(2)3/h11H,4-10H2,1-3H3	
(e)-cinnamyl acetate	InChI=1/C11H12O2/c1-10(12)13-9-5-8-11-6-3-2-4-7-11/h2-8H,9H2,1H3/b8-5+	
dihydro tagetone		dihydro tagetone is unparsable due to the following being uninterpretable: tagetone The following was not parseable: tagetone
trans-caryophyllene		trans-caryophyllene is unparsable due to the following being uninterpretable: trans-caryophyllene The following was not parseable: yophyllene
(e)-3-hexenol	InChI=1/C6H12O/c1-2-3-4-5-6-7/h3-4,7H,2,5-6H2,1H3/b4-3+	
(e,z)-2,4-hexadienal		(e,z)-2,4-hexadienal'' is unparsable due to the following being uninterpretable: ''(e,z)-2,4-hexadienal'' The following was not parseable: ''(e,z)-2,4-hexadienal''
heptadecanal	InChI=1/C17H34O/c1-2-3-4-5-6-7-8-9-10-11-12-13-14-15-16-17-18/h17H,2-16H2,1H3	
9-decenol	InChI=1/C10H20O/c1-2-3-4-5-6-7-8-9-10-11/h2,11H,1,3-10H2	
traces		traces is unparsable due to the following being uninterpretable: traces The following was not parseable: traces
terpinen-4-ol acetate	InChI=1/C32H46O2/c1-16-22-11-20(29(22,5)6)12-24(16)32(15-21-13-25(18(32)3)30(21,7)8)27-17(2)23-14-26(31(23,9)10)28(27)34-19(4)33/h20-21,24,26-28H,11-15H2,1-10H3	
(z)-alpha-trans-bergamotol		(z)-alpha-trans-bergamotol is unparsable due to the following being uninterpretable: (z)-alpha-trans-bergamotol The following was not parseable: bergamotol
trans-sabinol		trans-sabinol is unparsable due to the following being uninterpretable: trans-sabinol The following was not parseable: sabinol
santolinyl acetate		santolinyl acetate is unparsable due to the following being uninterpretable: santolinyl acetate The following was not parseable: santolinyl acetate
cycloheptatriene	InChI=1/C7H8/c1-2-4-6-7-5-3-1/h1-6H,7H2	
methyl thymolmethyl ether		methyl thymolmethyl ether is unparsable due to the following being uninterpretable: methyl ether The following was not parseable: methyl ether
1-(e,z)-3,5-undecatriene		1-(e,z)-3,5-undecatriene'' is unparsable due to the following being uninterpretable: ''1-(e,z)-3,5-undecatriene'' The following was not parseable: ''1-(e,z)-3,5-undecatriene''
(e)-cinnamyl valerate	InChI=1/C14H18O2/c1-2-3-11-14(15)16-12-7-10-13-8-5-4-6-9-13/h4-10H,2-3,11-12H2,1H3/b10-7+	
curzerene		curzerene is unparsable due to the following being uninterpretable: curzerene The following was not parseable: curzerene
cis-limoneneoxide		cis-limoneneoxide is unparsable due to the following being uninterpretable: cis-limoneneoxide The following was not parseable: imoneneoxide
xanthorrizol		xanthorrizol is unparsable due to the following being uninterpretable: xanthorrizol The following was not parseable: rrizol
caryophylla-2(12),6-dien-5alpha-ol (=caryophyllenol i)		caryophylla-2(12),6-dien-5alpha-ol (=caryophyllenol i)'' is unparsable due to the following being uninterpretable: ''caryophylla-2(12),6-dien-5alpha-ol (=caryophyllenoli)'' The following was not parseable: ''caryophylla-2(12),6-dien-5alpha-ol (=caryophyllenoli)''
(e)-sesquilavandulylacetate		(e)-sesquilavandulylacetate is unparsable due to the following being uninterpretable: (e)-sesquilavandulylacetate The following was not parseable: sesquilavandulylacetate
1,10-diepicubenol		1,10-diepicubenol'' is unparsable due to the following being uninterpretable: ''1,10-diepicubenol'' The following was not parseable: ''1,10-diepicubenol''
neo-allo-ocimene		neo-allo-ocimene is unparsable due to the following being uninterpretable: neo-allo-ocimene The following was not parseable: allo-ocimene
7-isobutyryloxythymolisobutyrate		7-isobutyryloxythymolisobutyrate is unparsable due to the following being uninterpretable: isobutyrate The following was not parseable: isobutyrate
3-heptanone	InChI=1/C7H14O/c1-3-5-6-7(8)4-2/h3-6H2,1-2H3	
p-menth-1-ene	InChI=1/C10H18/c1-8(2)10-6-4-9(3)5-7-10/h4,8,10H,5-7H2,1-3H3	
neo-menthol		neo-menthol is unparsable due to the following being uninterpretable: neo-menthol The following was not parseable: menthol
carotol		carotol is unparsable due to the following being uninterpretable: carotol The following was not parseable: tol
2,6-dimethyl-1,3(e),s(z),7-octatetraene		2,6-dimethyl-1,3(e),s(z),7-octatetraene'' is unparsable due to the following being uninterpretable: ''2,6-dimethyl-1,3(e),s(z),7-octatetraene'' The following was not parseable: ''2,6-dimethyl-1,3(e),s(z),7-octatetraene''
2-phenylethylacetate	InChI=1/C10H12O2/c1-9(11)12-8-7-10-5-3-2-4-6-10/h2-6H,7-8H2,1H3	
monoterpenes hydrocarbons		monoterpenes hydrocarbons is unparsable due to the following being uninterpretable: monoterpenes hydrocarbons The following was not parseable: penes hydrocarbons
neo-3-thujanyl acetate		neo-3-thujanyl acetate is unparsable due to the following being uninterpretable: neo-3-thujanyl acetate The following was not parseable: 3-thujanyl acetate
allo-aromadendrene epoxide		allo-aromadendrene epoxide is unparsable due to the following being uninterpretable: allo-aromadendrene epoxide The following was not parseable: aromadendrene epoxide
rosifoliol		rosifoliol is unparsable due to the following being uninterpretable: rosifoliol The following was not parseable: osifoliol
guaiol isomer f,g		guaiol isomer f,g'' is unparsable due to the following being uninterpretable: ''guaiol isomer f,g'' The following was not parseable: ''guaiol isomer f,g''
beta-caryophyllene oxide		beta-caryophyllene oxide is unparsable due to the following being uninterpretable: beta-caryophyllene oxide The following was not parseable: yophyllene oxide
thymyl acetate	InChI=1/C12H16O2/c1-8(2)11-6-5-9(3)7-12(11)14-10(4)13/h5-8H,1-4H3	
4,3,4-trimetylbenzaldehyde		4,3,4-trimetylbenzaldehyde'' is unparsable due to the following being uninterpretable: ''4,3,4-trimetylbenzaldehyde'' The following was not parseable: ''4,3,4-trimetylbenzaldehyde''
2-butanol	InChI=1/C4H10O/c1-3-4(2)5/h4-5H,3H2,1-2H3	
(e)-2-tridecenal	InChI=1/C13H24O/c1-2-3-4-5-6-7-8-9-10-11-12-13-14/h11-13H,2-10H2,1H3/b12-11+	
premnaspirodiene		premnaspirodiene is unparsable due to the following being uninterpretable: premnaspirodiene The following was not parseable: premnaspirodiene
mint sulfide		mint sulfide is unparsable due to the following being uninterpretable: mint sulfide The following was not parseable: mint sulfide
cis-carvylpropionate		cis-carvylpropionate is unparsable due to the following being uninterpretable: cis-carvylpropionate The following was not parseable: vylpropionate
(z)-tagetenone		(z)-tagetenone is unparsable due to the following being uninterpretable: (z)-tagetenone The following was not parseable: tagetenone
beta-cadinene		beta-cadinene is unparsable due to the following being uninterpretable: beta-cadinene The following was not parseable: cadinene
14-hydroxy-beta-caryophyllene		14-hydroxy-beta-caryophyllene is unparsable due to the following being uninterpretable: beta-caryophyllene The following was not parseable: yophyllene
azulene	InChI=1/C10H8/c1-2-5-9-7-4-8-10(9)6-3-1/h1-8H	
n-pentadecane	InChI=1/C15H32/c1-3-5-7-9-11-13-15-14-12-10-8-6-4-2/h3-15H2,1-2H3	
isokaurene		isokaurene is unparsable due to the following being uninterpretable: isokaurene The following was not parseable: kaurene
heptacosane	InChI=1/C27H56/c1-3-5-7-9-11-13-15-17-19-21-23-25-27-26-24-22-20-18-16-14-12-10-8-6-4-2/h3-27H2,1-2H3	
phenylacetaldehydeb		phenylacetaldehydeb is unparsable due to the following being uninterpretable: b The following was not parseable: b
5-epi-paradisiol		5-epi-paradisiol is unparsable due to the following being uninterpretable: 5-epi-paradisiol The following was not parseable: pi-paradisiol
2,3,4-trimethylbenzaldehyde		2,3,4-trimethylbenzaldehyde'' is unparsable due to the following being uninterpretable: ''2,3,4-trimethylbenzaldehyde'' The following was not parseable: ''2,3,4-trimethylbenzaldehyde''
acora-3,5-diene-11-ol		acora-3,5-diene-11-ol'' is unparsable due to the following being uninterpretable: ''acora-3,5-diene-11-ol'' The following was not parseable: ''acora-3,5-diene-11-ol''
indole	InChI=1/C8H7N/c1-2-4-8-7(3-1)5-6-9-8/h1-6,9H	
cis-p-mentha-1(7),8-dien-2-ol		cis-p-mentha-1(7),8-dien-2-ol'' is unparsable due to the following being uninterpretable: ''cis-p-mentha-1(7),8-dien-2-ol'' The following was not parseable: ''cis-p-mentha-1(7),8-dien-2-ol''
carveol		carveol is unparsable due to the following being uninterpretable: carveol The following was not parseable: veol
alpha-terpineol/borneol		alpha-terpineol/borneol is unparsable due to the following being uninterpretable: alpha-terpineol/borneol The following was not parseable: eol/borneol
isopinocamphone		isopinocamphone is unparsable due to the following being uninterpretable: isopinocamphone The following was not parseable: pinocamphone
1-undecene	InChI=1/C11H22/c1-3-5-7-9-11-10-8-6-4-2/h3H,1,4-11H2,2H3	
cis-calamene		cis-calamene is unparsable due to the following being uninterpretable: cis-calamene The following was not parseable: calamene
palsutrol		palsutrol is unparsable due to the following being uninterpretable: palsutrol The following was not parseable: palsutrol
2-phenylethylpropionate	InChI=1/C11H14O2/c1-2-11(12)13-9-8-10-6-4-3-5-7-10/h3-7H,2,8-9H2,1H3	
(e)-1-propenyl methyl trisulfide	InChI=1/C4H8S3/c1-3-4-6-7-5-2/h3-4H,1-2H3/b4-3+	
n-hexadecane	InChI=1/C16H34/c1-3-5-7-9-11-13-15-16-14-12-10-8-6-4-2/h3-16H2,1-2H3	
4-vinyl-2-methoxyphenol	InChI=1/C9H10O2/c1-3-7-4-5-8(10)9(6-7)11-2/h3-6,10H,1H2,2H3	
alpha-phellandrene epoxide		alpha-phellandrene epoxide is unparsable due to the following being uninterpretable: alpha-phellandrene epoxide The following was not parseable: phellandrene epoxide
trans-muurola-3,5-diene		trans-muurola-3,5-diene'' is unparsable due to the following being uninterpretable: ''trans-muurola-3,5-diene'' The following was not parseable: ''trans-muurola-3,5-diene''
trans-piperitone oxide		trans-piperitone oxide is unparsable due to the following being uninterpretable: trans-piperitone oxide The following was not parseable: piperitone oxide
1,10-di-epi-cubenol		1,10-di-epi-cubenol'' is unparsable due to the following being uninterpretable: ''1,10-di-epi-cubenol'' The following was not parseable: ''1,10-di-epi-cubenol''
beta-curcumine		beta-curcumine is unparsable due to the following being uninterpretable: e The following was not parseable: e
beta-cyclocitral		beta-cyclocitral is unparsable due to the following being uninterpretable: beta-cyclocitral The following was not parseable: citral
3-thujene	InChI=1/C10H16/c1-7(2)10-5-4-8(3)9(10)6-10/h4,7,9H,5-6H2,1-3H3	
(e)-nerolidol acetate	InChI=1/C17H28O2/c1-7-17(6,19-16(5)18)13-9-12-15(4)11-8-10-14(2)3/h7,10,12H,1,8-9,11,13H2,2-6H3/b15-12+	
1-octadecene	InChI=1/C18H36/c1-3-5-7-9-11-13-15-17-18-16-14-12-10-8-6-4-2/h3H,1,4-18H2,2H3	
ni		ni is unparsable due to the following being uninterpretable: ni The following was not parseable: ni
hexacosane	InChI=1/C26H54/c1-3-5-7-9-11-13-15-17-19-21-23-25-26-24-22-20-18-16-14-12-10-8-6-4-2/h3-26H2,1-2H3	
trans-ethyl cinnamate	InChI=1/C11H12O2/c1-2-13-11(12)9-8-10-6-4-3-5-7-10/h3-9H,2H2,1H3/b9-8+	
beta-dodecalactone		beta-dodecalactone is unparsable due to the following being uninterpretable: beta-dodecalactone The following was not parseable: ne
methyl salicylate	InChI=1/C8H8O3/c1-11-8(10)6-4-2-3-5-7(6)9/h2-5,9H,1H3	
linoleic acid	InChI=1/C18H32O2/c1-2-3-4-5-6-7-8-9-10-11-12-13-14-15-16-17-18(19)20/h6-7,9-10H,2-5,8,11-17H2,1H3,(H,19,20)/b7-6-,10-9-/f/h19H	
2-methylbutanol	InChI=1/C5H12O/c1-3-5(2)4-6/h5-6H,3-4H2,1-2H3	
coumarin	InChI=1/C9H6O2/c10-9-6-5-7-3-1-2-4-8(7)11-9/h1-6H	
n-nonanal	InChI=1/C9H18O/c1-2-3-4-5-6-7-8-9-10/h9H,2-8H2,1H3	
1,2-dimethylbenzene		1,2-dimethylbenzene'' is unparsable due to the following being uninterpretable: ''1,2-dimethylbenzene'' The following was not parseable: ''1,2-dimethylbenzene''
2-phenylethanol	InChI=1/C8H10O/c9-7-6-8-4-2-1-3-5-8/h1-5,9H,6-7H2	
lavandulyl isovalerate		lavandulyl isovalerate is unparsable due to the following being uninterpretable: lavandulyl isovalerate The following was not parseable: avandulyl isovalerate
(e)-citronellyl tiglate	InChI=1/C15H26O2/c1-6-14(5)15(16)17-11-10-13(4)9-7-8-12(2)3/h6,8,13H,7,9-11H2,1-5H3/b14-6+	
epi-bicyclosesquiphellandrene		epi-bicyclosesquiphellandrene is unparsable due to the following being uninterpretable: epi-bicyclosesquiphellandrene The following was not parseable: pi-bicyclosesquiphellandrene
myrcenol		myrcenol is unparsable due to the following being uninterpretable: myrcenol The following was not parseable: myrcenol
6-pentyl-alpha-pyrone		Unable to assign all locants. This locant was not assigned: alpha
trans-thujone		trans-thujone is unparsable due to the following being uninterpretable: trans-thujone The following was not parseable:
chamazulene		chamazulene is unparsable due to the following being uninterpretable: chamazulene The following was not parseable: chamazulene
yperene		yperene is unparsable due to the following being uninterpretable: yperene The following was not parseable: yperene
ar-turmerol		ar-turmerol is unparsable due to the following being uninterpretable: ar-turmerol The following was not parseable: ar-turmerol
trans-mentha-1(7)8-dien-2-ol		trans-mentha-1(7)8-dien-2-ol is unparsable due to the following being uninterpretable: trans-mentha-1(7)8-dien-2-ol The following was not parseable: 8-dien-2-ol
13-tetradecanolide	InChI=1/C14H26O2/c1-13-11-9-7-5-3-2-4-6-8-10-12-14(15)16-13/h13H,2-12H2,1H3	
elsholtzia ketone		elsholtzia ketone is unparsable due to the following being uninterpretable: elsholtzia ketone The following was not parseable: lsholtzia ketone
3-methylbutyl hexanoate	InChI=1/C11H22O2/c1-4-5-6-7-11(12)13-9-8-10(2)3/h10H,4-9H2,1-3H3	
globulol+unknown		globulol+unknown is unparsable due to the following being uninterpretable: globulol+unknown The following was not parseable: globulol+unknown
isoamyl isovlerate		isoamyl isovlerate is unparsable due to the following being uninterpretable: isovlerate The following was not parseable: vlerate
9,12-octadecadienoic acid		9,12-octadecadienoic acid'' is unparsable due to the following being uninterpretable: ''9,12-octadecadienoic acid'' The following was not parseable: ''9,12-octadecadienoic acid''
caryophylla-4(14),8(15)-diene-5-alpha-ol		caryophylla-4(14),8(15)-diene-5-alpha-ol'' is unparsable due to the following being uninterpretable: ''caryophylla-4(14),8(15)-diene-5-alpha-ol'' The following was not parseable: ''caryophylla-4(14),8(15)-diene-5-alpha-ol''
trans-chrysanthenol		trans-chrysanthenol is unparsable due to the following being uninterpretable: trans-chrysanthenol The following was not parseable: anthenol
nerolidyl acetate	InChI=1/C17H28O2/c1-7-17(6,19-16(5)18)13-9-12-15(4)11-8-10-14(2)3/h7,10,12H,1,8-9,11,13H2,2-6H3	
2,4-dimethylphenol		2,4-dimethylphenol'' is unparsable due to the following being uninterpretable: ''2,4-dimethylphenol'' The following was not parseable: ''2,4-dimethylphenol''
ethylbenzene	InChI=1/C8H10/c1-2-8-6-4-3-5-7-8/h3-7H,2H2,1H3	
p-cresol	InChI=1/C7H8O/c1-6-2-4-7(8)5-3-6/h2-5,8H,1H3	
p-mentha-1,7(8)-diene		p-mentha-1,7(8)-diene'' is unparsable due to the following being uninterpretable: ''p-mentha-1,7(8)-diene'' The following was not parseable: ''p-mentha-1,7(8)-diene''
n-nonadecane	InChI=1/C19H40/c1-3-5-7-9-11-13-15-17-19-18-16-14-12-10-8-6-4-2/h3-19H2,1-2H3	
(z)-chrysanthenyl acetate		(z)-chrysanthenyl acetate is unparsable due to the following being uninterpretable: (z)-chrysanthenyl acetate The following was not parseable: anthenyl acetate
gossonorol		gossonorol is unparsable due to the following being uninterpretable: gossonorol The following was not parseable: gossonorol
(z)-myroxide		(z)-myroxide is unparsable due to the following being uninterpretable: (z)-myroxide The following was not parseable: myroxide
(e)-2,(z)-6-decadienal		(e)-2,(z)-6-decadienal'' is unparsable due to the following being uninterpretable: ''(e)-2,(z)-6-decadienal'' The following was not parseable: ''(e)-2,(z)-6-decadienal''
apiole		apiole is unparsable due to the following being uninterpretable: apiole The following was not parseable: le
phytol isomer		phytol isomer is unparsable due to the following being uninterpretable: isomer The following was not parseable: mer
(z)-isosafrole	InChI=1/C10H10O2/c1-2-3-8-4-5-9-10(6-8)12-7-11-9/h2-6H,7H2,1H3/b3-2-	
alpha-farnesene	InChI=1/C15H24/c1-6-14(4)10-8-12-15(5)11-7-9-13(2)3/h6,9-10,12H,1,7-8,11H2,2-5H3/b14-10+,15-12+	
calacorene		calacorene is unparsable due to the following being uninterpretable: calacorene The following was not parseable: calacorene
benzyl nonanoate	InChI=1/C16H24O2/c1-2-3-4-5-6-10-13-16(17)18-14-15-11-8-7-9-12-15/h7-9,11-12H,2-6,10,13-14H2,1H3	
6-methyl-5-hepten-2-ol	InChI=1/C8H16O/c1-7(2)5-4-6-8(3)9/h5,8-9H,4,6H2,1-3H3	
longiciclene		longiciclene is unparsable due to the following being uninterpretable: longiciclene The following was not parseable: ongiciclene
dehydro-1,8-cineole		dehydro-1,8-cineole'' is unparsable due to the following being uninterpretable: ''dehydro-1,8-cineole'' The following was not parseable: ''dehydro-1,8-cineole''
n-heneicosane	InChI=1/C21H44/c1-3-5-7-9-11-13-15-17-19-21-20-18-16-14-12-10-8-6-4-2/h3-21H2,1-2H3	
epi-zonarene		epi-zonarene is unparsable due to the following being uninterpretable: epi-zonarene The following was not parseable: pi-zonarene
germacrene-d-4-ol		germacrene-d-4-ol is unparsable due to the following being uninterpretable: germacrene-d-4-ol The following was not parseable: crene-d-4-ol
alpha-alaskene		alpha-alaskene is unparsable due to the following being uninterpretable: alpha-alaskene The following was not parseable: alaskene
(e)-ligustilide		(e)-ligustilide is unparsable due to the following being uninterpretable: (e)-ligustilide The following was not parseable: igustilide
butyl benzoate	InChI=1/C11H14O2/c1-2-3-9-13-11(12)10-7-5-4-6-8-10/h4-8H,2-3,9H2,1H3	
(e)-theaspirane		(e)-theaspirane is unparsable due to the following being uninterpretable: (e)-theaspirane The following was not parseable: theaspirane
gamma-epi-eudesmol		gamma-epi-eudesmol is unparsable due to the following being uninterpretable: gamma-epi-eudesmol The following was not parseable: pi-eudesmol
cnidilide		cnidilide is unparsable due to the following being uninterpretable: cnidilide The following was not parseable: cnidilide
octaciosane		octaciosane is unparsable due to the following being uninterpretable: octaciosane The following was not parseable: ciosane
(e)-2-hexenol	InChI=1/C6H12O/c1-2-3-4-5-6-7/h4-5,7H,2-3,6H2,1H3/b5-4+	
linaiooi		linaiooi is unparsable due to the following being uninterpretable: linaiooi The following was not parseable: inaiooi
menthyl isovalerate	InChI=1/C15H28O2/c1-10(2)8-15(16)17-14-9-12(5)6-7-13(14)11(3)4/h10-14H,6-9H2,1-5H3	
hexyl octanoate	InChI=1/C14H28O2/c1-3-5-7-9-10-12-14(15)16-13-11-8-6-4-2/h3-13H2,1-2H3	
1-methyl-4-heptenol	InChI=1/C8H16O/c1-3-4-5-6-7-8(2)9/h4-5,8-9H,3,6-7H2,1-2H3	
(e)-2-caren-4-ol		Could not find bond that: <stereoChemistry type="EorZ" value="E">e</stereoChemistry> was referring to
geraniol (e)		geraniol (e) is unparsable due to the following being uninterpretable: (e) The following was not parseable:
trans linalool oxide		Could not find bond that: <stereoChemistry type="cisOrTrans" value="trans">trans</stereoChemistry> could refer unambiguously to
heptadecene	InChI=1/C17H34/c1-3-5-7-9-11-13-15-17-16-14-12-10-8-6-4-2/h3H,1,4-17H2,2H3	
2-methylbutylisobutyrate	InChI=1/C9H18O2/c1-5-8(4)6-11-9(10)7(2)3/h7-8H,5-6H2,1-4H3	
beta-atlantol		beta-atlantol is unparsable due to the following being uninterpretable: beta-atlantol The following was not parseable: atlantol
dimethoxyencecalin		dimethoxyencecalin is unparsable due to the following being uninterpretable: encecalin The following was not parseable: encecalin
alpha-calacorene		Unrecognised unicode character: 
2-dodecanone	InChI=1/C12H24O/c1-3-4-5-6-7-8-9-10-11-12(2)13/h3-11H2,1-2H3	
sabinene hydrate		sabinene hydrate is unparsable due to the following being uninterpretable: sabinene hydrate The following was not parseable: sabinene hydrate
(z)-2-heptenylacetate	InChI=1/C9H16O2/c1-2-3-4-5-6-7-8-9(10)11/h6-7H,2-5,8H2,1H3,(H,10,11)/p-1/b7-6-/fC9H15O2/q-1	
salicylaldehyde	InChI=1/C7H6O2/c8-5-6-3-1-2-4-7(6)9/h1-5,9H	
dill apiole		dill apiole is unparsable due to the following being uninterpretable: dill apiole The following was not parseable: ll apiole
o-cymene	InChI=1/C10H14/c1-8(2)10-7-5-4-6-9(10)3/h4-8H,1-3H3	
ethyl tetradecanoate	InChI=1/C16H32O2/c1-3-5-6-7-8-9-10-11-12-13-14-15-16(17)18-4-2/h3-15H2,1-2H3	
8-hydroxy bicyclogermacrene*		8-hydroxy bicyclogermacrene* is unparsable due to the following being uninterpretable: bicyclogermacrene* The following was not parseable: acrene*
cis-jasmone		cis-jasmone is unparsable due to the following being uninterpretable: cis-jasmone The following was not parseable: jasmone
(z)-alpha-santalol		(z)-alpha-santalol is unparsable due to the following being uninterpretable: (z)-alpha-santalol The following was not parseable: santalol
cubenen-11-ol		Could not find the atom with locant 11.
methyl isovalerate	InChI=1/C6H12O2/c1-5(2)4-6(7)8-3/h5H,4H2,1-3H3	
trans-sabinyl acetate		trans-sabinyl acetate is unparsable due to the following being uninterpretable: trans-sabinyl acetate The following was not parseable: sabinyl acetate
caryophylla-2(12),6-diene-5-beta-ol		caryophylla-2(12),6-diene-5-beta-ol'' is unparsable due to the following being uninterpretable: ''caryophylla-2(12),6-diene-5-beta-ol'' The following was not parseable: ''caryophylla-2(12),6-diene-5-beta-ol''
diterpenes		diterpenes is unparsable due to the following being uninterpretable: diterpenes The following was not parseable: penes
cis-chrysanthenol		cis-chrysanthenol is unparsable due to the following being uninterpretable: cis-chrysanthenol The following was not parseable: anthenol
2-octanone	InChI=1/C8H16O/c1-3-4-5-6-7-8(2)9/h3-7H2,1-2H3	
cis-verbenol		cis-verbenol is unparsable due to the following being uninterpretable: cis-verbenol The following was not parseable: verbenol
10-hydroxy cadin-4-ene-3-one		10-hydroxy cadin-4-ene-3-one is unparsable due to the following being uninterpretable: cadin-4-ene-3-one The following was not parseable: cadin-4-ene-3-one
ethylacetate	InChI=1/C4H8O2/c1-3-6-4(2)5/h3H2,1-2H3	
(z,z)-alpha-farnesene		(z,z)-alpha-farnesene'' is unparsable due to the following being uninterpretable: ''(z,z)-alpha-farnesene'' The following was not parseable: ''(z,z)-alpha-farnesene''
3-thujopsanone		3-thujopsanone is unparsable due to the following being uninterpretable: 3-thujopsanone The following was not parseable: psanone
1-phenylethanol	InChI=1/C8H10O/c1-7(9)8-5-3-2-4-6-8/h2-7,9H,1H3	
beta-fenchol		beta-fenchol is unparsable due to the following being uninterpretable: beta-fenchol The following was not parseable: fenchol
sabinol		sabinol is unparsable due to the following being uninterpretable: sabinol The following was not parseable: sabinol
bornyl formate	InChI=1/C11H18O2/c1-10(2)8-4-5-11(10,3)9(6-8)13-7-12/h7-9H,4-6H2,1-3H3	
2-methylpropan-1-ol	InChI=1/C4H10O/c1-4(2)3-5/h4-5H,3H2,1-2H3	
epi-1-cubenol		epi-1-cubenol is unparsable due to the following being uninterpretable: epi-1-cubenol The following was not parseable: pi-1-cubenol
5-undecanole		5-undecanole is unparsable due to the following being uninterpretable: e The following was not parseable: e
caryophyllenyl alcohol		caryophyllenyl alcohol is unparsable due to the following being uninterpretable: caryophyllenyl alcohol The following was not parseable: yophyllenyl alcohol
cis-muurola-3,5-diene		cis-muurola-3,5-diene'' is unparsable due to the following being uninterpretable: ''cis-muurola-3,5-diene'' The following was not parseable: ''cis-muurola-3,5-diene''
delta-pinene		Unable to assign all locants. This locant was not assigned: delta
di-epi-alpha-cedrene		di-epi-alpha-cedrene is unparsable due to the following being uninterpretable: di-epi-alpha-cedrene The following was not parseable: pi-alpha-cedrene
selina-3,7(11)-diene		selina-3,7(11)-diene'' is unparsable due to the following being uninterpretable: ''selina-3,7(11)-diene'' The following was not parseable: ''selina-3,7(11)-diene''
junipercamphor		junipercamphor is unparsable due to the following being uninterpretable: junipercamphor The following was not parseable: junipercamphor
1-octanol	InChI=1/C8H18O/c1-2-3-4-5-6-7-8-9/h9H,2-8H2,1H3	
y-curcumenal		y-curcumenal is unparsable due to the following being uninterpretable: y-curcumenal The following was not parseable: y-curcumenal
citronellic acid	InChI=1/C10H18O2/c1-8(2)5-4-6-9(3)7-10(11)12/h5,9H,4,6-7H2,1-3H3,(H,11,12)/f/h11H	
beta-himachalene		beta-himachalene is unparsable due to the following being uninterpretable: beta-himachalene The following was not parseable: himachalene
ethyl hexadecanoate	InChI=1/C18H36O2/c1-3-5-6-7-8-9-10-11-12-13-14-15-16-17-18(19)20-4-2/h3-17H2,1-2H3	
propyl sovalerate		propyl sovalerate is unparsable due to the following being uninterpretable: sovalerate The following was not parseable: sovalerate
4-methylthiobutyl isothiocynate		4-methylthiobutyl isothiocynate is unparsable due to the following being uninterpretable: isothiocynate The following was not parseable: thiocynate
linalyl propionate	InChI=1/C13H22O2/c1-6-12(14)15-13(5,7-2)10-8-9-11(3)4/h7,9H,2,6,8,10H2,1,3-5H3	
alpha-calacorene+n.i. m+220		alpha-calacorene+n.i. m+220 is unparsable due to the following being uninterpretable: alpha-calacorene+n.i. m+220 The following was not parseable: calacorene+n.i. m+220
ethyl hydroquinone	InChI=1/C8H10O2/c1-2-6-5-7(9)3-4-8(6)10/h3-5,9-10H,2H2,1H3	
7-alpha-h-silphiperphol-5-ene		7-alpha-h-silphiperphol-5-ene is unparsable due to the following being uninterpretable: 7-alpha-h-silphiperphol-5-ene The following was not parseable: h-silphiperphol-5-ene
cis-beta-terpineold		cis-beta-terpineold is unparsable due to the following being uninterpretable: cis-beta-terpineold The following was not parseable: eold
undecanone	InChI=1/C11H22O/c1-3-4-5-6-7-8-9-10-11(2)12/h3-10H2,1-2H3	
benzocyclobutane	InChI=1/C8H8/c1-2-4-8-6-5-7(8)3-1/h1-4H,5-6H2	
epizonarene		epizonarene is unparsable due to the following being uninterpretable: epizonarene The following was not parseable: pizonarene
cinnamyl isovalerate	InChI=1/C14H18O2/c1-12(2)11-14(15)16-10-6-9-13-7-4-3-5-8-13/h3-9,12H,10-11H2,1-2H3	
dodecane	InChI=1/C12H26/c1-3-5-7-9-11-12-10-8-6-4-2/h3-12H2,1-2H3	
caryophylla-alpha-4(14),8(15)-diene-5-beta-ol		caryophylla-alpha-4(14),8(15)-diene-5-beta-ol'' is unparsable due to the following being uninterpretable: ''caryophylla-alpha-4(14),8(15)-diene-5-beta-ol'' The following was not parseable: ''caryophylla-alpha-4(14),8(15)-diene-5-beta-ol''
t-cadinol		t-cadinol is unparsable due to the following being uninterpretable: t-cadinol The following was not parseable: cadinol
lavandulyl acetate		lavandulyl acetate is unparsable due to the following being uninterpretable: lavandulyl acetate The following was not parseable: avandulyl acetate
Sabiene		Sabiene is unparsable due to the following being uninterpretable: Sabiene The following was not parseable: Sabiene
1-(methyl)-naphthalene	InChI=1/C11H10/c1-9-5-4-7-10-6-2-3-8-11(9)10/h2-8H,1H3	
(e,z)-2,4-decadienal		(e,z)-2,4-decadienal'' is unparsable due to the following being uninterpretable: ''(e,z)-2,4-decadienal'' The following was not parseable: ''(e,z)-2,4-decadienal''
trans-dihydrocarvone		trans-dihydrocarvone is unparsable due to the following being uninterpretable: carvone The following was not parseable: vone
(z)-p-ocimene		(z)-p-ocimene is unparsable due to the following being uninterpretable: (z)-p-ocimene The following was not parseable: ocimene
(e)-alpha-bisabolene		(e)-alpha-bisabolene is unparsable due to the following being uninterpretable: (e)-alpha-bisabolene The following was not parseable: abolene
humulene epoxide-iii		humulene epoxide-iii is unparsable due to the following being uninterpretable: humulene epoxide-iii The following was not parseable: humulene epoxide-iii
isobazzanene		isobazzanene is unparsable due to the following being uninterpretable: isobazzanene The following was not parseable: bazzanene
trans-limonene oxide		trans-limonene oxide is unparsable due to the following being uninterpretable: trans-limonene oxide The following was not parseable: imonene oxide
trans -beta-caryophyllene		trans -beta-caryophyllene is unparsable due to the following being uninterpretable: trans -beta-caryophyllene The following was not parseable: -beta-caryophyllene
-cadinol		tau-cadinol is unparsable due to the following being uninterpretable: tau-cadinol The following was not parseable: tau-cadinol
myristyl acetate	InChI=1/C16H32O2/c1-3-4-5-6-7-8-9-10-11-12-13-14-15-18-16(2)17/h3-15H2,1-2H3	
Methanoazulene	InChI=1/C11H8/c1-2-4-8-6-9-7-11(9)10(8)5-3-1/h1-6H,7H2	
furapelargone a		furapelargone a is unparsable due to the following being uninterpretable: furapelargone a The following was not parseable: apelargone a
alpha-selina-11-en-4-ol		alpha-selina-11-en-4-ol is unparsable due to the following being uninterpretable: alpha-selina-11-en-4-ol The following was not parseable: ina-11-en-4-ol
nopinone		nopinone is unparsable due to the following being uninterpretable: nopinone The following was not parseable: nopinone
cedren-8-en-9-alpha-ol		cedren-8-en-9-alpha-ol is unparsable due to the following being uninterpretable: cedren-8-en-9-alpha-ol The following was not parseable: cedren-8-en-9-alpha-ol
10-epi- gamma-eudesmol		10-epi- gamma-eudesmol is unparsable due to the following being uninterpretable: 10-epi- gamma-eudesmol The following was not parseable: pi- gamma-eudesmol
perillene		perillene is unparsable due to the following being uninterpretable: perillene The following was not parseable: perillene
p-cymene-8-ol		Could not find the atom with locant 8.
4-methylene-isophorone		Cannot find in scope fragment with atom with locant 4.
epi-13-manoyl oxide		epi-13-manoyl oxide is unparsable due to the following being uninterpretable: epi-13-manoyl oxide The following was not parseable: pi-13-manoyl oxide
geranyl isobutyrate	InChI=1/C14H24O2/c1-11(2)7-6-8-13(5)9-10-16-14(15)12(3)4/h7,9,12H,6,8,10H2,1-5H3/b13-9+	
epi-beta-santalene		epi-beta-santalene is unparsable due to the following being uninterpretable: epi-beta-santalene The following was not parseable: pi-beta-santalene
phenyl acetaldehyde	InChI=1/C8H8O/c9-7-6-8-4-2-1-3-5-8/h1-5,7H,6H2	
methyl geranate	InChI=1/C11H18O2/c1-9(2)6-5-7-10(3)8-11(12)13-4/h6,8H,5,7H2,1-4H3/b10-8+	