Compound_name,PubChem_lookup_name,PubChem_lookup_inchis,PubChem_lookup_cid
"(2,4)-nonadienal","(2,4)-nonadienal",,NA
(2e)-octen-1-ol,(2e)-octen-1-ol,,NA
"(e,e)-2,4-decadienal","(e,e)-2,4-decadienal",,NA
"(e,e)-2,4-hexadienal","(e,e)-2,4-hexadienal",,NA
"(e,e)-alpha-farnesene","(e,e)-alpha-farnesene",,NA
"(e,e)-farnesene","(e,e)-farnesene",,NA
"(e,e)-farnesol","(e,e)-farnesol",,NA
"(e,z)-2,4-decadienal","(e,z)-2,4-decadienal",,NA
"(e,z)-2,4-hexadienal","(e,z)-2,4-hexadienal",,NA
(e)-1-propenyl methyl trisulfide,(e)-1-propenyl methyl trisulfide,,NA
(e)-2-caren-4-ol,(e)-2-caren-4-ol,,NA
(e)-2-decanal,(e)-2-decanal,,NA
(e)-2-decanal,(e)-2-decanal,,NA
(e)-2-decenal,(e)-2-decenal,"InChI=1S/C10H18O/c1-2-3-4-5-6-7-8-9-10-11/h8-10H,2-7H2,1H3/b9-8+",5283345
(e)-2-decenol,(e)-2-decenol,"InChI=1S/C10H20O/c1-2-3-4-5-6-7-8-9-10-11/h8-9,11H,2-7,10H2,1H3/b9-8+",5364942
(e)-2-heptenal,(e)-2-heptenal,"InChI=1S/C7H12O/c1-2-3-4-5-6-7-8/h5-7H,2-4H2,1H3/b6-5+",5283316
(e)-2-hexenal,(e)-2-hexenal,"InChI=1S/C6H10O/c1-2-3-4-5-6-7/h4-6H,2-3H2,1H3/b5-4+",5281168
(e)-2-hexenol,(e)-2-hexenol,"InChI=1S/C6H12O/c1-2-3-4-5-6-7/h4-5,7H,2-3,6H2,1H3/b5-4+",5318042
(e)-2-hexyl butyrate,(e)-2-hexyl butyrate,,NA
(e)-2-nonenal,(e)-2-nonenal,"InChI=1S/C9H16O/c1-2-3-4-5-6-7-8-9-10/h7-9H,2-6H2,1H3/b8-7+",5283335
(e)-2-tridecenal,(e)-2-tridecenal,"InChI=1S/C13H24O/c1-2-3-4-5-6-7-8-9-10-11-12-13-14/h11-13H,2-10H2,1H3/b12-11+",5283363
"(e)-2,(z)-6-decadienal","(e)-2,(z)-6-decadienal",,NA
"(e)-2,2-decenal","(e)-2,2-decenal",,NA
(e)-3-hexenol,(e)-3-hexenol,"InChI=1S/C6H12O/c1-2-3-4-5-6-7/h3-4,7H,2,5-6H2,1H3/b4-3-",5281167
(e)-alpha-bisabolene,(e)-alpha-bisabolene,"InChI=1S/C15H24/c1-12(2)6-5-7-14(4)15-10-8-13(3)9-11-15/h6-8,15H,5,9-11H2,1-4H3/b14-7+",5315468
(e)-alpha-ionone,(e)-alpha-ionone,"InChI=1S/C13H20O/c1-10-6-5-9-13(3,4)12(10)8-7-11(2)14/h6-8,12H,5,9H2,1-4H3/b8-7+",5282108
(e)-anethole,(e)-anethole,"InChI=1S/C10H12O/c1-3-4-9-5-7-10(11-2)8-6-9/h3-8H,1-2H3/b4-3+",637563
(e)-anethole+bornyl acetate,(e)-anethole+bornyl acetate,,NA
(e)-beta- ocimene,(e)-beta- ocimene,,NA
(e)-beta-farnesene,(e)-beta-farnesene,"InChI=1S/C15H24/c1-6-14(4)10-8-12-15(5)11-7-9-13(2)3/h6,9,12H,1,4,7-8,10-11H2,2-3,5H3",10407
(e)-beta-ionone,(e)-beta-ionone,"InChI=1S/C13H20O/c1-10-6-5-9-13(3,4)12(10)8-7-11(2)14/h7-8H,5-6,9H2,1-4H3/b8-7+",638014
(e)-beta-ocimene,(e)-beta-ocimene,"InChI=1S/C10H16/c1-5-10(4)8-6-7-9(2)3/h5,7-8H,1,6H2,2-4H3/b10-8+",5281553
(e)-beta-terpineol,(e)-beta-terpineol,"InChI=1S/C10H18O/c1-8(2)9-4-6-10(3,11)7-5-9/h9,11H,1,4-7H2,2-3H3",8748
(e)-caryophyllene,(e)-caryophyllene,"InChI=1S/C15H24/c1-11-6-5-7-12(2)13-10-15(3,4)14(13)9-8-11/h6,13-14H,2,5,7-10H2,1,3-4H3/b11-6+/t13-,14-/m1/s1",5281515
(e)-cinnamaldehyde,(e)-cinnamaldehyde,InChI=1S/C9H8O/c10-8-4-7-9-5-2-1-3-6-9/h1-8H/b7-4+,637511
(e)-cinnamyl acetate,(e)-cinnamyl acetate,"InChI=1S/C11H12O2/c1-10(12)13-9-5-8-11-6-3-2-4-7-11/h2-8H,9H2,1H3/b8-5+",5282110
(e)-cinnamyl valerate,(e)-cinnamyl valerate,,NA
(e)-citronellyl tiglate,(e)-citronellyl tiglate,"InChI=1S/C15H26O2/c1-6-14(5)15(16)17-11-10-13(4)9-7-8-12(2)3/h6,8,13H,7,9-11H2,1-5H3/b14-6+",6386037
(e)-foeniculin,(e)-foeniculin,,NA
(e)-gamma-bisabolene,(e)-gamma-bisabolene,"InChI=1S/C15H24/c1-12(2)6-5-7-14(4)15-10-8-13(3)9-11-15/h6,8H,5,7,9-11H2,1-4H3/b15-14-",5352437
(e)-geranyl acetone,(e)-geranyl acetone,"InChI=1S/C13H22O/c1-11(2)7-5-8-12(3)9-6-10-13(4)14/h7,9H,5-6,8,10H2,1-4H3/b12-9-",1713001
(e)-ligustilide,(e)-ligustilide,"InChI=1S/C12H14O2/c1-2-3-8-11-9-6-4-5-7-10(9)12(13)14-11/h5,7-8H,2-4,6H2,1H3/b11-8+",5877292
(e)-methyl cinnamate,(e)-methyl cinnamate,"InChI=1S/C10H10O2/c1-12-10(11)8-7-9-5-3-2-4-6-9/h2-8H,1H3/b8-7+",637520
(e)-methyl isoeugenol,(e)-methyl isoeugenol,"InChI=1S/C11H14O2/c1-4-5-9-6-7-10(12-2)11(8-9)13-3/h4-8H,1-3H3/b5-4+",637776
(e)-nerolidol,(e)-nerolidol,"InChI=1S/C15H26O/c1-6-15(5,16)12-8-11-14(4)10-7-9-13(2)3/h6,9,11,16H,1,7-8,10,12H2,2-5H3/b14-11+",5284507
(e)-nerolidol acetate,(e)-nerolidol acetate,,NA
(e)-nuciferol,(e)-nuciferol,"InChI=1S/C15H22O/c1-13-8-10-15(11-9-13)7-5-3-4-6-14(2)12-16/h6,8-11,16H,3-5,7,12H2,1-2H3/b14-6+",6429177
(e)-p-menth-2-en-1-ol,(e)-p-menth-2-en-1-ol,"InChI=1S/C10H18O/c1-8(2)9-4-6-10(3,11)7-5-9/h4,6,8-9,11H,5,7H2,1-3H3/t9-,10-/m0/s1",122484
(e)-sesquilavandulol,(e)-sesquilavandulol,"InChI=1S/C15H26O/c1-12(2)7-6-8-14(5)9-10-15(11-16)13(3)4/h7,9,15-16H,3,6,8,10-11H2,1-2,4-5H3/b14-9+",5352145
(e)-sesquilavandulylacetate,(e)-sesquilavandulylacetate,,NA
(e)-tagetenone,(e)-tagetenone,"InChI=1S/C10H14O/c1-5-9(4)7-10(11)6-8(2)3/h5-7H,1H2,2-4H3/b9-7+",6428431
(e)-theaspirane,(e)-theaspirane,,NA
"(z,e)-alpha-farnesene","(z,e)-alpha-farnesene",,NA
"(z,z)-alpha-farnesene","(z,z)-alpha-farnesene",,NA
"(z,z)-octadeca-9,12-dienoic acid","(z,z)-octadeca-9,12-dienoic acid",,NA
(z)-2-heptenylacetate,(z)-2-heptenylacetate,,NA
(z)-3-hexenal,(z)-3-hexenal,"InChI=1S/C6H10O/c1-2-3-4-5-6-7/h3-4,6H,2,5H2,1H3/b4-3-",643941
(z)-3-hexenol,(z)-3-hexenol,"InChI=1S/C6H12O/c1-2-3-4-5-6-7/h3-4,7H,2,5-6H2,1H3/b4-3-",5281167
(z)-3-hexenyl benzoate,(z)-3-hexenyl benzoate,"InChI=1S/C13H16O2/c1-2-3-4-8-11-15-13(14)12-9-6-5-7-10-12/h3-7,9-10H,2,8,11H2,1H3/b4-3-",5367706
(z)-3-hexenyl hexanoate,(z)-3-hexenyl hexanoate,"InChI=1S/C12H22O2/c1-3-5-7-9-11-14-12(13)10-8-6-4-2/h5,7H,3-4,6,8-11H2,1-2H3/b7-5-",5352543
(z)-3-hexenyl tiglate,(z)-3-hexenyl tiglate,,NA
(z)-9-hexadecenoic acid,(z)-9-hexadecenoic acid,"InChI=1S/C16H30O2/c1-2-3-4-5-6-7-8-9-10-11-12-13-14-15-16(17)18/h7-8H,2-6,9-15H2,1H3,(H,17,18)/b8-7-",445638
(z)-alpha-bisabolene,(z)-alpha-bisabolene,"InChI=1S/C15H24/c1-12(2)6-5-7-14(4)15-10-8-13(3)9-11-15/h6-8,15H,5,9-11H2,1-4H3/b14-7-",5352653
(z)-alpha-santalol,(z)-alpha-santalol,"InChI=1S/C15H24O/c1-10(9-16)5-4-6-14(2)11-7-12-13(8-11)15(12,14)3/h5,11-13,16H,4,6-9H2,1-3H3/b10-5-",5281531
(z)-alpha-trans-bergamotol,(z)-alpha-trans-bergamotol,,NA
(z)-anethole,(z)-anethole,"InChI=1S/C10H12O/c1-3-4-9-5-7-10(11-2)8-6-9/h3-8H,1-2H3/b4-3-",1549040
(z)-beta-farnesene,(z)-beta-farnesene,,NA
(z)-beta-ocimene,(z)-beta-ocimene,"InChI=1S/C10H16/c1-5-10(4)8-6-7-9(2)3/h5,7-8H,1,6H2,2-4H3/b10-8-",5320250
(z)-chrysanthenyl acetate,(z)-chrysanthenyl acetate,,NA
(z)-cinnamyl acetate,(z)-cinnamyl acetate,"InChI=1S/C11H12O2/c1-10(12)13-9-5-8-11-6-3-2-4-7-11/h2-8H,9H2,1H3/b8-5-",5315912
(z)-epoxy-ocimene,(z)-epoxy-ocimene,,NA
(z)-gamma-bisabolene,(z)-gamma-bisabolene,"InChI=1S/C15H24/c1-12(2)6-5-7-14(4)15-10-8-13(3)9-11-15/h6,8H,5,7,9-11H2,1-4H3/b15-14+",3033866
(z)-isosafrole,(z)-isosafrole,,NA
(z)-ligustilide,(z)-ligustilide,"InChI=1S/C12H14O2/c1-2-3-8-11-9-6-4-5-7-10(9)12(13)14-11/h5,7-8H,2-4,6H2,1H3/b11-8-",5319022
(z)-methyl isoeugenol,(z)-methyl isoeugenol,"InChI=1S/C11H14O2/c1-4-5-9-6-7-10(12-2)11(8-9)13-3/h4-8H,1-3H3/b5-4-",1549045
(z)-myroxide,(z)-myroxide,"InChI=1S/C10H16O/c1-5-8(2)6-7-9-10(3,4)11-9/h5-6,9H,1,7H2,2-4H3/b8-6-",14701631
(z)-nerolidol,(z)-nerolidol,"InChI=1S/C15H26O/c1-6-15(5,16)12-8-11-14(4)10-7-9-13(2)3/h6,9,11,16H,1,7-8,10,12H2,2-5H3",8888
(z)-nuciferal,(z)-nuciferal,"InChI=1S/C15H20O/c1-13-8-10-15(11-9-13)7-5-3-4-6-14(2)12-16/h6,8-12H,3-5,7H2,1-2H3/b14-6-",6429179
(z)-nuciferol,(z)-nuciferol,,NA
(z)-p-menth-2-en-1-ol,(z)-p-menth-2-en-1-ol,"InChI=1S/C10H18O/c1-8(2)9-4-6-10(3,11)7-5-9/h4,6,8-9,11H,5,7H2,1-3H3/t9-,10+/m0/s1",13918681
(z)-p-ocimene,(z)-p-ocimene,,NA
(z)-tagetenone,(z)-tagetenone,"InChI=1S/C10H14O/c1-5-9(4)7-10(11)6-8(2)3/h5-7H,1H2,2-4H3/b9-7-",6428432
(z)-tagetone,(z)-tagetone,"InChI=1S/C10H16O/c1-5-9(4)7-10(11)6-8(2)3/h5,7-8H,1,6H2,2-4H3/b9-7-",5368956
(z)-trans-alpha-bergamotol,(z)-trans-alpha-bergamotol,,NA
(Z)-Verbenol,(Z)-Verbenol,,NA
"1-(e,z)-3,5-undecatriene","1-(e,z)-3,5-undecatriene",,NA
1-(methyl)-naphthalene,1-(methyl)-naphthalene,,NA
1-amyloxy-1-ethoxy ethane,1-amyloxy-1-ethoxy ethane,,NA
1-epi-cubenol,1-epi-cubenol,"InChI=1S/C15H26O/c1-10(2)13-6-5-12(4)15(16)8-7-11(3)9-14(13)15/h9-10,12-14,16H,5-8H2,1-4H3",519857
1-ethyl-2-phenylcycropropane,1-ethyl-2-phenylcycropropane,,NA
1-h-indole,1-h-indole,"InChI=1S/C8H7N/c1-2-4-8-7(3-1)5-6-9-8/h1-6,9H",798
1-hexadecanol,1-hexadecanol,"InChI=1S/C16H34O/c1-2-3-4-5-6-7-8-9-10-11-12-13-14-15-16-17/h17H,2-16H2,1H3",2682
1-hexadecene,1-hexadecene,"InChI=1S/C16H32/c1-3-5-7-9-11-13-15-16-14-12-10-8-6-4-2/h3H,1,4-16H2,2H3",12395
1-methyl-4-heptenol,1-methyl-4-heptenol,,NA
1-nonen-3-ol,1-nonen-3-ol,"InChI=1S/C9H18O/c1-3-5-6-7-8-9(10)4-2/h4,9-10H,2-3,5-8H2,1H3",89560
1-octadecene,1-octadecene,"InChI=1S/C18H36/c1-3-5-7-9-11-13-15-17-18-16-14-12-10-8-6-4-2/h3H,1,4-18H2,2H3",8217
1-octanol,1-octanol,"InChI=1S/C8H18O/c1-2-3-4-5-6-7-8-9/h9H,2-8H2,1H3",957
1-octen-3-ol,1-octen-3-ol,"InChI=1S/C8H16O/c1-3-5-6-7-8(9)4-2/h4,8-9H,2-3,5-7H2,1H3",18827
1-pentadecene,1-pentadecene,"InChI=1S/C15H30/c1-3-5-7-9-11-13-15-14-12-10-8-6-4-2/h3H,1,4-15H2,2H3",25913
1-phenylethanol,1-phenylethanol,"InChI=1S/C8H10O/c1-7(9)8-5-3-2-4-6-8/h2-7,9H,1H3",7409
1-undecene,1-undecene,"InChI=1S/C11H22/c1-3-5-7-9-11-10-8-6-4-2/h3H,1,4-11H2,2H3",13190
"1, 10-epi-cubenol","1, 10-epi-cubenol",,NA
"1,10-di-epi-cubenol","1,10-di-epi-cubenol",,NA
"1,10-diepicubenol","1,10-diepicubenol",,NA
"1,10-epi-cubenol","1,10-epi-cubenol",,NA
"1,2-benzenedicarboxylic acid","1,2-benzenedicarboxylic acid",,NA
"1,2-dimethylbenzene","1,2-dimethylbenzene",,NA
"1,2,3,4-Tetrahydro-1,5,7-trimethyl naphthalene","1,2,3,4-Tetrahydro-1,5,7-trimethyl naphthalene",,NA
"1,3-(e),5(z)-octatriene","1,3-(e),5(z)-octatriene",,NA
"1,3-elemadien-6-ol","1,3-elemadien-6-ol",,NA
"1,3,8-alpha-epi-cubenol","1,3,8-alpha-epi-cubenol",,NA
"1,3,8-p-menthatriene","1,3,8-p-menthatriene",,NA
"1,4-cadinadienea","1,4-cadinadienea",,NA
"1,5-epoxy-salvial-4(14)-ene","1,5-epoxy-salvial-4(14)-ene",,NA
"1,5-epoxy-salvial(4)14-ene","1,5-epoxy-salvial(4)14-ene",,NA
"1,8 cineole","1,8 cineole",,NA
"1,8-cineol","1,8-cineol",,NA
"1,8-cineole","1,8-cineole",,NA
"1,8-cineole + limonene","1,8-cineole + limonene",,NA
10-epi- gamma-eudesmol,10-epi- gamma-eudesmol,,NA
10-epi-alpha-cadinol,10-epi-alpha-cadinol,"InChI=1S/C15H26O/c1-10(2)12-7-8-15(4,16)14-6-5-11(3)9-13(12)14/h9-10,12-14,16H,5-8H2,1-4H3/t12-,13-,14+,15-/m0/s1",160799
10-epi-gamma eudesmol,10-epi-gamma eudesmol,,NA
10-epi-gamma-eudesmol,10-epi-gamma-eudesmol,"InChI=1S/C15H26O/c1-11-6-5-8-15(4)9-7-12(10-13(11)15)14(2,3)16/h12,16H,5-10H2,1-4H3/t12-,15+/m1/s1",6430754
10-hydroxy cadin-4-ene-3-one,10-hydroxy cadin-4-ene-3-one,,NA
13-tetradecanolide,13-tetradecanolide,"InChI=1S/C14H26O2/c1-13-11-9-7-5-3-2-4-6-8-10-12-14(15)16-13/h13H,2-12H2,1H3",543405
14-hydroxy-9-epi-beta-caryophyllene,14-hydroxy-9-epi-beta-caryophyllene,,NA
14-hydroxy-alpha-muurolene,14-hydroxy-alpha-muurolene,,NA
14-hydroxy-beta-caryophyllene,14-hydroxy-beta-caryophyllene,,NA
2-butanol,2-butanol,"InChI=1S/C4H10O/c1-3-4(2)5/h4-5H,3H2,1-2H3",6568
2-decanone,2-decanone,"InChI=1S/C10H20O/c1-3-4-5-6-7-8-9-10(2)11/h3-9H2,1-2H3",12741
2-dodecanone,2-dodecanone,"InChI=1S/C12H24O/c1-3-4-5-6-7-8-9-10-11-12(2)13/h3-11H2,1-2H3",22556
2-dodecenal,2-dodecenal,"InChI=1S/C12H22O/c1-2-3-4-5-6-7-8-9-10-11-12-13/h10-12H,2-9H2,1H3/b11-10+",5283361
2-ethyl-6-methylpyrazine,2-ethyl-6-methylpyrazine,"InChI=1S/C7H10N2/c1-3-7-5-8-4-6(2)9-7/h4-5H,3H2,1-2H3",26332
2-heptadecanone,2-heptadecanone,"InChI=1S/C17H34O/c1-3-4-5-6-7-8-9-10-11-12-13-14-15-16-17(2)18/h3-16H2,1-2H3",18027
2-heptanol,2-heptanol,"InChI=1S/C7H16O/c1-3-4-5-6-7(2)8/h7-8H,3-6H2,1-2H3",10976
2-methoxy-3-(1-methylpropyl)-pyrazine,2-methoxy-3-(1-methylpropyl)-pyrazine,"InChI=1S/C9H14N2O/c1-4-7(2)8-9(12-3)11-6-5-10-8/h5-7H,4H2,1-3H3",520098
"2-methyl-6-methylene-3,7-octadien-2-ol","2-methyl-6-methylene-3,7-octadien-2-ol",,NA
2-methylbutanol,2-methylbutanol,"InChI=1S/C5H12O/c1-3-5(2)4-6/h5-6H,3-4H2,1-2H3",8723
2-methylbutylisobutyrate,2-methylbutylisobutyrate,,NA
2-methylbutyltiglate,2-methylbutyltiglate,,NA
2-methylpropan-1-ol,2-methylpropan-1-ol,"InChI=1S/C4H10O/c1-4(2)3-5/h4-5H,3H2,1-2H3",6560
2-methyltiobenzotiazol,2-methyltiobenzotiazol,,NA
2-nitroethanol,2-nitroethanol,"InChI=1S/C2H5NO3/c4-2-1-3(5)6/h4H,1-2H2",12252
2-nonanone,2-nonanone,"InChI=1S/C9H18O/c1-3-4-5-6-7-8-9(2)10/h3-8H2,1-2H3",13187
2-octanone,2-octanone,"InChI=1S/C8H16O/c1-3-4-5-6-7-8(2)9/h3-7H2,1-2H3",8093
2-pentylfuran,2-pentylfuran,"InChI=1S/C9H14O/c1-2-3-4-6-9-7-5-8-10-9/h5,7-8H,2-4,6H2,1H3",19602
2-phenethyl alcohol,2-phenethyl alcohol,"InChI=1S/C8H10O/c9-7-6-8-4-2-1-3-5-8/h1-5,9H,6-7H2",6054
2-phenylethanol,2-phenylethanol,"InChI=1S/C8H10O/c9-7-6-8-4-2-1-3-5-8/h1-5,9H,6-7H2",6054
2-phenylethylacetate,2-phenylethylacetate,"InChI=1S/C10H12O2/c1-9(11)12-8-7-10-5-3-2-4-6-10/h2-6H,7-8H2,1H3",7654
2-phenylethylisovalerate,2-phenylethylisovalerate,,NA
2-phenylethylpropionate,2-phenylethylpropionate,"InChI=1S/C11H14O2/c1-2-11(12)13-9-8-10-6-4-3-5-7-10/h3-7H,2,8-9H2,1H3",31225
2-tridecanone,2-tridecanone,"InChI=1S/C13H26O/c1-3-4-5-6-7-8-9-10-11-12-13(2)14/h3-12H2,1-2H3",11622
2-tridecanonene,2-tridecanonene,,NA
2-undecanone,2-undecanone,"InChI=1S/C11H22O/c1-3-4-5-6-7-8-9-10-11(2)12/h3-10H2,1-2H3",8163
"2,3,4-trimethylbenzaldehyde","2,3,4-trimethylbenzaldehyde",,NA
"2,4-dimethylphenol","2,4-dimethylphenol",,NA
"2,4,5-trimethylbenzaldehyde","2,4,5-trimethylbenzaldehyde",,NA
"2,4,6-trimethylbenzene","2,4,6-trimethylbenzene",,NA
"2,6-dimethyl-1,3(e),s(z),7-octatetraene","2,6-dimethyl-1,3(e),s(z),7-octatetraene",,NA
"2,6-dimethyl-1,7-octadiene-3,6-diol","2,6-dimethyl-1,7-octadiene-3,6-diol",,NA
"2,6-dimethyl-3(e),5(e),7-octatrien-2-ol","2,6-dimethyl-3(e),5(e),7-octatrien-2-ol",,NA
2(e)-hexenal,2(e)-hexenal,,NA
22-beta-hydroxyoleanonic acid,22-beta-hydroxyoleanonic acid,,NA
3-carene,3-carene,"InChI=1S/C10H16/c1-7-4-5-8-9(6-7)10(8,2)3/h4,8-9H,5-6H2,1-3H3",26049
"3-ethyl-3,5-dimethylpyrazine","3-ethyl-3,5-dimethylpyrazine",,NA
3-heptanone,3-heptanone,"InChI=1S/C7H14O/c1-3-5-6-7(8)4-2/h3-6H2,1-2H3",7802
3-hepten-2-one,3-hepten-2-one,"InChI=1S/C7H12O/c1-3-4-5-6-7(2)8/h5-6H,3-4H2,1-2H3/b6-5+",5364578
3-hexenol,3-hexenol,"InChI=1S/C6H12O/c1-2-3-4-5-6-7/h3-4,7H,2,5-6H2,1H3/b4-3-",5281167
3-hydroxy-2-butanone,3-hydroxy-2-butanone,"InChI=1S/C4H8O2/c1-3(5)4(2)6/h3,5H,1-2H3",179
3-methylbutanal,3-methylbutanal,"InChI=1S/C5H10O/c1-5(2)3-4-6/h4-5H,3H2,1-2H3",11552
3-methylbutyl hexanoate,3-methylbutyl hexanoate,"InChI=1S/C11H22O2/c1-4-5-6-7-11(12)13-9-8-10(2)3/h10H,4-9H2,1-3H3",16617
3-methylthiopropanal,3-methylthiopropanal,"InChI=1S/C4H8OS/c1-6-4-2-3-5/h3H,2,4H2,1H3",18635
3-octanol,3-octanol,"InChI=1S/C8H18O/c1-3-5-6-7-8(9)4-2/h8-9H,3-7H2,1-2H3",11527
3-octanone,3-octanone,"InChI=1S/C8H16O/c1-3-5-6-7-8(9)4-2/h3-7H2,1-2H3",246728
3-octyl acetate,3-octyl acetate,"InChI=1S/C10H20O2/c1-4-6-7-8-10(5-2)12-9(3)11/h10H,4-8H2,1-3H3",521238
3-phenylpropanal,3-phenylpropanal,"InChI=1S/C9H10O/c10-8-4-7-9-5-2-1-3-6-9/h1-3,5-6,8H,4,7H2",7707
3-thujene,3-thujene,"InChI=1S/C10H16/c1-7(2)10-5-4-8(3)9(10)6-10/h4,7,9H,5-6H2,1-3H3",17868
3-thujopsanone,3-thujopsanone,"InChI=1S/C15H24O/c1-10-11-8-15(11)13(2,3)6-5-7-14(15,4)9-12(10)16/h10-11H,5-9H2,1-4H3/t10-,11-,14-,15-/m0/s1",13893399
"3,4-dimethyl-1,5-heptadiene","3,4-dimethyl-1,5-heptadiene",,NA
"3,4-dimethyl-5-pentylidene-2(5h)-furanone","3,4-dimethyl-5-pentylidene-2(5h)-furanone",,NA
4-hydroxy-2-methyl acetophenone,4-hydroxy-2-methyl acetophenone,,NA
4-isopropyl phenol,4-isopropyl phenol,"InChI=1S/C9H12O/c1-7(2)8-3-5-9(10)6-4-8/h3-7,10H,1-2H3",7465
"4-isopropyl-6-methyl-1,2,3,4-tetrahydronaphthalen-1-one","4-isopropyl-6-methyl-1,2,3,4-tetrahydronaphthalen-1-one",,NA
4-methylene-isophorone,4-methylene-isophorone,,NA
4-methylpentylisothiocynate,4-methylpentylisothiocynate,,NA
4-methylthiobutyl isothiocynate,4-methylthiobutyl isothiocynate,,NA
4-terpineol,4-terpineol,"InChI=1S/C10H18O/c1-8(2)10(11)6-4-9(3)5-7-10/h4,8,11H,5-7H2,1-3H3",11230
4-vinyl-2-methoxyphenol,4-vinyl-2-methoxyphenol,"InChI=1S/C9H10O2/c1-3-7-4-5-8(10)9(6-7)11-2/h3-6,10H,1H2,2H3",332
"4,3,4-trimetylbenzaldehyde","4,3,4-trimetylbenzaldehyde",,NA
"4a-beta,7-alpha,7a-beta-nepetalactone","4a-beta,7-alpha,7a-beta-nepetalactone",,NA
"5-(3-furyl),2-methyl-1-penten-3-ol","5-(3-furyl),2-methyl-1-penten-3-ol",,NA
5-epi-paradisiol,5-epi-paradisiol,,NA
5-methyl-3-heptanone,5-methyl-3-heptanone,"InChI=1S/C8H16O/c1-4-7(3)6-8(9)5-2/h7H,4-6H2,1-3H3",7822
5-undecanole,5-undecanole,,NA
"6-alpha-hydroxygermacra-1(10),4-diene","6-alpha-hydroxygermacra-1(10),4-diene",,NA
"6-hydroxy-2,2,6-trimethyl-cyclohexanone","6-hydroxy-2,2,6-trimethyl-cyclohexanone",,NA
6-hydroxycarvotanacetone,6-hydroxycarvotanacetone,"InChI=1S/C10H16O2/c1-6(2)8-5-4-7(3)9(11)10(8)12/h4,6,8,10,12H,5H2,1-3H3",72993385
"6-methyl-3,5-heptadien-2-one","6-methyl-3,5-heptadien-2-one",,NA
6-methyl-5-hepten-2-ol,6-methyl-5-hepten-2-ol,"InChI=1S/C8H16O/c1-7(2)5-4-6-8(3)9/h5,8-9H,4,6H2,1-3H3",20745
6-methyl-5-hepten-2-one,6-methyl-5-hepten-2-one,"InChI=1S/C8H14O/c1-7(2)5-4-6-8(3)9/h5H,4,6H2,1-3H3",9862
"6-metyl-3,5-heptadien-2-one","6-metyl-3,5-heptadien-2-one",,NA
6-pentyl-alpha-pyrone,6-pentyl-alpha-pyrone,"InChI=1S/C10H14O2/c1-2-3-4-6-9-7-5-8-10(11)12-9/h5,7-8H,2-4,6H2,1H3",33960
"6,10,14-trimethylpentadecan-2-one","6,10,14-trimethylpentadecan-2-one",,NA
7-alpha-h-silphiperphol-5-ene,7-alpha-h-silphiperphol-5-ene,,NA
7-epi-alpha-selinene,7-epi-alpha-selinene,"InChI=1S/C15H24/c1-11(2)13-7-9-15(4)8-5-6-12(3)14(15)10-13/h6,13-14H,1,5,7-10H2,2-4H3/t13-,14-,15+/m0/s1",10726905
7-isobutyryloxythymolisobutyrate,7-isobutyryloxythymolisobutyrate,,NA
"7alphah,10deltah-cadina-1(6),4-diene","7alphah,10deltah-cadina-1(6),4-diene",,NA
8-hydroxy bicyclogermacrene*,8-hydroxy bicyclogermacrene*,,NA
9-aristolen-1-alpha-ol,9-aristolen-1-alpha-ol,,NA
9-decenol,9-decenol,"InChI=1S/C10H20O/c1-2-3-4-5-6-7-8-9-10-11/h2,11H,1,3-10H2",25612
9-epi-caryophyllene,9-epi-caryophyllene,"InChI=1S/C15H24/c1-11-6-5-7-12(2)13-10-15(3,4)14(13)9-8-11/h6,13-14H,2,5,7-10H2,1,3-4H3/b11-6+/t13-,14+/m1/s1",6429301
9-octadecene,9-octadecene,"InChI=1S/C18H36/c1-3-5-7-9-11-13-15-17-18-16-14-12-10-8-6-4-2/h17-18H,3-16H2,1-2H3/b18-17+",5364599
"9,12-octadecadienoic acid","9,12-octadecadienoic acid",,NA
abietatriene,abietatriene,"InChI=1S/C20H30/c1-14(2)15-7-9-17-16(13-15)8-10-18-19(3,4)11-6-12-20(17,18)5/h7,9,13-14,18H,6,8,10-12H2,1-5H3/t18-,20+/m0/s1",6432211
acetate,acetate,"InChI=1S/C2H4O2/c1-2(3)4/h1H3,(H,3,4)/p-1",175
acetic acid,acetic acid,"InChI=1S/C2H4O2/c1-2(3)4/h1H3,(H,3,4)",176
"acora-3,5-diene-11-ol","acora-3,5-diene-11-ol",,NA
acoradiene,acoradiene,"InChI=1S/C15H24/c1-11(2)14-6-5-13(4)15(14)9-7-12(3)8-10-15/h7,13-14H,1,5-6,8-10H2,2-4H3/t13-,14+,15-/m1/s1",90351
acorone,acorone,"InChI=1S/C15H24O2/c1-9(2)14-12(16)7-11(4)15(14)6-5-10(3)13(17)8-15/h9-11,14H,5-8H2,1-4H3/t10-,11+,14+,15+/m1/s1",5316254
aliphatic hydrocarbons,aliphatic hydrocarbons,,NA
alkane and alkene,alkane and alkene,,NA
allo-ammadendrene,allo-ammadendrene,,NA
allo-aromadandrene,allo-aromadandrene,,NA
allo-aromadendrene,allo-aromadendrene,"InChI=1S/C15H24/c1-9-6-8-12-14(15(12,3)4)13-10(2)5-7-11(9)13/h10-14H,1,5-8H2,2-4H3/t10-,11-,12?,13-,14?/m1/s1",42608158
allo-aromadendrene epoxide,allo-aromadendrene epoxide,"InChI=1S/C15H24O/c1-9-4-5-10-12(9)13-11(14(13,2)3)6-7-15(10)8-16-15/h9-13H,4-8H2,1-3H3/t9-,10?,11-,12?,13-,15?/m0/s1",91746712
allo-ocimene,allo-ocimene,"InChI=1S/C10H16/c1-5-10(4)8-6-7-9(2)3/h5-8H,1-4H3/b8-6+,10-5+",5368821
alpha- humulene,alpha- humulene,,NA
alpha-alaskene,alpha-alaskene,"InChI=1S/C15H24/c1-11(2)14-6-5-13(4)15(14)9-7-12(3)8-10-15/h7,13H,5-6,8-10H2,1-4H3/t13-,15?/m0/s1",6428487
alpha-amorphene,alpha-amorphene,,NA
alpha-aromadendrene,alpha-aromadendrene,"InChI=1S/C15H24/c1-9-6-8-12-14(15(12,3)4)13-10(2)5-7-11(9)13/h10-14H,1,5-8H2,2-4H3/t10-,11+,12?,13-,14?/m1/s1",42608156
alpha-bergamotene,alpha-bergamotene,"InChI=1S/C15H24/c1-11(2)6-5-9-15(4)13-8-7-12(3)14(15)10-13/h6-7,13-14H,5,8-10H2,1-4H3",86608
alpha-bisabolene,alpha-bisabolene,"InChI=1S/C15H24/c1-12(2)6-5-7-14(4)15-10-8-13(3)9-11-15/h6-8,15H,5,9-11H2,1-4H3",86597
alpha-bisabolol,alpha-bisabolol,"InChI=1S/C15H26O/c1-12(2)6-5-11-15(4,16)14-9-7-13(3)8-10-14/h6-7,14,16H,5,8-11H2,1-4H3",10586
alpha-bisabololoxide b,alpha-bisabololoxide b,,NA
alpha-bulnesene,alpha-bulnesene,"InChI=1S/C15H24/c1-10(2)13-7-5-11(3)14-8-6-12(4)15(14)9-13/h12-13,15H,1,5-9H2,2-4H3/t12-,13+,15-/m0/s1",94275
alpha-cadinene,alpha-cadinene,"InChI=1S/C15H24/c1-10(2)13-8-6-12(4)14-7-5-11(3)9-15(13)14/h6,9-10,13-15H,5,7-8H2,1-4H3/t13-,14-,15-/m0/s1",12306048
alpha-cadinol,alpha-cadinol,"InChI=1S/C15H26O/c1-10(2)12-7-8-15(4,16)14-6-5-11(3)9-13(12)14/h9-10,12-14,16H,5-8H2,1-4H3",519662
alpha-calacorene,alpha-calacorene,"InChI=1S/C15H20/c1-10(2)13-8-6-12(4)14-7-5-11(3)9-15(13)14/h5-7,9-10,13H,8H2,1-4H3",528708
alpha-calacorene+n.i. m+220,alpha-calacorene+n.i. m+220,,NA
alpha-campholena,alpha-campholena,,NA
alpha-campholenal,alpha-campholenal,"InChI=1S/C10H16O/c1-8-4-5-9(6-7-11)10(8,2)3/h4,7,9H,5-6H2,1-3H3/t9-/m1/s1",1252759
alpha-campholenicaldehyde,alpha-campholenicaldehyde,,NA
alpha-caryophyllene,alpha-caryophyllene,"InChI=1S/C15H24/c1-13-7-5-8-14(2)10-12-15(3,4)11-6-9-13/h6-7,10-11H,5,8-9,12H2,1-4H3",23204
alpha-cedrene,alpha-cedrene,"InChI=1S/C15H24/c1-10-7-8-15-9-12(10)14(3,4)13(15)6-5-11(15)2/h7,11-13H,5-6,8-9H2,1-4H3",521207
alpha-copaene,alpha-copaene,"InChI=1S/C15H24/c1-9(2)11-7-8-15(4)12-6-5-10(3)14(15)13(11)12/h5,9,11-14H,6-8H2,1-4H3/t11-,12-,13-,14?,15-/m0/s1",70678558
alpha-copane,alpha-copane,,NA
alpha-cubebene,alpha-cubebene,"InChI=1S/C15H24/c1-9(2)12-6-5-11(4)15-8-7-10(3)13(15)14(12)15/h7,9,11-14H,5-6,8H2,1-4H3",86609
alpha-curcumene,alpha-curcumene,"InChI=1S/C15H22/c1-12(2)6-5-7-14(4)15-10-8-13(3)9-11-15/h6,8-11,14H,5,7H2,1-4H3",92139
alpha-dehydro-ar-himachalene,alpha-dehydro-ar-himachalene,,NA
alpha-eudesmol,alpha-eudesmol,"InChI=1S/C15H26O/c1-11-6-5-8-15(4)9-7-12(10-13(11)15)14(2,3)16/h6,12-13,16H,5,7-10H2,1-4H3/t12-,13+,15-/m1/s1",92762
alpha-eudesmol acetate,alpha-eudesmol acetate,"InChI=1S/C17H28O3/c1-11-7-6-9-17(5)10-8-13(16(3,4)19)15(14(11)17)20-12(2)18/h7,13-15,19H,6,8-10H2,1-5H3/t13-,14+,15?,17-/m1/s1",129864112
alpha-farnesene,alpha-farnesene,"InChI=1S/C15H24/c1-6-14(4)10-8-12-15(5)11-7-9-13(2)3/h6,9-10,12H,1,7-8,11H2,2-5H3/b14-10+,15-12+",5281516
alpha-fenchene,alpha-fenchene,"InChI=1S/C10H16/c1-7-6-8-4-5-9(7)10(8,2)3/h8-9H,1,4-6H2,2-3H3",28930
alpha-fenchol,alpha-fenchol,"InChI=1S/C10H18O/c1-9(2)7-4-5-10(3,6-7)8(9)11/h7-8,11H,4-6H2,1-3H3",15406
alpha-fenchyl acetate,alpha-fenchyl acetate,"InChI=1S/C12H20O2/c1-8(13)14-10-11(2,3)9-5-6-12(10,4)7-9/h9-10H,5-7H2,1-4H3",107217
alpha-guaiene,alpha-guaiene,"InChI=1S/C15H24/c1-10(2)13-7-5-11(3)14-8-6-12(4)15(14)9-13/h11-13H,1,5-9H2,2-4H3/t11-,12-,13+/m0/s1",5317844
alpha-gurjunene,alpha-gurjunene,"InChI=1S/C15H24/c1-9-6-8-12-14(15(12,3)4)13-10(2)5-7-11(9)13/h9,11-12,14H,5-8H2,1-4H3/t9-,11-,12-,14-/m1/s1",15560276
alpha-humulene,alpha-humulene,"InChI=1S/C15H24/c1-13-7-5-8-14(2)10-12-15(3,4)11-6-9-13/h6-7,10-11H,5,8-9,12H2,1-4H3/b11-6+,13-7+,14-10+",5281520
alpha-humulene+(z)-methyl isoeugenol,alpha-humulene+(z)-methyl isoeugenol,,NA
alpha-ionone,alpha-ionone,"InChI=1S/C13H20O/c1-10-6-5-9-13(3,4)12(10)8-7-11(2)14/h6-8,12H,5,9H2,1-4H3/b8-7+",5282108
alpha-isocomene,alpha-isocomene,,NA
alpha-longipinene,alpha-longipinene,"InChI=1S/C15H24/c1-10-6-7-11-13-12(10)15(11,4)9-5-8-14(13,2)3/h6,11-13H,5,7-9H2,1-4H3",520957
alpha-muurolene,alpha-muurolene,"InChI=1S/C15H24/c1-10(2)13-8-6-12(4)14-7-5-11(3)9-15(13)14/h6,9-10,13-15H,5,7-8H2,1-4H3/t13-,14+,15-/m0/s1",12306047
alpha-muurolol,alpha-muurolol,,NA
alpha-p-dimethylstyrene,alpha-p-dimethylstyrene,,NA
alpha-phellandrene,alpha-phellandrene,"InChI=1S/C10H16/c1-8(2)10-6-4-9(3)5-7-10/h4-6,8,10H,7H2,1-3H3",7460
alpha-phellandrene epoxide,alpha-phellandrene epoxide,,NA
alpha-phellandrene-8-ol,alpha-phellandrene-8-ol,,NA
alpha-pinene,alpha-pinene,"InChI=1S/C10H16/c1-7-4-5-8-6-9(7)10(8,2)3/h4,8-9H,5-6H2,1-3H3",6654
alpha-pinene oxide isomer2,alpha-pinene oxide isomer2,,NA
alpha-santalene,alpha-santalene,"InChI=1S/C15H24/c1-10(2)6-5-7-14(3)11-8-12-13(9-11)15(12,14)4/h6,11-13H,5,7-9H2,1-4H3",94164
alpha-selina-11-en-4-ol,alpha-selina-11-en-4-ol,,NA
alpha-selinene,alpha-selinene,"InChI=1S/C15H24/c1-11(2)13-7-9-15(4)8-5-6-12(3)14(15)10-13/h6,13-14H,1,5,7-10H2,2-4H3/t13-,14+,15-/m1/s1",10856614
alpha-terpinene,alpha-terpinene,"InChI=1S/C10H16/c1-8(2)10-6-4-9(3)5-7-10/h4,6,8H,5,7H2,1-3H3",7462
alpha-terpineol,alpha-terpineol,"InChI=1S/C10H18O/c1-8-4-6-9(7-5-8)10(2,3)11/h4,9,11H,5-7H2,1-3H3",17100
alpha-terpineol/borneol,alpha-terpineol/borneol,,NA
alpha-terpinyl acetate,alpha-terpinyl acetate,"InChI=1S/C12H20O2/c1-9-5-7-11(8-6-9)12(3,4)14-10(2)13/h5,11H,6-8H2,1-4H3",111037
alpha-terpinyl formate,alpha-terpinyl formate,"InChI=1S/C11H18O2/c1-9-4-6-10(7-5-9)11(2,3)13-8-12/h4,8,10H,5-7H2,1-3H3",16537
alpha-thujene,alpha-thujene,"InChI=1S/C10H16/c1-7(2)10-5-4-8(3)9(10)6-10/h4,7,9H,5-6H2,1-3H3",17868
alpha-thujone,alpha-thujone,"InChI=1S/C10H16O/c1-6(2)10-4-8(10)7(3)9(11)5-10/h6-8H,4-5H2,1-3H3/t7-,8-,10+/m1/s1",261491
alpha-trans-bergamotene,alpha-trans-bergamotene,"InChI=1S/C15H24/c1-11(2)6-5-9-15(4)13-8-7-12(3)14(15)10-13/h6-7,13-14H,5,8-10H2,1-4H3",86608
alpha-trans-bergamotol,alpha-trans-bergamotol,,NA
alpha-ylangene,alpha-ylangene,"InChI=1S/C15H24/c1-9(2)11-7-8-15(4)12-6-5-10(3)14(15)13(11)12/h5,9,11-14H,6-8H2,1-4H3/t11?,12?,13?,14?,15-/m0/s1",442409
alpha-zingiberene,alpha-zingiberene,"InChI=1S/C15H24/c1-12(2)6-5-7-14(4)15-10-8-13(3)9-11-15/h6,8-10,14-15H,5,7,11H2,1-4H3",521253
amyl alcohol,amyl alcohol,"InChI=1S/C5H12O/c1-2-3-4-5-6/h6H,2-5H2,1H3",6276
amyl cinnamate,amyl cinnamate,"InChI=1S/C14H18O2/c1-2-3-7-12-16-14(15)11-10-13-8-5-4-6-9-13/h4-6,8-11H,2-3,7,12H2,1H3/b11-10+",5355854
apiole,apiole,"InChI=1S/C12H14O4/c1-4-5-8-6-9(13-2)11-12(10(8)14-3)16-7-15-11/h4,6H,1,5,7H2,2-3H3",10659
ar-curcumene,ar-curcumene,"InChI=1S/C15H22/c1-12(2)6-5-7-14(4)15-10-8-13(3)9-11-15/h6,8-11,14H,5,7H2,1-4H3",92139
ar-tumerone,ar-tumerone,"InChI=1S/C15H20O/c1-11(2)9-15(16)10-13(4)14-7-5-12(3)6-8-14/h5-9,13H,10H2,1-4H3",558221
ar-turmerol,ar-turmerol,"InChI=1S/C15H22O/c1-11(2)9-15(16)10-13(4)14-7-5-12(3)6-8-14/h5-9,13,15-16H,10H2,1-4H3",5315469
aristolone,aristolone,"InChI=1S/C15H22O/c1-9-6-5-7-10-8-11(16)12-13(14(12,2)3)15(9,10)4/h8-9,12-13H,5-7H2,1-4H3",522300
aromadendrene,aromadendrene,"InChI=1S/C15H24/c1-9-6-8-12-14(15(12,3)4)13-10(2)5-7-11(9)13/h10-14H,1,5-8H2,2-4H3",91354
aromadendrene oxide,aromadendrene oxide,"InChI=1S/C15H24O/c1-9-4-5-10-12(9)13-11(14(13,2)3)6-7-15(10)8-16-15/h9-13H,4-8H2,1-3H3",528759
artemisia alcohol,artemisia alcohol,"InChI=1S/C10H18O/c1-6-10(4,5)9(11)7-8(2)3/h6-7,9,11H,1H2,2-5H3",100197
artemisia ketone,artemisia ketone,"InChI=1S/C10H16O/c1-6-10(4,5)9(11)7-8(2)3/h6-7H,1H2,2-5H3",68346
artemisiaacetate,artemisiaacetate,,NA
atlantone,atlantone,,NA
azulene,azulene,InChI=1S/C10H8/c1-2-5-9-7-4-8-10(9)6-3-1/h1-8H,9231
benzaldehyde,benzaldehyde,InChI=1S/C7H6O/c8-6-7-4-2-1-3-5-7/h1-6H,240
benzene acetaldehyde,benzene acetaldehyde,,NA
benzenepropanal,benzenepropanal,"InChI=1S/C9H10O/c10-8-4-7-9-5-2-1-3-6-9/h1-3,5-6,8H,4,7H2",7707
benzocyclobutane,benzocyclobutane,"InChI=1S/C8H8/c1-2-4-8-6-5-7(8)3-1/h1-4H,5-6H2",69667
benzyl alcohol,benzyl alcohol,"InChI=1S/C7H8O/c8-6-7-4-2-1-3-5-7/h1-5,8H,6H2",244
benzyl benzoate,benzyl benzoate,"InChI=1S/C14H12O2/c15-14(13-9-5-2-6-10-13)16-11-12-7-3-1-4-8-12/h1-10H,11H2",2345
benzyl butyrate,benzyl butyrate,"InChI=1S/C11H14O2/c1-2-6-11(12)13-9-10-7-4-3-5-8-10/h3-5,7-8H,2,6,9H2,1H3",7650
benzyl isovalerate,benzyl isovalerate,"InChI=1S/C12H16O2/c1-10(2)8-12(13)14-9-11-6-4-3-5-7-11/h3-7,10H,8-9H2,1-2H3",7651
benzyl nonanoate,benzyl nonanoate,"InChI=1S/C16H24O2/c1-2-3-4-5-6-10-13-16(17)18-14-15-11-8-7-9-12-15/h7-9,11-12H,2-6,10,13-14H2,1H3",80960
benzyl salicylate,benzyl salicylate,"InChI=1S/C14H12O3/c15-13-9-5-4-8-12(13)14(16)17-10-11-6-2-1-3-7-11/h1-9,15H,10H2",8363
bergamale,bergamale,,NA
bergamotene,bergamotene,"InChI=1S/C15H24/c1-11(2)6-5-9-15(4)13-8-7-12(3)14(15)10-13/h6,13-14H,3,5,7-10H2,1-2,4H3",521569
bergamotol acetate,bergamotol acetate,,NA
bergapten,bergapten,"InChI=1S/C12H8O4/c1-14-12-7-2-3-11(13)16-10(7)6-9-8(12)4-5-15-9/h2-6H,1H3",2355
beta- caryophyllene,beta- caryophyllene,,NA
beta-acoradiene,beta-acoradiene,"InChI=1S/C15H24/c1-11(2)14-6-5-13(4)15(14)9-7-12(3)8-10-15/h7,13-14H,1,5-6,8-10H2,2-4H3/t13-,14?,15?/m1/s1",5316209
beta-atlantol,beta-atlantol,,NA
beta-bisabolene,beta-bisabolene,"InChI=1S/C15H24/c1-12(2)6-5-7-14(4)15-10-8-13(3)9-11-15/h6,8,15H,4-5,7,9-11H2,1-3H3",403919
beta-bisabolol,beta-bisabolol,"InChI=1S/C15H26O/c1-12(2)6-5-7-14(4)15(16)10-8-13(3)9-11-15/h6,8,14,16H,5,7,9-11H2,1-4H3",27208
beta-bourbonene,beta-bourbonene,"InChI=1S/C15H24/c1-9(2)11-7-8-15(4)12-6-5-10(3)13(12)14(11)15/h9,11-14H,3,5-8H2,1-2,4H3/t11-,12+,13-,14+,15-/m0/s1",62566
beta-cadinene,beta-cadinene,"InChI=1S/C15H24/c1-10(2)13-8-6-12(4)14-7-5-11(3)9-15(13)14/h5-6,10,13-15H,7-9H2,1-4H3/t13-,14-,15-/m0/s1",10657
beta-caryophyllene,beta-caryophyllene,"InChI=1S/C15H24/c1-11-6-5-7-12(2)13-10-15(3,4)14(13)9-8-11/h6,13-14H,2,5,7-10H2,1,3-4H3/b11-6+/t13-,14-/m1/s1",5281515
beta-caryophyllene alcohol,beta-caryophyllene alcohol,"InChI=1S/C15H26O/c1-13(2)9-12-11(13)5-8-14(3)6-4-7-15(12,16)10-14/h11-12,16H,4-10H2,1-3H3",61125
beta-caryophyllene oxide,beta-caryophyllene oxide,"InChI=1S/C15H24O/c1-10-5-6-13-15(4,16-13)8-7-12-11(10)9-14(12,2)3/h11-13H,1,5-9H2,2-4H3",14350
beta-cedren-9-one,beta-cedren-9-one,,NA
beta-cedrene,beta-cedrene,"InChI=1S/C15H24/c1-10-7-8-15-9-12(10)14(3,4)13(15)6-5-11(15)2/h11-13H,1,5-9H2,2-4H3/t11-,12+,13+,15+/m1/s1",11106485
beta-cedreneepoxide,beta-cedreneepoxide,,NA
beta-copaen-4-alpha-ol,beta-copaen-4-alpha-ol,,NA
beta-copaene,beta-copaene,"InChI=1S/C15H24/c1-9(2)11-7-8-15(4)12-6-5-10(3)14(15)13(11)12/h9,11-14H,3,5-8H2,1-2,4H3/t11-,12-,13-,14?,15-/m0/s1",57339298
beta-cubebene,beta-cubebene,"InChI=1S/C15H24/c1-9(2)12-6-5-11(4)15-8-7-10(3)13(15)14(12)15/h9,11-14H,3,5-8H2,1-2,4H3/t11-,12+,13-,14-,15+/m1/s1",93081
beta-curcumine,beta-curcumine,,NA
beta-cyclocitral,beta-cyclocitral,"InChI=1S/C10H16O/c1-8-5-4-6-10(2,3)9(8)7-11/h7H,4-6H2,1-3H3",9895
beta-cymene,beta-cymene,"InChI=1S/C10H14/c1-8(2)10-6-4-5-9(3)7-10/h4-8H,1-3H3",10812
beta-cyperone,beta-cyperone,,NA
beta-damascenone,beta-damascenone,"InChI=1S/C13H18O/c1-5-7-11(14)12-10(2)8-6-9-13(12,3)4/h5-8H,9H2,1-4H3/b7-5+",5366074
beta-dihydroagarofuran,beta-dihydroagarofuran,,NA
beta-dodecalactone,beta-dodecalactone,,NA
beta-elemene,beta-elemene,"InChI=1S/C15H24/c1-7-15(6)9-8-13(11(2)3)10-14(15)12(4)5/h7,13-14H,1-2,4,8-10H2,3,5-6H3/t13-,14+,15-/m1/s1",6918391
beta-eudesmol,beta-eudesmol,"InChI=1S/C15H26O/c1-11-6-5-8-15(4)9-7-12(10-13(11)15)14(2,3)16/h12-13,16H,1,5-10H2,2-4H3/t12-,13+,15-/m1/s1",91457
beta-farnesene,beta-farnesene,"InChI=1S/C15H24/c1-6-14(4)10-8-12-15(5)11-7-9-13(2)3/h6,9,12H,1,4,7-8,10-11H2,2-3,5H3/b15-12+",5281517
beta-fenchol,beta-fenchol,"InChI=1S/C10H18O/c1-9(2)7-4-5-10(3,6-7)8(9)11/h7-8,11H,4-6H2,1-3H3/t7-,8-,10+/m1/s1",439711
beta-fenchone,beta-fenchone,,NA
beta-guaiene,beta-guaiene,"InChI=1S/C15H24/c1-10(2)13-7-5-11(3)14-8-6-12(4)15(14)9-13/h11-12H,5-9H2,1-4H3",6949
beta-gurjunene,beta-gurjunene,"InChI=1S/C15H24/c1-9-6-8-12-14(15(12,3)4)13-10(2)5-7-11(9)13/h9,11-14H,2,5-8H2,1,3-4H3/t9-,11-,12-,13-,14-/m1/s1",6450812
beta-himachalene,beta-himachalene,"InChI=1S/C15H24/c1-11-7-8-13-12(2)6-5-9-15(3,4)14(13)10-11/h10,14H,5-9H2,1-4H3",15095
beta-humulene,beta-humulene,,NA
beta-ionone,beta-ionone,"InChI=1S/C13H20O/c1-10-6-5-9-13(3,4)12(10)8-7-11(2)14/h7-8H,5-6,9H2,1-4H3/b8-7+",638014
beta-myrcene,beta-myrcene,"InChI=1S/C10H16/c1-5-10(4)8-6-7-9(2)3/h5,7H,1,4,6,8H2,2-3H3",31253
beta-phellandrene,beta-phellandrene,"InChI=1S/C10H16/c1-8(2)10-6-4-9(3)5-7-10/h4,6,8,10H,3,5,7H2,1-2H3",11142
beta-phellandrene+limonene,beta-phellandrene+limonene,,NA
beta-phenyl-ethyl acetate,beta-phenyl-ethyl acetate,,NA
beta-pinene,beta-pinene,"InChI=1S/C10H16/c1-7-4-5-8-6-9(7)10(8,2)3/h8-9H,1,4-6H2,2-3H3",14896
beta-sanatalene,beta-sanatalene,,NA
beta-santalene,beta-santalene,"InChI=1S/C15H24/c1-11(2)6-5-9-15(4)12(3)13-7-8-14(15)10-13/h6,13-14H,3,5,7-10H2,1-2,4H3/t13-,14+,15+/m1/s1",10889018
beta-selinene,beta-selinene,"InChI=1S/C15H24/c1-11(2)13-7-9-15(4)8-5-6-12(3)14(15)10-13/h13-14H,1,3,5-10H2,2,4H3/t13-,14+,15-/m1/s1",442393
beta-sesquiphellandrene,beta-sesquiphellandrene,"InChI=1S/C15H24/c1-12(2)6-5-7-14(4)15-10-8-13(3)9-11-15/h6,8,10,14-15H,3,5,7,9,11H2,1-2,4H3/t14-,15+/m0/s1",12315492
beta-terpinene,beta-terpinene,"InChI=1S/C10H16/c1-8(2)10-6-4-9(3)5-7-10/h6,8H,3-5,7H2,1-2H3",66841
beta-thujone,beta-thujone,"InChI=1S/C10H16O/c1-6(2)10-4-8(10)7(3)9(11)5-10/h6-8H,4-5H2,1-3H3/t7-,8+,10-/m0/s1",91456
beta-ylangene,beta-ylangene,"InChI=1S/C15H24/c1-9(2)11-7-8-15(4)12-6-5-10(3)14(15)13(11)12/h9,11-14H,3,5-8H2,1-2,4H3/t11?,12-,13-,14?,15+/m1/s1",25244198
bicycloelemene,bicycloelemene,"InChI=1S/C15H24/c1-7-15(6)9-8-11-13(14(11,4)5)12(15)10(2)3/h7,11-13H,1-2,8-9H2,3-6H3",76419358
bicyclogermacrene,bicyclogermacrene,"InChI=1S/C15H24/c1-11-6-5-7-12(2)10-14-13(9-8-11)15(14,3)4/h6,10,13-14H,5,7-9H2,1-4H3/b11-6+,12-10+",5315347
bicyclovetivenol,bicyclovetivenol,"InChI=1S/C15H26O/c1-10-6-5-7-11(2)14-9-12(8-13(10)14)15(3,4)16/h11-14,16H,1,5-9H2,2-4H3/t11-,12?,13?,14?/m0/s1",91748522
borneol,borneol,"InChI=1S/C10H18O/c1-9(2)7-4-5-10(9,3)8(11)6-7/h7-8,11H,4-6H2,1-3H3",64685
bornyl acetate,bornyl acetate,"InChI=1S/C12H20O2/c1-8(13)14-10-7-9-5-6-12(10,4)11(9,2)3/h9-10H,5-7H2,1-4H3",6448
bornyl formate,bornyl formate,"InChI=1S/C11H18O2/c1-10(2)8-4-5-11(10,3)9(6-8)13-7-12/h7-9H,4-6H2,1-3H3",518472
bulnesol,bulnesol,"InChI=1S/C15H26O/c1-10-5-7-12(15(3,4)16)9-14-11(2)6-8-13(10)14/h11-12,14,16H,5-9H2,1-4H3",90785
butyl benzoate,butyl benzoate,"InChI=1S/C11H14O2/c1-2-3-9-13-11(12)10-7-5-4-6-8-10/h4-8H,2-3,9H2,1H3",8698
cadalene,cadalene,"InChI=1S/C15H18/c1-10(2)13-8-6-12(4)14-7-5-11(3)9-15(13)14/h5-10H,1-4H3",10225
"cadin-alpha-1,4-diene","cadin-alpha-1,4-diene",,NA
"cadina-1,4-diene","cadina-1,4-diene",,NA
"cadina-1,4-diene+alpha-calacorene","cadina-1,4-diene+alpha-calacorene",,NA
"cadina-4,1(10)-dien-8 beta-ol","cadina-4,1(10)-dien-8 beta-ol",,NA
cadinol,cadinol,"InChI=1S/C15H26O/c1-10(2)12-7-8-15(4,16)14-6-5-11(3)9-13(12)14/h9-10,12-14,16H,5-8H2,1-4H3/t12-,13-,14+,15-/m1/s1",91752279
calacorene,calacorene,,NA
calamenene,calamenene,"InChI=1S/C15H22/c1-10(2)13-8-6-12(4)14-7-5-11(3)9-15(13)14/h5,7,9-10,12-13H,6,8H2,1-4H3",10224
calamusenone,calamusenone,"InChI=1S/C15H22O/c1-9(2)13-8-14-10(3)5-6-12(14)11(4)7-15(13)16/h10-11H,5-8H2,1-4H3",91748856
calarene,calarene,"InChI=1S/C15H24/c1-10-6-5-7-11-8-9-12-13(14(12,2)3)15(10,11)4/h7,10,12-13H,5-6,8-9H2,1-4H3",28481
camphene,camphene,"InChI=1S/C10H16/c1-7-8-4-5-9(6-8)10(7,2)3/h8-9H,1,4-6H2,2-3H3",6616
camphenehydrate,camphenehydrate,,NA
camphor,camphor,"InChI=1S/C10H16O/c1-9(2)7-4-5-10(9,3)8(11)6-7/h7H,4-6H2,1-3H3",2537
canfene,canfene,,NA
caranyl acetate ii,caranyl acetate ii,,NA
caratoly,caratoly,,NA
carophyllene oxide,carophyllene oxide,,NA
carotol,carotol,"InChI=1S/C15H26O/c1-11(2)13-7-9-14(4)8-5-12(3)6-10-15(13,14)16/h5,11,13,16H,6-10H2,1-4H3/t13-,14+,15+/m1/s1",442347
carvacrol,carvacrol,"InChI=1S/C10H14O/c1-7(2)9-5-4-8(3)10(11)6-9/h4-7,11H,1-3H3",10364
carveol,carveol,"InChI=1S/C10H16O/c1-7(2)9-5-4-8(3)10(11)6-9/h4,9-11H,1,5-6H2,2-3H3",7438
carvone,carvone,"InChI=1S/C10H14O/c1-7(2)9-5-4-8(3)10(11)6-9/h4,9H,1,5-6H2,2-3H3",7439
"caryophylla-2(12),6-dien-5-beta-ol","caryophylla-2(12),6-dien-5-beta-ol",,NA
"caryophylla-2(12),6-dien-5alpha-ol (=caryophyllenol i)","caryophylla-2(12),6-dien-5alpha-ol (=caryophyllenol i)",,NA
"caryophylla-2(12),6-diene-5-beta-ol","caryophylla-2(12),6-diene-5-beta-ol",,NA
"caryophylla-4(14),8(15)-diene-5-alpha-ol","caryophylla-4(14),8(15)-diene-5-alpha-ol",,NA
"caryophylla-alpha-4(14),8(15)-diene-5-beta-ol","caryophylla-alpha-4(14),8(15)-diene-5-beta-ol",,NA
caryophylladienol,caryophylladienol,"InChI=1S/C15H24O/c1-10-5-6-14-13(9-15(14,3)4)11(2)8-12(16)7-10/h12-14,16H,1-2,5-9H2,3-4H3",91747928
caryophyllen-8-ol,caryophyllen-8-ol,,NA
caryophyllene,caryophyllene,"InChI=1S/C15H24/c1-11-6-5-7-12(2)13-10-15(3,4)14(13)9-8-11/h6,13-14H,2,5,7-10H2,1,3-4H3/b11-6-",5322111
caryophyllene oxide,caryophyllene oxide,"InChI=1S/C15H24O/c1-10-5-6-13-15(4,16-13)8-7-12-11(10)9-14(12,2)3/h11-13H,1,5-9H2,2-4H3/t11-,12-,13-,15-/m1/s1",1742210
caryophyllenol-i,caryophyllenol-i,,NA
caryophyllenol-ii,caryophyllenol-ii,,NA
caryophyllenoxide,caryophyllenoxide,,NA
caryophyllenyl alcohol,caryophyllenyl alcohol,"InChI=1S/C15H26O/c1-10-6-8-14(16)11(2)5-7-13-12(10)9-15(13,3)4/h5,10,12-14,16H,6-9H2,1-4H3/b11-5-",91704770
cedr-8(15)-en-9-ol,cedr-8(15)-en-9-ol,"InChI=1S/C15H24O/c1-9-5-6-13-14(3,4)11-7-15(9,13)8-12(16)10(11)2/h9,11-13,16H,2,5-8H2,1,3-4H3",119831
cedren-8-en-9-alpha-ol,cedren-8-en-9-alpha-ol,,NA
cedrol,cedrol,"InChI=1S/C15H26O/c1-10-5-6-11-13(2,3)12-9-15(10,11)8-7-14(12,4)16/h10-12,16H,5-9H2,1-4H3/t10-,11+,12-,14-,15+/m1/s1",65575
chamazulene,chamazulene,"InChI=1S/C14H16/c1-4-12-7-5-10(2)13-8-6-11(3)14(13)9-12/h5-9H,4H2,1-3H3",10719
chrysanthenone,chrysanthenone,"InChI=1S/C10H14O/c1-6-4-5-7-9(11)8(6)10(7,2)3/h4,7-8H,5H2,1-3H3",442463
cinnamyl isovalerate,cinnamyl isovalerate,"InChI=1S/C14H18O2/c1-12(2)11-14(15)16-10-6-9-13-7-4-3-5-8-13/h3-9,12H,10-11H2,1-2H3/b9-6+",5355855
cis-3-hexenol,cis-3-hexenol,"InChI=1S/C6H12O/c1-2-3-4-5-6-7/h3-4,7H,2,5-6H2,1H3/b4-3-",5281167
cis-alpha-bergamotene,cis-alpha-bergamotene,,NA
cis-arteannuic alcohol,cis-arteannuic alcohol,"InChI=1S/C15H24O/c1-10-4-6-13-11(2)5-7-14(12(3)9-16)15(13)8-10/h8,11,13-16H,3-7,9H2,1-2H3/t11-,13?,14-,15?/m0/s1",6430725
cis-beta-guaiene,cis-beta-guaiene,,NA
cis-beta-ocimene,cis-beta-ocimene,"InChI=1S/C10H16/c1-5-10(4)8-6-7-9(2)3/h5,7-8H,1,6H2,2-4H3/b10-8-",5320250
cis-beta-terpineol,cis-beta-terpineol,"InChI=1S/C10H18O/c1-8(2)9-4-6-10(3,11)7-5-9/h9,11H,1,4-7H2,2-3H3",8748
cis-beta-terpineold,cis-beta-terpineold,,NA
cis-calamene,cis-calamene,,NA
cis-calamenene,cis-calamenene,"InChI=1S/C15H22/c1-10(2)13-8-6-12(4)14-7-5-11(3)9-15(13)14/h5,7,9-10,12-13H,6,8H2,1-4H3/t12-,13-/m0/s1",6429077
cis-carveol,cis-carveol,"InChI=1S/C10H16O/c1-7(2)9-5-4-8(3)10(11)6-9/h4,9-11H,1,5-6H2,2-3H3/t9-,10-/m1/s1",330573
cis-carvylacetate,cis-carvylacetate,,NA
cis-carvylpropionate,cis-carvylpropionate,,NA
cis-chrysanthenol,cis-chrysanthenol,"InChI=1S/C10H16O/c1-6-4-5-7-9(11)8(6)10(7,2)3/h4,7-9,11H,5H2,1-3H3",527032
cis-chrysanthenylacetate,cis-chrysanthenylacetate,,NA
cis-chrysanthenylformate,cis-chrysanthenylformate,,NA
cis-dihydrocarvone,cis-dihydrocarvone,"InChI=1S/C10H16O/c1-7(2)9-5-4-8(3)10(11)6-9/h8-9H,1,4-6H2,2-3H3",24473
cis-epoxy-ocimene,cis-epoxy-ocimene,,NA
cis-farnesol,cis-farnesol,"InChI=1S/C15H26O/c1-13(2)7-5-8-14(3)9-6-10-15(4)11-12-16/h7,9,11,16H,5-6,8,10,12H2,1-4H3/b14-9-,15-11-",1549107
cis-geraniol,cis-geraniol,"InChI=1S/C10H18O/c1-9(2)5-4-6-10(3)7-8-11/h5,7,11H,4,6,8H2,1-3H3/b10-7-",643820
cis-jasmone,cis-jasmone,"InChI=1S/C11H16O/c1-3-4-5-6-10-9(2)7-8-11(10)12/h4-5H,3,6-8H2,1-2H3/b5-4-",1549018
cis-limoneneoxide,cis-limoneneoxide,,NA
cis-linalooloxide,cis-linalooloxide,,NA
cis-linalooloxide (furanoid),cis-linalooloxide (furanoid),,NA
"cis-mentha-1(7),8-dien-2-ol","cis-mentha-1(7),8-dien-2-ol",,NA
cis-muurol-5-en-4-betalpha-ol,cis-muurol-5-en-4-betalpha-ol,,NA
"cis-muurola-3,5-diene","cis-muurola-3,5-diene",,NA
"cis-muurola-4(15),5-diene","cis-muurola-4(15),5-diene",,NA
cis-ocimene,cis-ocimene,"InChI=1S/C10H16/c1-5-10(4)8-6-7-9(2)3/h5,7-8H,1,6H2,2-4H3/b10-8-",5320250
cis-p-menth-2-en-1-ol,cis-p-menth-2-en-1-ol,"InChI=1S/C10H18O/c1-8(2)9-4-6-10(3,11)7-5-9/h4,6,8-9,11H,5,7H2,1-3H3",526657
"cis-p-mentha-1,8-dien-6-ol","cis-p-mentha-1,8-dien-6-ol",,NA
"cis-p-mentha-1(7),8-dien-2-ol","cis-p-mentha-1(7),8-dien-2-ol",,NA
"cis-p-mentha-2,8-dien-1-ol","cis-p-mentha-2,8-dien-1-ol",,NA
cis-pelemenone,cis-pelemenone,,NA
cis-pinocamphone,cis-pinocamphone,,NA
cis-piperitol,cis-piperitol,"InChI=1S/C10H18O/c1-7(2)9-5-4-8(3)6-10(9)11/h6-7,9-11H,4-5H2,1-3H3/t9-,10-/m0/s1",85567
cis-sabinene hydrate,cis-sabinene hydrate,"InChI=1S/C10H18O/c1-7(2)10-5-4-9(3,11)8(10)6-10/h7-8,11H,4-6H2,1-3H3",62367
cis-sabinene hydrate acetate,cis-sabinene hydrate acetate,"InChI=1S/C12H20O2/c1-8(2)12-6-5-11(4,10(12)7-12)14-9(3)13/h8,10H,5-7H2,1-4H3/t10?,11-,12+/m1/s1",6427493
cis-sabinol,cis-sabinol,"InChI=1S/C10H16O/c1-6(2)10-4-8(10)7(3)9(11)5-10/h6,8-9,11H,3-5H2,1-2H3/t8-,9+,10+/m1/s1",12315160
cis-verbenol,cis-verbenol,"InChI=1S/C10H16O/c1-6-4-9(11)8-5-7(6)10(8,2)3/h4,7-9,11H,5H2,1-3H3/t7-,8+,9-/m0/s1",87839
cis-verbenyl acetate,cis-verbenyl acetate,"InChI=1S/C12H18O2/c1-7-5-11(14-8(2)13)10-6-9(7)12(10,3)4/h5,9-11H,6H2,1-4H3/t9-,10+,11+/m0/s1",6427494
citralc,citralc,,NA
citronellal,citronellal,"InChI=1S/C10H18O/c1-9(2)5-4-6-10(3)7-8-11/h5,8,10H,4,6-7H2,1-3H3",7794
citronellic acid,citronellic acid,"InChI=1S/C10H18O2/c1-8(2)5-4-6-9(3)7-10(11)12/h5,9H,4,6-7H2,1-3H3,(H,11,12)",10402
citronellol,citronellol,"InChI=1S/C10H20O/c1-9(2)5-4-6-10(3)7-8-11/h5,10-11H,4,6-8H2,1-3H3",8842
citronellyl acetate,citronellyl acetate,"InChI=1S/C12H22O2/c1-10(2)6-5-7-11(3)8-9-14-12(4)13/h6,11H,5,7-9H2,1-4H3",9017
citronellyl butyrate,citronellyl butyrate,"InChI=1S/C14H26O2/c1-5-7-14(15)16-11-10-13(4)9-6-8-12(2)3/h8,13H,5-7,9-11H2,1-4H3",8835
clovenol,clovenol,"InChI=1S/C15H26O/c1-13(2)8-9-15-7-5-12(16)14(3,10-15)6-4-11(13)15/h11-12,16H,4-10H2,1-3H3/t11?,12-,14-,15+/m1/s1",91750143
cnidilide,cnidilide,"InChI=1S/C12H18O2/c1-2-3-8-11-9-6-4-5-7-10(9)12(13)14-11/h5,7,9-11H,2-4,6,8H2,1H3/t9-,10+,11-/m0/s1",160710
coumarin,coumarin,InChI=1S/C9H6O2/c10-9-6-5-7-3-1-2-4-8(7)11-9/h1-6H,323
cryptone,cryptone,"InChI=1S/C9H14O/c1-7(2)8-3-5-9(10)6-4-8/h3,5,7-8H,4,6H2,1-2H3",92780
cubebol,cubebol,"InChI=1S/C15H26O/c1-9(2)11-6-5-10(3)15-8-7-14(4,16)13(15)12(11)15/h9-13,16H,5-8H2,1-4H3/t10-,11+,12-,13+,14+,15-/m1/s1",11276107
cubenen-11-ol,cubenen-11-ol,,NA
cubenol,cubenol,"InChI=1S/C15H26O/c1-10(2)13-6-5-12(4)15(16)8-7-11(3)9-14(13)15/h9-10,12-14,16H,5-8H2,1-4H3",519857
cumin alcohol,cumin alcohol,"InChI=1S/C10H14O/c1-8(2)10-5-3-9(7-11)4-6-10/h3-6,8,11H,7H2,1-2H3",325
cumin aldehyde,cumin aldehyde,"InChI=1S/C10H12O/c1-8(2)10-5-3-9(7-11)4-6-10/h3-8H,1-2H3",326
cuminal,cuminal,"InChI=1S/C10H12O/c1-8(2)10-5-3-9(7-11)4-6-10/h3-8H,1-2H3",326
cuparene,cuparene,"InChI=1S/C15H22/c1-12-6-8-13(9-7-12)15(4)11-5-10-14(15,2)3/h6-9H,5,10-11H2,1-4H3/t15-/m0/s1",86895
curzerene,curzerene,"InChI=1S/C15H20O/c1-6-15(5)8-14-12(11(4)9-16-14)7-13(15)10(2)3/h6,9,13H,1-2,7-8H2,3-5H3",572766
curzerenone,curzerenone,"InChI=1S/C15H18O2/c1-6-15(5)7-11-12(10(4)8-17-11)14(16)13(15)9(2)3/h6,8,13H,1-2,7H2,3-5H3",5315433
cycloheptatriene,cycloheptatriene,"InChI=1S/C7H8/c1-2-4-6-7-5-3-1/h1-6H,7H2",11000
cyclohexane,cyclohexane,InChI=1S/C6H12/c1-2-4-6-5-3-1/h1-6H2,8078
cyclohexanone,cyclohexanone,InChI=1S/C6H10O/c7-6-4-2-1-3-5-6/h1-5H2,7967
cyclosativene,cyclosativene,"InChI=1S/C15H24/c1-8(2)9-5-6-14(3)10-7-11-13(12(9)10)15(11,14)4/h8-13H,5-7H2,1-4H3",519960
Cymene-8-ol,Cymene-8-ol,,NA
Cyperene,Cyperene,"InChI=1S/C15H24/c1-10-7-8-15-11(2)5-6-12(9-13(10)15)14(15,3)4/h11-12H,5-9H2,1-4H3",99856
daucene,daucene,"InChI=1S/C15H24/c1-11(2)13-8-10-15(4)9-7-12(3)5-6-14(13)15/h7,11H,5-6,8-10H2,1-4H3",177773
davanone,davanone,"InChI=1S/C15H24O2/c1-6-15(5)10-9-14(17-15)12(4)13(16)8-7-11(2)3/h6-7,12,14H,1,8-10H2,2-5H3",519782
decanal,decanal,"InChI=1S/C10H20O/c1-2-3-4-5-6-7-8-9-10-11/h10H,2-9H2,1H3",8175
decane,decane,"InChI=1S/C10H22/c1-3-5-7-9-10-8-6-4-2/h3-10H2,1-2H3",15600
decanoic acid,decanoic acid,"InChI=1S/C10H20O2/c1-2-3-4-5-6-7-8-9-10(11)12/h2-9H2,1H3,(H,11,12)",2969
decanol,decanol,"InChI=1S/C10H22O/c1-2-3-4-5-6-7-8-9-10-11/h11H,2-10H2,1H3",8174
decenal,decenal,"InChI=1S/C10H18O/c1-2-3-4-5-6-7-8-9-10-11/h8-10H,2-7H2,1H3/b9-8+",5283345
decylacetate,decylacetate,"InChI=1S/C12H24O2/c1-3-4-5-6-7-8-9-10-11-14-12(2)13/h3-11H2,1-2H3",8167
"dehydro-1,8-cineole","dehydro-1,8-cineole",,NA
dehydro-p-cymene,dehydro-p-cymene,"InChI=1S/C10H12/c1-8(2)10-6-4-9(3)5-7-10/h4-7H,1H2,2-3H3",62385
dehydro-sabinaketone,dehydro-sabinaketone,,NA
dehydro-sabinene,dehydro-sabinene,,NA
dehydroisocalamendiol,dehydroisocalamendiol,,NA
Dehydrotremetone,Dehydrotremetone,"InChI=1S/C13H12O2/c1-8(2)13-7-11-6-10(9(3)14)4-5-12(11)15-13/h4-7H,1H2,2-3H3",324281
delta-2-carene,delta-2-carene,,NA
delta-3-carene,delta-3-carene,"InChI=1S/C10H16/c1-7-4-5-8-9(6-7)10(8,2)3/h4,8-9H,5-6H2,1-3H3",26049
delta-cadinene,delta-cadinene,"InChI=1S/C15H24/c1-10(2)13-8-6-12(4)14-7-5-11(3)9-15(13)14/h9-10,13,15H,5-8H2,1-4H3/t13-,15-/m0/s1",441005
delta-cadinol,delta-cadinol,"InChI=1S/C15H26O/c1-10(2)12-7-8-15(4,16)14-6-5-11(3)9-13(12)14/h9-10,12-14,16H,5-8H2,1-4H3/t12-,13-,14-,15+/m0/s1",3084311
delta-cardinene,delta-cardinene,,NA
delta-cymene,delta-cymene,,NA
delta-elemene,delta-elemene,"InChI=1S/C15H24/c1-7-15(6)9-8-13(11(2)3)10-14(15)12(4)5/h7,10-11,14H,1,4,8-9H2,2-3,5-6H3/t14-,15+/m1/s1",12309449
delta-muurolene,delta-muurolene,,NA
delta-pinene,delta-pinene,,NA
delta-selinene,delta-selinene,"InChI=1S/C15H24/c1-11(2)13-7-9-15(4)8-5-6-12(3)14(15)10-13/h10-11H,5-9H2,1-4H3",520383
delta-terpineol,delta-terpineol,"InChI=1S/C10H18O/c1-8-4-6-9(7-5-8)10(2,3)11/h9,11H,1,4-7H2,2-3H3",81722
dendrolasin,dendrolasin,"InChI=1S/C15H22O/c1-13(2)6-4-7-14(3)8-5-9-15-10-11-16-12-15/h6,8,10-12H,4-5,7,9H2,1-3H3/b14-8+",5316534
devanone,devanone,,NA
di-epi-alpha-cedrene,di-epi-alpha-cedrene,,NA
dihydro tagetone,dihydro tagetone,"InChI=1S/C10H18O/c1-5-9(4)7-10(11)6-8(2)3/h5,8-9H,1,6-7H2,2-4H3",102706
dihydrocarvone,dihydrocarvone,"InChI=1S/C10H16O/c1-7(2)9-5-4-8(3)10(11)6-9/h8-9H,1,4-6H2,2-3H3",24473
dihydrochalcone isomer,dihydrochalcone isomer,,NA
dihydroedulan,dihydroedulan,,NA
dihydroencecaline,dihydroencecaline,,NA
dihydroisochromolaenin,dihydroisochromolaenin,,NA
dill apiole,dill apiole,"InChI=1S/C12H14O4/c1-4-5-8-6-9-11(16-7-15-9)12(14-3)10(8)13-2/h4,6H,1,5,7H2,2-3H3",10231
dillapiole,dillapiole,"InChI=1S/C12H14O4/c1-4-5-8-6-9-11(16-7-15-9)12(14-3)10(8)13-2/h4,6H,1,5,7H2,2-3H3",10231
dimethoxyencecalin,dimethoxyencecalin,,NA
dimyrcene ii-a,dimyrcene ii-a,"InChI=1S/C20H34/c1-16(2)9-6-11-18(5)20-14-8-13-19(15-20)12-7-10-17(3)4/h9-10,19-20H,5-8,11-15H2,1-4H3",91749731
diterpenes,diterpenes,,NA
docosane,docosane,"InChI=1S/C22H46/c1-3-5-7-9-11-13-15-17-19-21-22-20-18-16-14-12-10-8-6-4-2/h3-22H2,1-2H3",12405
dodecanal,dodecanal,"InChI=1S/C12H24O/c1-2-3-4-5-6-7-8-9-10-11-12-13/h12H,2-11H2,1H3",8194
dodecane,dodecane,"InChI=1S/C12H26/c1-3-5-7-9-11-12-10-8-6-4-2/h3-12H2,1-2H3",8182
dodecanoic acid,dodecanoic acid,"InChI=1S/C12H24O2/c1-2-3-4-5-6-7-8-9-10-11-12(13)14/h2-11H2,1H3,(H,13,14)",3893
dodecanol,dodecanol,"InChI=1S/C12H26O/c1-2-3-4-5-6-7-8-9-10-11-12-13/h13H,2-12H2,1H3",8193
dodecenyl acetate,dodecenyl acetate,"InChI=1S/C14H26O2/c1-3-4-5-6-7-8-9-10-11-12-13-16-14(2)15/h12-13H,3-11H2,1-2H3/b13-12+",5363334
e-2-undecenol,e-2-undecenol,,NA
eicosane,eicosane,"InChI=1S/C20H42/c1-3-5-7-9-11-13-15-17-19-20-18-16-14-12-10-8-6-4-2/h3-20H2,1-2H3",8222
elemicin,elemicin,"InChI=1S/C12H16O3/c1-5-6-9-7-10(13-2)12(15-4)11(8-9)14-3/h5,7-8H,1,6H2,2-4H3",10248
elemol,elemol,"InChI=1S/C15H26O/c1-7-15(6)9-8-12(14(4,5)16)10-13(15)11(2)3/h7,12-13,16H,1-2,8-10H2,3-6H3/t12-,13+,15-/m1/s1",92138
elemol/hedycaryol,elemol/hedycaryol,,NA
elsholtzia ketone,elsholtzia ketone,"InChI=1S/C10H14O2/c1-7(2)6-9(11)10-8(3)4-5-12-10/h4-5,7H,6H2,1-3H3",521240
epi-1-cubenol,epi-1-cubenol,,NA
epi-13-manoyl oxide,epi-13-manoyl oxide,"InChI=1S/C20H34O/c1-7-18(4)13-9-16-19(5)12-8-11-17(2,3)15(19)10-14-20(16,6)21-18/h7,15-16H,1,8-14H2,2-6H3/t15-,16+,18-,19-,20+/m0/s1",6432025
epi-alpha-bisabolol,epi-alpha-bisabolol,,NA
epi-alpha-cadinol,epi-alpha-cadinol,"InChI=1S/C15H26O/c1-10(2)12-7-8-15(4,16)14-6-5-11(3)9-13(12)14/h9-10,12-14,16H,5-8H2,1-4H3/t12-,13-,14+,15-/m0/s1",160799
epi-alpha-muurolol,epi-alpha-muurolol,"InChI=1S/C15H26O/c1-10(2)12-7-8-15(4,16)14-6-5-11(3)9-13(12)14/h9-10,12-14,16H,5-8H2,1-4H3/t12-,13-,14-,15-/m0/s1",3084331
epi-beta-santalene,epi-beta-santalene,"InChI=1S/C15H24/c1-11(2)6-5-9-15(4)12(3)13-7-8-14(15)10-13/h6,13-14H,3,5,7-10H2,1-2,4H3/t13-,14+,15-/m1/s1",11106484
epi-bicyclosesquiphellandrene,epi-bicyclosesquiphellandrene,"InChI=1S/C15H24/c1-10(2)13-8-6-12(4)14-7-5-11(3)9-15(13)14/h9-10,12-14H,3,5-8H2,1-2,4H3/t12-,13+,14?/m0/s1",91747125
epi-cubebol,epi-cubebol,"InChI=1S/C15H24O/c1-9(2)11-6-5-10(3)15-8-7-14(4,16)13(15)12(11)15/h5-6,9-13,16H,7-8H2,1-4H3/t10-,11+,12-,13?,14-,15-/m0/s1",91753433
epi-cubenol,epi-cubenol,"InChI=1S/C15H26O/c1-10(2)13-6-5-12(4)15(16)8-7-11(3)9-14(13)15/h9-10,12-14,16H,5-8H2,1-4H3",519857
epi-globulol,epi-globulol,"InChI=1S/C15H26O/c1-9-5-6-10-12(9)13-11(14(13,2)3)7-8-15(10,4)16/h9-13,16H,5-8H2,1-4H3/t9-,10+,11-,12-,13-,15+/m0/s1",7308311
epi-zonarene,epi-zonarene,,NA
epizonarene,epizonarene,"InChI=1S/C15H24/c1-10(2)13-8-6-12(4)14-7-5-11(3)9-15(13)14/h9-10,12,14H,5-8H2,1-4H3",595385
epoxy-allo-aromadendrene,epoxy-allo-aromadendrene,,NA
"eremophila-1(10),8,1-triene","eremophila-1(10),8,1-triene",,NA
ergost-5-en-3beta-ol,ergost-5-en-3beta-ol,"InChI=1S/C28H48O/c1-18(2)19(3)7-8-20(4)24-11-12-25-23-10-9-21-17-22(29)13-15-27(21,5)26(23)14-16-28(24,25)6/h9,18-20,22-26,29H,7-8,10-17H2,1-6H3/t19-,20+,22-,23-,24+,25-,26-,27-,28+/m0/s1",5283637
ethanol,ethanol,"InChI=1S/C2H6O/c1-2-3/h3H,2H2,1H3",702
ethyl decanoate,ethyl decanoate,"InChI=1S/C12H24O2/c1-3-5-6-7-8-9-10-11-12(13)14-4-2/h3-11H2,1-2H3",8048
ethyl dodecanoate,ethyl dodecanoate,"InChI=1S/C14H28O2/c1-3-5-6-7-8-9-10-11-12-13-14(15)16-4-2/h3-13H2,1-2H3",7800
ethyl dodecenoate,ethyl dodecenoate,"InChI=1S/C14H26O2/c1-3-5-6-7-8-9-10-11-12-13-14(15)16-4-2/h12-13H,3-11H2,1-2H3",53401860
ethyl hexadecanoate,ethyl hexadecanoate,"InChI=1S/C18H36O2/c1-3-5-6-7-8-9-10-11-12-13-14-15-16-17-18(19)20-4-2/h3-17H2,1-2H3",12366
ethyl hexanoate,ethyl hexanoate,"InChI=1S/C8H16O2/c1-3-5-6-7-8(9)10-4-2/h3-7H2,1-2H3",31265
ethyl hydroquinone,ethyl hydroquinone,,NA
ethyl isopentanoate,ethyl isopentanoate,"InChI=1S/C7H14O2/c1-4-9-7(8)5-6(2)3/h6H,4-5H2,1-3H3",7945
ethyl linoleate,ethyl linoleate,"InChI=1S/C20H36O2/c1-3-5-6-7-8-9-10-11-12-13-14-15-16-17-18-19-20(21)22-4-2/h8-9,11-12H,3-7,10,13-19H2,1-2H3/b9-8-,12-11-",5282184
ethyl nicotinate,ethyl nicotinate,"InChI=1S/C8H9NO2/c1-2-11-8(10)7-4-3-5-9-6-7/h3-6H,2H2,1H3",69188
ethyl oleate,ethyl oleate,"InChI=1S/C20H38O2/c1-3-5-6-7-8-9-10-11-12-13-14-15-16-17-18-19-20(21)22-4-2/h11-12H,3-10,13-19H2,1-2H3/b12-11-",5363269
ethyl palmitate,ethyl palmitate,"InChI=1S/C18H36O2/c1-3-5-6-7-8-9-10-11-12-13-14-15-16-17-18(19)20-4-2/h3-17H2,1-2H3",12366
ethyl tetradecanoate,ethyl tetradecanoate,"InChI=1S/C16H32O2/c1-3-5-6-7-8-9-10-11-12-13-14-15-16(17)18-4-2/h3-15H2,1-2H3",31283
ethyl-9-hexadecenoated,ethyl-9-hexadecenoated,,NA
ethylacetate,ethylacetate,"InChI=1S/C4H8O2/c1-3-6-4(2)5/h3H2,1-2H3",8857
ethylbenzene,ethylbenzene,"InChI=1S/C8H10/c1-2-8-6-4-3-5-7-8/h3-7H,2H2,1H3",7500
ethylbenzoate,ethylbenzoate,"InChI=1S/C9H10O2/c1-2-11-9(10)8-6-4-3-5-7-8/h3-7H,2H2,1H3",7165
eucalyptol,eucalyptol,"InChI=1S/C10H18O/c1-9(2)8-4-6-10(3,11-9)7-5-8/h8H,4-7H2,1-3H3",2758
"eudesma-4(15),7-dien-4-beta-ol","eudesma-4(15),7-dien-4-beta-ol",,NA
eudesmol,eudesmol,,NA
eugenol,eugenol,"InChI=1S/C10H12O2/c1-3-4-8-5-6-9(11)10(7-8)12-2/h3,5-7,11H,1,4H2,2H3",3314
exo-2-hydroxycineoleacetate,exo-2-hydroxycineoleacetate,,NA
exo-fenchyl acetate,exo-fenchyl acetate,"InChI=1S/C12H20O2/c1-8(13)14-10-11(2,3)9-5-6-12(10,4)7-9/h9-10H,5-7H2,1-4H3/t9?,10-,12?/m0/s1",6430689
falcarinol,falcarinol,"InChI=1S/C17H24O/c1-3-5-6-7-8-9-10-11-12-13-14-15-16-17(18)4-2/h4,10-11,17-18H,2-3,5-9,12H2,1H3",3322
farnesol,farnesol,"InChI=1S/C15H26O/c1-13(2)7-5-8-14(3)9-6-10-15(4)11-12-16/h7,9,11,16H,5-6,8,10,12H2,1-4H3",3327
farnesyl acetone,farnesyl acetone,"InChI=1S/C18H30O/c1-15(2)9-6-10-16(3)11-7-12-17(4)13-8-14-18(5)19/h9,11,13H,6-8,10,12,14H2,1-5H3/b16-11+,17-13+",1711945
fenchene,fenchene,,NA
fenchol,fenchol,"InChI=1S/C10H18O/c1-9(2)7-4-5-10(3,6-7)8(9)11/h7-8,11H,4-6H2,1-3H3",15406
fenchone,fenchone,"InChI=1S/C10H16O/c1-9(2)7-4-5-10(3,6-7)8(9)11/h7H,4-6H2,1-3H3",14525
furanoid,furanoid,,NA
furapelargone a,furapelargone a,,NA
furfural,furfural,InChI=1S/C5H4O2/c6-4-5-2-1-3-7-5/h1-4H,7362
gamma-amorphene,gamma-amorphene,,NA
gamma-cadinene,gamma-cadinene,"InChI=1S/C15H24/c1-10(2)13-8-6-12(4)14-7-5-11(3)9-15(13)14/h9-10,13-15H,4-8H2,1-3H3/t13-,14-,15-/m0/s1",6432404
gamma-curcumene,gamma-curcumene,"InChI=1S/C15H24/c1-12(2)6-5-7-14(4)15-10-8-13(3)9-11-15/h6,8,10,14H,5,7,9,11H2,1-4H3/t14-/m1/s1",12304273
gamma-dehydro-ar-himachalene,gamma-dehydro-ar-himachalene,,NA
gamma-elemene,gamma-elemene,"InChI=1S/C15H24/c1-7-15(6)9-8-13(11(2)3)10-14(15)12(4)5/h7,14H,1,4,8-10H2,2-3,5-6H3/t14-,15+/m0/s1",6432312
gamma-epi-eudesmol,gamma-epi-eudesmol,,NA
gamma-eudesmol,gamma-eudesmol,"InChI=1S/C15H26O/c1-11-6-5-8-15(4)9-7-12(10-13(11)15)14(2,3)16/h12,16H,5-10H2,1-4H3/t12-,15-/m1/s1",6432005
gamma-gurjunene,gamma-gurjunene,"InChI=1S/C15H24/c1-10(2)13-7-5-11(3)14-8-6-12(4)15(14)9-13/h9,11-14H,1,5-8H2,2-4H3",90805
gamma-muurolene,gamma-muurolene,"InChI=1S/C15H24/c1-10(2)13-8-6-12(4)14-7-5-11(3)9-15(13)14/h9-10,13-15H,4-8H2,1-3H3/t13-,14+,15-/m0/s1",12313020
gamma-patchoulene,gamma-patchoulene,"InChI=1S/C15H24/c1-10-7-8-15-11(2)5-6-12(9-13(10)15)14(15,3)4/h10,12-13H,2,5-9H2,1,3-4H3",521302
gamma-selinene,gamma-selinene,"InChI=1S/C15H24/c1-11(2)13-7-9-15(4)8-5-6-12(3)14(15)10-13/h14H,3,5-10H2,1-2,4H3",521334
gamma-sudesmol,gamma-sudesmol,,NA
gamma-terpinene,gamma-terpinene,"InChI=1S/C10H16/c1-8(2)10-6-4-9(3)5-7-10/h4,7-8H,5-6H2,1-3H3",7461
gamma-terpineol,gamma-terpineol,"InChI=1S/C10H18O/c1-8(2)9-4-6-10(3,11)7-5-9/h11H,4-7H2,1-3H3",11467
garanate,garanate,,NA
geijerene,geijerene,"InChI=1S/C12H18/c1-5-12(4)9-7-6-8-11(12)10(2)3/h5-6,8,11H,1-2,7,9H2,3-4H3",12310053
geranial,geranial,"InChI=1S/C10H16O/c1-9(2)5-4-6-10(3)7-8-11/h5,7-8H,4,6H2,1-3H3/b10-7+",638011
geraniol,geraniol,"InChI=1S/C10H18O/c1-9(2)5-4-6-10(3)7-8-11/h5,7,11H,4,6,8H2,1-3H3/b10-7+",637566
geraniol (e),geraniol (e),"InChI=1S/C10H18O/c1-9(2)5-4-6-10(3)7-8-11/h5,7,11H,4,6,8H2,1-3H3/b10-7+",637566
geranyl 2-methylbutyrate,geranyl 2-methylbutyrate,"InChI=1S/C15H26O2/c1-6-14(5)15(16)17-11-10-13(4)9-7-8-12(2)3/h8,10,14H,6-7,9,11H2,1-5H3/b13-10+",6437648
geranyl acetate,geranyl acetate,"InChI=1S/C12H20O2/c1-10(2)6-5-7-11(3)8-9-14-12(4)13/h6,8H,5,7,9H2,1-4H3/b11-8+",1549026
geranyl acetone,geranyl acetone,"InChI=1S/C13H22O/c1-11(2)7-5-8-12(3)9-6-10-13(4)14/h7,9H,5-6,8,10H2,1-4H3/b12-9+",1549778
geranyl butyrate,geranyl butyrate,"InChI=1S/C14H24O2/c1-5-7-14(15)16-11-10-13(4)9-6-8-12(2)3/h8,10H,5-7,9,11H2,1-4H3/b13-10+",5355856
geranyl formate,geranyl formate,"InChI=1S/C11H18O2/c1-10(2)5-4-6-11(3)7-8-13-9-12/h5,7,9H,4,6,8H2,1-3H3/b11-7+",5282109
geranyl heptanoate,geranyl heptanoate,"InChI=1S/C17H30O2/c1-5-6-7-8-12-17(18)19-14-13-16(4)11-9-10-15(2)3/h10,13H,5-9,11-12,14H2,1-4H3",3085924
geranyl isobutyrate,geranyl isobutyrate,"InChI=1S/C14H24O2/c1-11(2)7-6-8-13(5)9-10-16-14(15)12(3)4/h7,9,12H,6,8,10H2,1-5H3/b13-9+",6086514
geranyl propionate,geranyl propionate,"InChI=1S/C13H22O2/c1-5-13(14)15-10-9-12(4)8-6-7-11(2)3/h7,9H,5-6,8,10H2,1-4H3/b12-9+",5355853
geranyl tiglate,geranyl tiglate,"InChI=1S/C15H24O2/c1-6-14(5)15(16)17-11-10-13(4)9-7-8-12(2)3/h6,8,10H,7,9,11H2,1-5H3/b13-10+,14-6+",5367785
geranyl-2-methylbutyrate,geranyl-2-methylbutyrate,,NA
germacrene a,germacrene a,"InChI=1S/C15H24/c1-12(2)15-10-8-13(3)6-5-7-14(4)9-11-15/h6,9,15H,1,5,7-8,10-11H2,2-4H3/b13-6-,14-9+",5463084
germacrene b,germacrene b,"InChI=1S/C15H24/c1-12(2)15-10-8-13(3)6-5-7-14(4)9-11-15/h6,9H,5,7-8,10-11H2,1-4H3/b13-6+,14-9+",5281519
germacrene d,germacrene d,"InChI=1S/C15H24/c1-12(2)15-10-8-13(3)6-5-7-14(4)9-11-15/h7-8,10,12,15H,3,5-6,9,11H2,1-2,4H3",91104
germacrene d 4-ol,germacrene d 4-ol,,NA
germacrene d-4-alpha-ol,germacrene d-4-alpha-ol,,NA
germacrene d-4-ol,germacrene d-4-ol,"InChI=1S/C15H26O/c1-12(2)14-8-7-13(3)6-5-10-15(4,16)11-9-14/h6,9,11-12,14,16H,5,7-8,10H2,1-4H3/b11-9+,13-6+",5352847
germacrene-d-4-ol,germacrene-d-4-ol,"InChI=1S/C15H26O/c1-12(2)14-8-7-13(3)6-5-10-15(4,16)11-9-14/h6,9,11-12,14,16H,5,7-8,10H2,1-4H3/b11-9+,13-6+",5352847
globulol,globulol,"InChI=1S/C15H26O/c1-9-5-6-10-12(9)13-11(14(13,2)3)7-8-15(10,4)16/h9-13,16H,5-8H2,1-4H3",101716
globulol+unknown,globulol+unknown,,NA
gossonorol,gossonorol,"InChI=1S/C15H22O/c1-12(2)6-5-11-15(4,16)14-9-7-13(3)8-10-14/h6-10,16H,5,11H2,1-4H3",185199
"guaia-6,9-diene","guaia-6,9-diene",,NA
guaiazulene,guaiazulene,"InChI=1S/C15H18/c1-10(2)13-7-5-11(3)14-8-6-12(4)15(14)9-13/h5-10H,1-4H3",3515
guaiol,guaiol,"InChI=1S/C15H26O/c1-10-5-7-12(15(3,4)16)9-14-11(2)6-8-13(10)14/h10-12,16H,5-9H2,1-4H3/t10-,11-,12+/m0/s1",227829
guaiol isomer,guaiol isomer,,NA
"guaiol isomer f,g","guaiol isomer f,g",,NA
hedycaryol,hedycaryol,"InChI=1S/C15H26O/c1-12-6-5-7-13(2)9-11-14(10-8-12)15(3,4)16/h6,9,14,16H,5,7-8,10-11H2,1-4H3/b12-6-,13-9-/t14-/m0/s1",6432240
helifolenol b,helifolenol b,,NA
heneicosane,heneicosane,"InChI=1S/C21H44/c1-3-5-7-9-11-13-15-17-19-21-20-18-16-14-12-10-8-6-4-2/h3-21H2,1-2H3",12403
heptacosane,heptacosane,"InChI=1S/C27H56/c1-3-5-7-9-11-13-15-17-19-21-23-25-27-26-24-22-20-18-16-14-12-10-8-6-4-2/h3-27H2,1-2H3",11636
heptadecanal,heptadecanal,"InChI=1S/C17H34O/c1-2-3-4-5-6-7-8-9-10-11-12-13-14-15-16-17-18/h17H,2-16H2,1H3",71552
heptadecane,heptadecane,"InChI=1S/C17H36/c1-3-5-7-9-11-13-15-17-16-14-12-10-8-6-4-2/h3-17H2,1-2H3",12398
heptadecene,heptadecene,"InChI=1S/C17H34/c1-3-5-7-9-11-13-15-17-16-14-12-10-8-6-4-2/h3H,1,4-17H2,2H3",23217
heptan-2-ol,heptan-2-ol,"InChI=1S/C7H16O/c1-3-4-5-6-7(2)8/h7-8H,3-6H2,1-2H3",10976
heptanal,heptanal,"InChI=1S/C7H14O/c1-2-3-4-5-6-7-8/h7H,2-6H2,1H3",8130
hexacosane,hexacosane,"InChI=1S/C26H54/c1-3-5-7-9-11-13-15-17-19-21-23-25-26-24-22-20-18-16-14-12-10-8-6-4-2/h3-26H2,1-2H3",12407
hexadecane,hexadecane,"InChI=1S/C16H34/c1-3-5-7-9-11-13-15-16-14-12-10-8-6-4-2/h3-16H2,1-2H3",11006
hexadecanoic acid,hexadecanoic acid,"InChI=1S/C16H32O2/c1-2-3-4-5-6-7-8-9-10-11-12-13-14-15-16(17)18/h2-15H2,1H3,(H,17,18)",985
hexadecanol,hexadecanol,"InChI=1S/C16H34O/c1-2-3-4-5-6-7-8-9-10-11-12-13-14-15-16-17/h17H,2-16H2,1H3",2682
hexadecyl acetate,hexadecyl acetate,"InChI=1S/C18H36O2/c1-3-4-5-6-7-8-9-10-11-12-13-14-15-16-17-20-18(2)19/h3-17H2,1-2H3",12393
hexahydrofarnesyl acetone,hexahydrofarnesyl acetone,"InChI=1S/C18H36O/c1-15(2)9-6-10-16(3)11-7-12-17(4)13-8-14-18(5)19/h15-17H,6-14H2,1-5H3",10408
hexahydrofarnesylacetone,hexahydrofarnesylacetone,"InChI=1S/C18H36O/c1-15(2)9-6-10-16(3)11-7-12-17(4)13-8-14-18(5)19/h15-17H,6-14H2,1-5H3",10408
hexanal,hexanal,"InChI=1S/C6H12O/c1-2-3-4-5-6-7/h6H,2-5H2,1H3",6184
hexanoic acid,hexanoic acid,"InChI=1S/C6H12O2/c1-2-3-4-5-6(7)8/h2-5H2,1H3,(H,7,8)",8892
hexanol,hexanol,"InChI=1S/C6H14O/c1-2-3-4-5-6-7/h7H,2-6H2,1H3",8103
hexenal,hexenal,"InChI=1S/C6H10O/c1-2-3-4-5-6-7/h4-6H,2-3H2,1H3",10460
hexyl acetate,hexyl acetate,"InChI=1S/C8H16O2/c1-3-4-5-6-7-10-8(2)9/h3-7H2,1-2H3",8908
hexyl butyrate,hexyl butyrate,"InChI=1S/C10H20O2/c1-3-5-6-7-9-12-10(11)8-4-2/h3-9H2,1-2H3",17525
hexyl hexanoate,hexyl hexanoate,"InChI=1S/C12H24O2/c1-3-5-7-9-11-14-12(13)10-8-6-4-2/h3-11H2,1-2H3",22873
hexyl isovalerate,hexyl isovalerate,"InChI=1S/C11H22O2/c1-4-5-6-7-8-13-11(12)9-10(2)3/h10H,4-9H2,1-3H3",61455
hexyl octanoate,hexyl octanoate,"InChI=1S/C14H28O2/c1-3-5-7-9-10-12-14(15)16-13-11-8-6-4-2/h3-13H2,1-2H3",14228
hexyl tiglate,hexyl tiglate,"InChI=1S/C11H20O2/c1-4-6-7-8-9-13-11(12)10(3)5-2/h5H,4,6-9H2,1-3H3/b10-5+",637523
hexyl valerate,hexyl valerate,"InChI=1S/C11H22O2/c1-3-5-7-8-10-13-11(12)9-6-4-2/h3-10H2,1-2H3",70694
hexyl-2-methyl butyrate,hexyl-2-methyl butyrate,,NA
himachalol,himachalol,"InChI=1S/C15H26O/c1-11-6-7-12-13(10-11)14(2,3)8-5-9-15(12,4)16/h10,12-13,16H,5-9H2,1-4H3/t12-,13+,15-/m1/s1",121536
hinesol,hinesol,"InChI=1S/C15H26O/c1-11-6-5-7-12(2)15(11)9-8-13(10-15)14(3,4)16/h6,12-13,16H,5,7-10H2,1-4H3",289964
humulene,humulene,"InChI=1S/C15H24/c1-13-7-5-8-14(2)10-12-15(3,4)11-6-9-13/h6-7,10-11H,5,8-9,12H2,1-4H3/b11-6+,13-7+,14-10+",5281520
humulene epoxide ii,humulene epoxide ii,"InChI=1S/C15H24O/c1-12-6-7-13-15(4,16-13)10-5-9-14(2,3)11-8-12/h5,8-9,13H,6-7,10-11H2,1-4H3/b9-5-,12-8+",5463721
humulene epoxide iii,humulene epoxide iii,,NA
humulene epoxide ll,humulene epoxide ll,,NA
humulene epoxide-ii,humulene epoxide-ii,,NA
humulene epoxide-iii,humulene epoxide-iii,,NA
humulene oxide i,humulene oxide i,"InChI=1S/C15H24O/c1-12-7-5-9-14(2,3)11-13-15(4,16-13)10-6-8-12/h5,8-9,13H,6-7,10-11H2,1-4H3/b9-5-,12-8-",22559443
humulene oxide ii,humulene oxide ii,"InChI=1S/C15H24O/c1-12-6-7-13-15(4,16-13)10-5-9-14(2,3)11-8-12/h5,8-9,13H,6-7,10-11H2,1-4H3/b9-5-,12-8-",23274265
indole,indole,"InChI=1S/C8H7N/c1-2-4-8-7(3-1)5-6-9-8/h1-6,9H",798
iso-menthol,iso-menthol,,NA
iso-menthone,iso-menthone,"InChI=1S/C10H18O/c1-7(2)9-5-4-8(3)6-10(9)11/h7-9H,4-6H2,1-3H3",6986
isoamyl hexanoate,isoamyl hexanoate,"InChI=1S/C11H22O2/c1-4-5-6-7-11(12)13-9-8-10(2)3/h10H,4-9H2,1-3H3",16617
isoamyl isovalerate,isoamyl isovalerate,"InChI=1S/C10H20O2/c1-8(2)5-6-12-10(11)7-9(3)4/h8-9H,5-7H2,1-4H3",12613
isoamyl isovlerate,isoamyl isovlerate,,NA
isoamyl-2-methyl butyrate,isoamyl-2-methyl butyrate,,NA
isobazzanene,isobazzanene,"InChI=1S/C15H24/c1-12-7-10-15(4,11-8-12)13-6-5-9-14(13,2)3/h6-7H,5,8-11H2,1-4H3",14830702
isoborneol,isoborneol,"InChI=1S/C10H18O/c1-9(2)7-4-5-10(9,3)8(11)6-7/h7-8,11H,4-6H2,1-3H3",64685
isobornyl acetate,isobornyl acetate,"InChI=1S/C12H20O2/c1-8(13)14-10-7-9-5-6-12(10,4)11(9,2)3/h9-10H,5-7H2,1-4H3",6448
isobornyl formate,isobornyl formate,"InChI=1S/C11H18O2/c1-10(2)8-4-5-11(10,3)9(6-8)13-7-12/h7-9H,4-6H2,1-3H3/t8-,9-,11+/m1/s1",23623868
isobornyl formate,isobornyl formate,"InChI=1S/C11H18O2/c1-10(2)8-4-5-11(10,3)9(6-8)13-7-12/h7-9H,4-6H2,1-3H3",518472
isobornyl propionate,isobornyl propionate,"InChI=1S/C13H22O2/c1-5-11(14)15-10-8-9-6-7-13(10,4)12(9,2)3/h9-10H,5-8H2,1-4H3",89306
isobornylformate,isobornylformate,,NA
isobutylphenylacetate,isobutylphenylacetate,,NA
isocaryophyllene,isocaryophyllene,"InChI=1S/C15H24/c1-11-6-5-7-12(2)13-10-15(3,4)14(13)9-8-11/h6,13-14H,2,5,7-10H2,1,3-4H3/b11-6-/t13-,14-/m1/s1",5281522
isocaryophyllene oxide,isocaryophyllene oxide,"InChI=1S/C15H24O/c1-10-5-6-13-15(4,16-13)8-7-12-11(10)9-14(12,2)3/h11-13H,1,5-9H2,2-4H3",14350
isocomene,isocomene,"InChI=1S/C15H24/c1-11-6-9-14(4)12(2)10-13(3)7-5-8-15(11,13)14/h10-11H,5-9H2,1-4H3/t11-,13+,14+,15?/m1/s1",188113
isoeogenol,isoeogenol,,NA
isokaurene,isokaurene,"InChI=1S/C20H32/c1-14-12-20-11-8-16-18(2,3)9-5-10-19(16,4)17(20)7-6-15(14)13-20/h12,15-17H,5-11,13H2,1-4H3",521318
isoledene,isoledene,"InChI=1S/C15H24/c1-9-6-8-12-14(15(12,3)4)13-10(2)5-7-11(9)13/h9-10,12,14H,5-8H2,1-4H3",530426
isomenthol,isomenthol,"InChI=1S/C10H20O/c1-7(2)9-5-4-8(3)6-10(9)11/h7-11H,4-6H2,1-3H3/t8-,9-,10+/m1/s1",45056
isomenthone,isomenthone,"InChI=1S/C10H18O/c1-7(2)9-5-4-8(3)6-10(9)11/h7-9H,4-6H2,1-3H3",6986
isopentanol,isopentanol,"InChI=1S/C5H12O/c1-5(2)3-4-6/h5-6H,3-4H2,1-2H3",31260
isophytol+phytol,isophytol+phytol,,NA
isopinocamphone,isopinocamphone,"InChI=1S/C10H16O/c1-6-8-4-7(5-9(6)11)10(8,2)3/h6-8H,4-5H2,1-3H3/t6-,7+,8-/m0/s1",84532
isopiperitenone,isopiperitenone,"InChI=1S/C10H14O/c1-7(2)9-5-4-8(3)6-10(9)11/h6,9H,1,4-5H2,2-3H3",79036
isopropyl isobutyrate,isopropyl isobutyrate,"InChI=1S/C7H14O2/c1-5(2)7(8)9-6(3)4/h5-6H,1-4H3",12044
isopulegol,isopulegol,"InChI=1S/C10H18O/c1-7(2)9-5-4-8(3)6-10(9)11/h8-11H,1,4-6H2,2-3H3",24585
isopulegyl acetate,isopulegyl acetate,"InChI=1S/C12H20O2/c1-8(2)11-6-5-9(3)7-12(11)14-10(4)13/h9,11-12H,1,5-7H2,2-4H3",494311
isospathulenol,isospathulenol,"InChI=1S/C15H24O/c1-9-5-6-11-13(14(11,2)3)12-10(9)7-8-15(12,4)16/h11-13,16H,5-8H2,1-4H3",14038848
isosylvestrene,isosylvestrene,,NA
isoterpinolene,isoterpinolene,"InChI=1S/C10H16/c1-8(2)10-6-4-9(3)5-7-10/h4,6,9H,5,7H2,1-3H3",102443
isovaleric acid,isovaleric acid,"InChI=1S/C5H10O2/c1-4(2)3-5(6)7/h4H,3H2,1-2H3,(H,6,7)",10430
italicene epoxide,italicene epoxide,"InChI=1S/C15H24O/c1-9-5-6-10-13(2,3)11-12-14(4,16-12)7-8-15(9,10)11/h9-12H,5-8H2,1-4H3",91704566
junipercamphor,junipercamphor,,NA
kessane,kessane,"InChI=1S/C15H26O/c1-10-5-6-13-12(10)9-11-7-8-15(13,4)16-14(11,2)3/h10-13H,5-9H2,1-4H3",527491
l-linalool,l-linalool,"InChI=1S/C10H18O/c1-5-10(4,11)8-6-7-9(2)3/h5,7,11H,1,6,8H2,2-4H3/t10-/m0/s1",443158
lavandulyl acetate,lavandulyl acetate,"InChI=1S/C12H20O2/c1-9(2)6-7-12(10(3)4)8-14-11(5)13/h6,12H,3,7-8H2,1-2,4-5H3",30247
lavandulyl isobutyrate,lavandulyl isobutyrate,"InChI=1S/C14H24O2/c1-10(2)7-8-13(11(3)4)9-16-14(15)12(5)6/h7,12-13H,3,8-9H2,1-2,4-6H3",527270
lavandulyl isovalerate,lavandulyl isovalerate,"InChI=1S/C15H26O2/c1-11(2)7-8-14(13(5)6)10-17-15(16)9-12(3)4/h7,12,14H,5,8-10H2,1-4,6H3",527271
ledene,ledene,"InChI=1S/C15H24/c1-9-6-8-12-14(15(12,3)4)13-10(2)5-7-11(9)13/h10,12-14H,5-8H2,1-4H3/t10-,12-,13-,14-/m1/s1",10910653
ledol,ledol,"InChI=1S/C15H26O/c1-9-5-6-10-12(9)13-11(14(13,2)3)7-8-15(10,4)16/h9-13,16H,5-8H2,1-4H3",101716
limonene,limonene,"InChI=1S/C10H16/c1-8(2)10-6-4-9(3)5-7-10/h4,10H,1,5-7H2,2-3H3",22311
limonene-4-ol,limonene-4-ol,"InChI=1S/C10H16O/c1-8(2)10(11)6-4-9(3)5-7-10/h4,11H,1,5-7H2,2-3H3",527428
limonene+beta-phellandrene,limonene+beta-phellandrene,,NA
linaiooi,linaiooi,,NA
linalool,linalool,"InChI=1S/C10H18O/c1-5-10(4,11)8-6-7-9(2)3/h5,7,11H,1,6,8H2,2-4H3",6549
linalool oxide,linalool oxide,,NA
linalool oxide (furanoid),linalool oxide (furanoid),"InChI=1S/C10H18O2/c1-5-10(4)7-6-8(12-10)9(2,3)11/h5,8,11H,1,6-7H2,2-4H3",22310
linalool propanoate,linalool propanoate,"InChI=1S/C14H24O2/c1-6-9-13(15)16-14(5,7-2)11-8-10-12(3)4/h7H,2-3,6,8-11H2,1,4-5H3",6431132
linalyl acetate,linalyl acetate,"InChI=1S/C12H20O2/c1-6-12(5,14-11(4)13)9-7-8-10(2)3/h6,8H,1,7,9H2,2-5H3",8294
linalyl isobutyrate,linalyl isobutyrate,"InChI=1S/C14H24O2/c1-7-14(6,10-8-9-11(2)3)16-13(15)12(4)5/h7,9,12H,1,8,10H2,2-6H3",6532
linalyl propionate,linalyl propionate,"InChI=1S/C13H22O2/c1-6-12(14)15-13(5,7-2)10-8-9-11(3)4/h7,9H,2,6,8,10H2,1,3-5H3",61098
linoleic acid,linoleic acid,"InChI=1S/C18H32O2/c1-2-3-4-5-6-7-8-9-10-11-12-13-14-15-16-17-18(19)20/h6-7,9-10H,2-5,8,11-17H2,1H3,(H,19,20)/b7-6-,10-9-",5280450
longiciclene,longiciclene,,NA
longifolenaldehyde,longifolenaldehyde,"InChI=1S/C15H24O/c1-14(2)7-4-8-15(3)11-6-5-10(13(11)14)12(15)9-16/h9-13H,4-8H2,1-3H3",565584
longipinanol,longipinanol,,NA
m-cresol,m-cresol,"InChI=1S/C7H8O/c1-6-3-2-4-7(8)5-6/h2-5,8H,1H3",342
m-cymenene,m-cymenene,"InChI=1S/C10H12/c1-8(2)10-6-4-5-9(3)7-10/h4-7H,1H2,2-3H3",70759
maaliene,maaliene,,NA
manool,manool,"InChI=1S/C20H34O/c1-7-19(5,21)14-11-16-15(2)9-10-17-18(3,4)12-8-13-20(16,17)6/h7,16-17,21H,1-2,8-14H2,3-6H3",238792
manool oxide,manool oxide,"InChI=1S/C20H34O/c1-7-18(4)13-9-16-19(5)12-8-11-17(2,3)15(19)10-14-20(16,6)21-18/h7,15-16H,1,8-14H2,2-6H3",518574
menthofuran,menthofuran,"InChI=1S/C10H14O/c1-7-3-4-9-8(2)6-11-10(9)5-7/h6-7H,3-5H2,1-2H3",329983
menthol,menthol,"InChI=1S/C10H20O/c1-7(2)9-5-4-8(3)6-10(9)11/h7-11H,4-6H2,1-3H3",1254
menthone,menthone,"InChI=1S/C10H18O/c1-7(2)9-5-4-8(3)6-10(9)11/h7-9H,4-6H2,1-3H3",6986
menthyl acetate,menthyl acetate,"InChI=1S/C12H22O2/c1-8(2)11-6-5-9(3)7-12(11)14-10(4)13/h8-9,11-12H,5-7H2,1-4H3",27867
menthyl isovalerate,menthyl isovalerate,"InChI=1S/C15H28O2/c1-10(2)8-15(16)17-14-9-12(5)6-7-13(14)11(3)4/h10-14H,6-9H2,1-5H3",565690
mesitylene,mesitylene,"InChI=1S/C9H12/c1-7-4-8(2)6-9(3)5-7/h4-6H,1-3H3",7947
Methanoazulene,Methanoazulene,,NA
methyl (z)-3-dodecenoate,methyl (z)-3-dodecenoate,,NA
methyl acetate,methyl acetate,InChI=1S/C3H6O2/c1-3(4)5-2/h1-2H3,6584
methyl allyl trisulfide,methyl allyl trisulfide,"InChI=1S/C4H8S3/c1-3-4-6-7-5-2/h3H,1,4H2,2H3",61926
methyl anthranilate,methyl anthranilate,"InChI=1S/C8H9NO2/c1-11-8(10)6-4-2-3-5-7(6)9/h2-5H,9H2,1H3",8635
methyl benzoate,methyl benzoate,"InChI=1S/C8H8O2/c1-10-8(9)7-5-3-2-4-6-7/h2-6H,1H3",7150
methyl carvacrol,methyl carvacrol,"InChI=1S/C11H16O/c1-8(2)10-6-5-9(3)11(7-10)12-4/h5-8H,1-4H3",80790
methyl chavicol,methyl chavicol,"InChI=1S/C10H12O/c1-3-4-9-5-7-10(11-2)8-6-9/h3,5-8H,1,4H2,2H3",8815
methyl cyclopentane,methyl cyclopentane,"InChI=1S/C6H12/c1-6-4-2-3-5-6/h6H,2-5H2,1H3",7296
methyl cyclopentanone,methyl cyclopentanone,,NA
methyl eugenol,methyl eugenol,"InChI=1S/C11H14O2/c1-4-5-9-6-7-10(12-2)11(8-9)13-3/h4,6-8H,1,5H2,2-3H3",7127
methyl geranate,methyl geranate,"InChI=1S/C11H18O2/c1-9(2)6-5-7-10(3)8-11(12)13-4/h6,8H,5,7H2,1-4H3/b10-8+",5365910
methyl heptenone,methyl heptenone,,NA
methyl isovalerate,methyl isovalerate,"InChI=1S/C6H12O2/c1-5(2)4-6(7)8-3/h5H,4H2,1-3H3",11160
methyl octanoate,methyl octanoate,"InChI=1S/C9H18O2/c1-3-4-5-6-7-8-9(10)11-2/h3-8H2,1-2H3",8091
methyl palmitate,methyl palmitate,"InChI=1S/C17H34O2/c1-3-4-5-6-7-8-9-10-11-12-13-14-15-16-17(18)19-2/h3-16H2,1-2H3",8181
methyl salicylate,methyl salicylate,"InChI=1S/C8H8O3/c1-11-8(10)6-4-2-3-5-7(6)9/h2-5,9H,1H3",4133
methyl tetradecanoate,methyl tetradecanoate,"InChI=1S/C15H30O2/c1-3-4-5-6-7-8-9-10-11-12-13-14-15(16)17-2/h3-14H2,1-2H3",31284
methyl thymol,methyl thymol,,NA
methyl-2-phenylacetate,methyl-2-phenylacetate,,NA
mint sulfide,mint sulfide,,NA
monoterpenes hydrocarbons,monoterpenes hydrocarbons,,NA
"muurola-4,9-dien-15-ol","muurola-4,9-dien-15-ol",,NA
myrcene,myrcene,"InChI=1S/C10H16/c1-5-10(4)8-6-7-9(2)3/h5,7H,1,4,6,8H2,2-3H3",31253
myrcenol,myrcenol,"InChI=1S/C10H18O/c1-5-9(2)7-6-8-10(3,4)11/h5,11H,1-2,6-8H2,3-4H3",10975
myristicin,myristicin,"InChI=1S/C11H12O3/c1-3-4-8-5-9(12-2)11-10(6-8)13-7-14-11/h3,5-6H,1,4,7H2,2H3",4276
myristyl acetate,myristyl acetate,"InChI=1S/C16H32O2/c1-3-4-5-6-7-8-9-10-11-12-13-14-15-18-16(2)17/h3-15H2,1-2H3",12531
myrtanol,myrtanol,"InChI=1S/C10H18O/c1-10(2)8-4-3-7(6-11)9(10)5-8/h7-9,11H,3-6H2,1-2H3",521314
myrtenal,myrtenal,"InChI=1S/C10H14O/c1-10(2)8-4-3-7(6-11)9(10)5-8/h3,6,8-9H,4-5H2,1-2H3",61130
myrtenol,myrtenol,"InChI=1S/C10H16O/c1-10(2)8-4-3-7(6-11)9(10)5-8/h3,8-9,11H,4-6H2,1-2H3",10582
myrtenol + myrtenal,myrtenol + myrtenal,,NA
myrtenyl acetate,myrtenyl acetate,"InChI=1S/C12H18O2/c1-8(13)14-7-9-4-5-10-6-11(9)12(10,2)3/h4,10-11H,5-7H2,1-3H3",61262
n-heneicosane,n-heneicosane,"InChI=1S/C21H44/c1-3-5-7-9-11-13-15-17-19-21-20-18-16-14-12-10-8-6-4-2/h3-21H2,1-2H3",12403
n-heptadecane,n-heptadecane,"InChI=1S/C17H36/c1-3-5-7-9-11-13-15-17-16-14-12-10-8-6-4-2/h3-17H2,1-2H3",12398
n-heptanol,n-heptanol,"InChI=1S/C7H16O/c1-2-3-4-5-6-7-8/h8H,2-7H2,1H3",8129
n-hexadecane,n-hexadecane,"InChI=1S/C16H34/c1-3-5-7-9-11-13-15-16-14-12-10-8-6-4-2/h3-16H2,1-2H3",11006
n-hexanol,n-hexanol,"InChI=1S/C6H14O/c1-2-3-4-5-6-7/h7H,2-6H2,1H3",8103
n-nonadecane,n-nonadecane,"InChI=1S/C19H40/c1-3-5-7-9-11-13-15-17-19-18-16-14-12-10-8-6-4-2/h3-19H2,1-2H3",12401
n-nonanal,n-nonanal,"InChI=1S/C9H18O/c1-2-3-4-5-6-7-8-9-10/h9H,2-8H2,1H3",31289
n-octanal,n-octanal,"InChI=1S/C8H16O/c1-2-3-4-5-6-7-8-9/h8H,2-7H2,1H3",454
n-pentadecane,n-pentadecane,"InChI=1S/C15H32/c1-3-5-7-9-11-13-15-14-12-10-8-6-4-2/h3-15H2,1-2H3",12391
n-undecane,n-undecane,"InChI=1S/C11H24/c1-3-5-7-9-11-10-8-6-4-2/h3-11H2,1-2H3",14257
naphthalene,naphthalene,InChI=1S/C10H8/c1-2-6-10-8-4-3-7-9(10)5-1/h1-8H,931
neo-3-thujanyl acetate,neo-3-thujanyl acetate,,NA
neo-allo-ocimene,neo-allo-ocimene,"InChI=1S/C10H16/c1-5-10(4)8-6-7-9(2)3/h5-8H,1-4H3/b8-6+,10-5-",5371125
neo-intermedeol,neo-intermedeol,,NA
neo-iso(iso)pulegol,neo-iso(iso)pulegol,,NA
neo-isomenthol,neo-isomenthol,,NA
neo-menthol,neo-menthol,"InChI=1S/C10H20O/c1-7(2)9-5-4-8(3)6-10(9)11/h7-11H,4-6H2,1-3H3/t8-,9+,10+/m1/s1",439263
neo-phytadiene,neo-phytadiene,,NA
neral,neral,"InChI=1S/C10H16O/c1-9(2)5-4-6-10(3)7-8-11/h5,7-8H,4,6H2,1-3H3/b10-7-",643779
nerol,nerol,"InChI=1S/C10H18O/c1-9(2)5-4-6-10(3)7-8-11/h5,7,11H,4,6,8H2,1-3H3/b10-7-",643820
nerol oxide,nerol oxide,"InChI=1S/C10H16O/c1-8(2)6-10-7-9(3)4-5-11-10/h4,6,10H,5,7H2,1-3H3",61275
nerol+citronellol+carvone,nerol+citronellol+carvone,,NA
nerolidol,nerolidol,"InChI=1S/C15H26O/c1-6-15(5,16)12-8-11-14(4)10-7-9-13(2)3/h6,9,11,16H,1,7-8,10,12H2,2-5H3",8888
nerolidyl acetate,nerolidyl acetate,"InChI=1S/C17H28O2/c1-7-17(6,19-16(5)18)13-9-12-15(4)11-8-10-14(2)3/h7,10,12H,1,8-9,11,13H2,2-6H3/b15-12+",5363426
neryl acetate,neryl acetate,"InChI=1S/C12H20O2/c1-10(2)6-5-7-11(3)8-9-14-12(4)13/h6,8H,5,7,9H2,1-4H3/b11-8-",1549025
neryl formate,neryl formate,"InChI=1S/C11H18O2/c1-10(2)5-4-6-11(3)7-8-13-9-12/h5,7,9H,4,6,8H2,1-3H3/b11-7-",5354882
neryl tiglate,neryl tiglate,,NA
neryl-2-methyl butyrate,neryl-2-methyl butyrate,,NA
ni,ni,InChI=1S/Ni,935
nonacosane,nonacosane,"InChI=1S/C29H60/c1-3-5-7-9-11-13-15-17-19-21-23-25-27-29-28-26-24-22-20-18-16-14-12-10-8-6-4-2/h3-29H2,1-2H3",12409
nonadecane,nonadecane,"InChI=1S/C19H40/c1-3-5-7-9-11-13-15-17-19-18-16-14-12-10-8-6-4-2/h3-19H2,1-2H3",12401
nonanal,nonanal,"InChI=1S/C9H18O/c1-2-3-4-5-6-7-8-9-10/h9H,2-8H2,1H3",31289
nonane,nonane,"InChI=1S/C9H20/c1-3-5-7-9-8-6-4-2/h3-9H2,1-2H3",8141
nonanoic acid,nonanoic acid,"InChI=1S/C9H18O2/c1-2-3-4-5-6-7-8-9(10)11/h2-8H2,1H3,(H,10,11)",8158
nonanol,nonanol,"InChI=1S/C9H20O/c1-2-3-4-5-6-7-8-9-10/h10H,2-9H2,1H3",8914
nootkatone,nootkatone,"InChI=1S/C15H22O/c1-10(2)12-5-6-13-8-14(16)7-11(3)15(13,4)9-12/h8,11-12H,1,5-7,9H2,2-4H3",20797
nopinone,nopinone,"InChI=1S/C9H14O/c1-9(2)6-3-4-8(10)7(9)5-6/h6-7H,3-5H2,1-2H3",32735
norosolanadione,norosolanadione,,NA
o-cresol,o-cresol,"InChI=1S/C7H8O/c1-6-4-2-3-5-7(6)8/h2-5,8H,1H3",335
o-cymene,o-cymene,"InChI=1S/C10H14/c1-8(2)10-7-5-4-6-9(10)3/h4-8H,1-3H3",10703
o-menth-8-ene,o-menth-8-ene,"InChI=1S/C10H18/c1-8(2)10-7-5-4-6-9(10)3/h9-10H,1,4-7H2,2-3H3",519074
octaciosane,octaciosane,,NA
octacosane,octacosane,"InChI=1S/C28H58/c1-3-5-7-9-11-13-15-17-19-21-23-25-27-28-26-24-22-20-18-16-14-12-10-8-6-4-2/h3-28H2,1-2H3",12408
octadecane,octadecane,"InChI=1S/C18H38/c1-3-5-7-9-11-13-15-17-18-16-14-12-10-8-6-4-2/h3-18H2,1-2H3",11635
octadecanoic acid,octadecanoic acid,"InChI=1S/C18H36O2/c1-2-3-4-5-6-7-8-9-10-11-12-13-14-15-16-17-18(19)20/h2-17H2,1H3,(H,19,20)",5281
octanal,octanal,"InChI=1S/C8H16O/c1-2-3-4-5-6-7-8-9/h8H,2-7H2,1H3",454
octanoic acid,octanoic acid,"InChI=1S/C8H16O2/c1-2-3-4-5-6-7-8(9)10/h2-7H2,1H3,(H,9,10)",379
octanol,octanol,"InChI=1S/C8H18O/c1-2-3-4-5-6-7-8-9/h9H,2-8H2,1H3",957
octanone-3,octanone-3,,NA
octyl isobutyrate,octyl isobutyrate,"InChI=1S/C12H24O2/c1-4-5-6-7-8-9-10-14-12(13)11(2)3/h11H,4-10H2,1-3H3",61024
octyl octanoate,octyl octanoate,"InChI=1S/C16H32O2/c1-3-5-7-9-11-13-15-18-16(17)14-12-10-8-6-4-2/h3-15H2,1-2H3",61294
oleic acid,oleic acid,"InChI=1S/C18H34O2/c1-2-3-4-5-6-7-8-9-10-11-12-13-14-15-16-17-18(19)20/h9-10H,2-8,11-17H2,1H3,(H,19,20)/b10-9-",445639
oplopanone,oplopanone,"InChI=1S/C15H26O2/c1-9(2)11-7-8-15(4,17)13-6-5-12(10(3)16)14(11)13/h9,11-14,17H,5-8H2,1-4H3",539857
osthole,osthole,"InChI=1S/C15H16O3/c1-10(2)4-7-12-13(17-3)8-5-11-6-9-14(16)18-15(11)12/h4-6,8-9H,7H2,1-3H3",10228
p-cresol,p-cresol,"InChI=1S/C7H8O/c1-6-2-4-7(8)5-3-6/h2-5,8H,1H3",2879
p-cymen-7-ol,p-cymen-7-ol,"InChI=1S/C10H14O/c1-8(2)10-5-3-9(7-11)4-6-10/h3-6,8,11H,7H2,1-2H3",325
p-cymen-8-ol,p-cymen-8-ol,"InChI=1S/C10H14O/c1-8-4-6-9(7-5-8)10(2,3)11/h4-7,11H,1-3H3",14529
p-cymene,p-cymene,"InChI=1S/C10H14/c1-8(2)10-6-4-9(3)5-7-10/h4-8H,1-3H3",7463
p-cymene-8-ol,p-cymene-8-ol,"InChI=1S/C10H14O/c1-8-4-6-9(7-5-8)10(2,3)11/h4-7,11H,1-3H3",14529
p-cymenene,p-cymenene,"InChI=1S/C10H12/c1-8(2)10-6-4-9(3)5-7-10/h4-7H,1H2,2-3H3",62385
p-menth-1-en-8-yl-acetate,p-menth-1-en-8-yl-acetate,,NA
p-menth-1-en-9-ol,p-menth-1-en-9-ol,"InChI=1S/C10H18O/c1-8-3-5-10(6-4-8)9(2)7-11/h3,9-11H,4-7H2,1-2H3",86753
p-menth-1-ene,p-menth-1-ene,"InChI=1S/C10H18/c1-8(2)10-6-4-9(3)5-7-10/h4,8,10H,5-7H2,1-3H3",21671
p-menth-1-ene-9-carboxaldehyde,p-menth-1-ene-9-carboxaldehyde,,NA
p-menth-3-ene,p-menth-3-ene,"InChI=1S/C10H18/c1-8(2)10-6-4-9(3)5-7-10/h6,8-9H,4-5,7H2,1-3H3",10369
"p-mentha-1,3-dien-7-al","p-mentha-1,3-dien-7-al",,NA
"p-mentha-1,5-dien-8-ol","p-mentha-1,5-dien-8-ol",,NA
"p-mentha-1,7(8)-diene","p-mentha-1,7(8)-diene",,NA
"p-mentha-1(7),8-dien-ol","p-mentha-1(7),8-dien-ol",,NA
"p-menthalpha-1,5-dien-8-ol","p-menthalpha-1,5-dien-8-ol",,NA
"p-menthalpha-1(7),5-dien-2-ol","p-menthalpha-1(7),5-dien-2-ol",,NA
p-methyl acetophenone,p-methyl acetophenone,"InChI=1S/C9H10O/c1-7-3-5-9(6-4-7)8(2)10/h3-6H,1-2H3",8500
p-tolyl-2-propene,p-tolyl-2-propene,,NA
palmitic acid,palmitic acid,"InChI=1S/C16H32O2/c1-2-3-4-5-6-7-8-9-10-11-12-13-14-15-16(17)18/h2-15H2,1H3,(H,17,18)",985
palsutrol,palsutrol,,NA
palustrol,palustrol,"InChI=1S/C15H26O/c1-9-7-8-15(16)10(2)5-6-11-13(12(9)15)14(11,3)4/h9-13,16H,5-8H2,1-4H3",110745
para-cymene,para-cymene,"InChI=1S/C10H14/c1-8(2)10-6-4-9(3)5-7-10/h4-8H,1-3H3",7463
patchouli alcohol,patchouli alcohol,"InChI=1S/C15H26O/c1-10-5-8-15(16)13(2,3)11-6-7-14(15,4)12(10)9-11/h10-12,16H,5-9H2,1-4H3/t10-,11+,12-,14-,15+/m0/s1",10955174
pentacosane,pentacosane,"InChI=1S/C25H52/c1-3-5-7-9-11-13-15-17-19-21-23-25-24-22-20-18-16-14-12-10-8-6-4-2/h3-25H2,1-2H3",12406
pentadecan-2-one,pentadecan-2-one,"InChI=1S/C15H30O/c1-3-4-5-6-7-8-9-10-11-12-13-14-15(2)16/h3-14H2,1-2H3",61303
pentadecanal,pentadecanal,"InChI=1S/C15H30O/c1-2-3-4-5-6-7-8-9-10-11-12-13-14-15-16/h15H,2-14H2,1H3",17697
pentadecane,pentadecane,"InChI=1S/C15H32/c1-3-5-7-9-11-13-15-14-12-10-8-6-4-2/h3-15H2,1-2H3",12391
pentadecanoic acid,pentadecanoic acid,"InChI=1S/C15H30O2/c1-2-3-4-5-6-7-8-9-10-11-12-13-14-15(16)17/h2-14H2,1H3,(H,16,17)",13849
pentadecanol,pentadecanol,"InChI=1S/C15H32O/c1-2-3-4-5-6-7-8-9-10-11-12-13-14-15-16/h16H,2-15H2,1H3",12397
pentanoic acid,pentanoic acid,"InChI=1S/C5H10O2/c1-2-3-4-5(6)7/h2-4H2,1H3,(H,6,7)",7991
pentatecanol,pentatecanol,,NA
pentyl 3-methylbutyrate,pentyl 3-methylbutyrate,"InChI=1S/C10H20O2/c1-4-5-6-7-12-10(11)8-9(2)3/h9H,4-8H2,1-3H3",95978
perilla alcohol,perilla alcohol,"InChI=1S/C10H16O/c1-8(2)10-5-3-9(7-11)4-6-10/h3,10-11H,1,4-7H2,2H3",10819
perillaldehyde,perillaldehyde,"InChI=1S/C10H14O/c1-8(2)10-5-3-9(7-11)4-6-10/h3,7,10H,1,4-6H2,2H3",16441
perillene,perillene,"InChI=1S/C10H14O/c1-9(2)4-3-5-10-6-7-11-8-10/h4,6-8H,3,5H2,1-2H3",68316
phellandral,phellandral,"InChI=1S/C10H16O/c1-8(2)10-5-3-9(7-11)4-6-10/h3,7-8,10H,4-6H2,1-2H3",89488
phenolic alkanone(4),phenolic alkanone(4),,NA
phenyl acetaldehyde,phenyl acetaldehyde,"InChI=1S/C8H8O/c9-7-6-8-4-2-1-3-5-8/h1-5,7H,6H2",998
phenyl ethyl alcohol,phenyl ethyl alcohol,"InChI=1S/C8H10O/c9-7-6-8-4-2-1-3-5-8/h1-5,9H,6-7H2",6054
phenylacetaldehydeb,phenylacetaldehydeb,,NA
phytol,phytol,"InChI=1S/C20H40O/c1-17(2)9-6-10-18(3)11-7-12-19(4)13-8-14-20(5)15-16-21/h15,17-19,21H,6-14,16H2,1-5H3",145386
phytol isomer,phytol isomer,,NA
pinocamphone,pinocamphone,"InChI=1S/C10H16O/c1-6-8-4-7(5-9(6)11)10(8,2)3/h6-8H,4-5H2,1-3H3",11038
pinocarvone,pinocarvone,"InChI=1S/C10H14O/c1-6-8-4-7(5-9(6)11)10(8,2)3/h7-8H,1,4-5H2,2-3H3",121719
piperitenone,piperitenone,"InChI=1S/C10H14O/c1-7(2)9-5-4-8(3)6-10(9)11/h6H,4-5H2,1-3H3",381152
piperitone,piperitone,"InChI=1S/C10H16O/c1-7(2)9-5-4-8(3)6-10(9)11/h6-7,9H,4-5H2,1-3H3",6987
precocene-i,precocene-i,,NA
premnaspirodiene,premnaspirodiene,"InChI=1S/C15H24/c1-11(2)14-8-9-15(10-14)12(3)6-5-7-13(15)4/h6,13-14H,1,5,7-10H2,2-4H3",340930
prococene-ii,prococene-ii,,NA
propyl sovalerate,propyl sovalerate,,NA
pulegone,pulegone,"InChI=1S/C10H16O/c1-7(2)9-5-4-8(3)6-10(9)11/h8H,4-6H2,1-3H3",6988
quinoline,quinoline,InChI=1S/C9H7N/c1-2-6-9-8(4-1)5-3-7-10-9/h1-7H,7047
rosifoliol,rosifoliol,"InChI=1S/C15H26O/c1-11-6-5-8-15(4)9-7-12(10-13(11)15)14(2,3)16/h10-12,16H,5-9H2,1-4H3",527256
rotundene,rotundene,"InChI=1S/C15H24/c1-10-4-5-14-13(10)8-12-6-7-15(14,3)9-11(12)2/h9-10,12-14H,4-8H2,1-3H3",25203405
Sabiene,Sabiene,,NA
sabinene,sabinene,"InChI=1S/C10H16/c1-7(2)10-5-4-8(3)9(10)6-10/h7,9H,3-6H2,1-2H3",18818
sabinene hydrate,sabinene hydrate,"InChI=1S/C10H18O/c1-7(2)10-5-4-9(3,11)8(10)6-10/h7-8,11H,4-6H2,1-3H3",62367
sabinol,sabinol,"InChI=1S/C10H16O/c1-6(2)10-4-8(10)7(3)9(11)5-10/h6,8-9,11H,3-5H2,1-2H3",564260
sabinyl-2-methylbutyrate,sabinyl-2-methylbutyrate,,NA
safrole,safrole,"InChI=1S/C10H10O2/c1-2-3-8-4-5-9-10(6-8)12-7-11-9/h2,4-6H,1,3,7H2",5144
salicylaldehyde,salicylaldehyde,"InChI=1S/C7H6O2/c8-5-6-3-1-2-4-7(6)9/h1-5,9H",6998
salvial-4(14)-en-1-one,salvial-4(14)-en-1-one,"InChI=1S/C15H24O/c1-10(2)12-7-8-15(4)13(12)9-11(3)5-6-14(15)16/h10,12-13H,3,5-9H2,1-2,4H3",15118057
"sandaracopimara-8(14),15-diene","sandaracopimara-8(14),15-diene",,NA
santolina triene,santolina triene,"InChI=1S/C10H16/c1-6-10(9(4)5)7-8(2)3/h6-7,10H,1,4H2,2-3,5H3",519872
santolinatriene,santolinatriene,,NA
santolinyl acetate,santolinyl acetate,"InChI=1S/C12H20O2/c1-7-11(8-9(2)3)12(5,6)14-10(4)13/h7-8,11H,1H2,2-6H3",21630872
sapthulenol,sapthulenol,,NA
sclareol,sclareol,"InChI=1S/C20H36O2/c1-7-18(4,21)13-9-16-19(5)12-8-11-17(2,3)15(19)10-14-20(16,6)22/h7,15-16,21-22H,1,8-14H2,2-6H3",521332
selenine derivative,selenine derivative,,NA
selin-11-en-4-alpha-ol,selin-11-en-4-alpha-ol,,NA
"selina-3,7(11)-diene","selina-3,7(11)-diene",,NA
"selina-4,11-diene","selina-4,11-diene",,NA
senkyunolide,senkyunolide,"InChI=1S/C12H16O2/c1-2-3-8-11-9-6-4-5-7-10(9)12(13)14-11/h5,7,11H,2-4,6,8H2,1H3/t11-/m0/s1",3085257
sesquiphellendrene,sesquiphellendrene,,NA
Sesquiterpene alcohol,Sesquiterpene alcohol,,NA
sesquiterpene hydrocarbons,sesquiterpene hydrocarbons,,NA
seychellene,seychellene,"InChI=1S/C15H24/c1-10-5-7-14(3)11(2)12-6-8-15(14,4)13(10)9-12/h10,12-13H,2,5-9H2,1,3-4H3",519743
shybunol,shybunol,,NA
spathulenol,spathulenol,"InChI=1S/C15H24O/c1-9-5-6-11-13(14(11,2)3)12-10(9)7-8-15(12,4)16/h10-13,16H,1,5-8H2,2-4H3",522266
spathulenol+germacrene delta-4-ol,spathulenol+germacrene delta-4-ol,,NA
t-cadinol,t-cadinol,"InChI=1S/C15H26O/c1-10(2)12-7-8-15(4,16)14-6-5-11(3)9-13(12)14/h9-10,12-14,16H,5-8H2,1-4H3/t12-,13-,14+,15-/m0/s1",160799
tau-cadinol,tau-cadinol,"InChI=1S/C15H26O/c1-10(2)12-7-8-15(4,16)14-6-5-11(3)9-13(12)14/h9-10,12-14,16H,5-8H2,1-4H3/t12-,13-,14+,15-/m0/s1",160799
tau-muurolol,tau-muurolol,,NA
tepinolene,tepinolene,,NA
terpin-4-ol,terpin-4-ol,"InChI=1S/C10H18O/c1-8(2)10(11)6-4-9(3)5-7-10/h4,8,11H,5-7H2,1-3H3",11230
terpinen-1-ol,terpinen-1-ol,"InChI=1S/C10H18O/c1-8(2)9-4-6-10(3,11)7-5-9/h4,8,11H,5-7H2,1-3H3",11468
terpinen-4-ol,terpinen-4-ol,"InChI=1S/C10H18O/c1-8(2)10(11)6-4-9(3)5-7-10/h4,8,11H,5-7H2,1-3H3",11230
terpinen-4-ol acetate,terpinen-4-ol acetate,"InChI=1S/C32H46O2/c1-16-22-11-20(29(22,5)6)12-24(16)32(15-21-13-25(18(32)3)30(21,7)8)27-17(2)23-14-26(31(23,9)10)28(27)34-19(4)33/h20-21,24,26-28H,11-15H2,1-10H3",68749986
terpinen-4-yl-acetate,terpinen-4-yl-acetate,,NA
terpinene-4-ol,terpinene-4-ol,"InChI=1S/C10H18O/c1-8(2)10(11)6-4-9(3)5-7-10/h4,8,11H,5-7H2,1-3H3",11230
terpinolene,terpinolene,"InChI=1S/C10H16/c1-8(2)10-6-4-9(3)5-7-10/h4H,5-7H2,1-3H3",11463
terpinolene+p-cymenene,terpinolene+p-cymenene,,NA
tetracosane,tetracosane,"InChI=1S/C24H50/c1-3-5-7-9-11-13-15-17-19-21-23-24-22-20-18-16-14-12-10-8-6-4-2/h3-24H2,1-2H3",12592
tetradecanal,tetradecanal,"InChI=1S/C14H28O/c1-2-3-4-5-6-7-8-9-10-11-12-13-14-15/h14H,2-13H2,1H3",31291
tetradecane,tetradecane,"InChI=1S/C14H30/c1-3-5-7-9-11-13-14-12-10-8-6-4-2/h3-14H2,1-2H3",12389
tetradecanoic acid,tetradecanoic acid,"InChI=1S/C14H28O2/c1-2-3-4-5-6-7-8-9-10-11-12-13-14(15)16/h2-13H2,1H3,(H,15,16)",11005
tetradecanol,tetradecanol,"InChI=1S/C14H30O/c1-2-3-4-5-6-7-8-9-10-11-12-13-14-15/h15H,2-14H2,1H3",8209
tetrahydro tetramethylnaphthalene,tetrahydro tetramethylnaphthalene,,NA
theaspirane b,theaspirane b,"InChI=1S/C13H22O/c1-10-6-5-8-12(3,4)13(10)9-7-11(2)14-13/h6,11H,5,7-9H2,1-4H3",61953
"thuja-2,4(10)-diene","thuja-2,4(10)-diene",,NA
thujene,thujene,"InChI=1S/C10H16/c1-7(2)10-5-4-8(3)9(10)6-10/h4-5,7-9H,6H2,1-3H3",520384
thujopsene,thujopsene,"InChI=1S/C15H24/c1-11-6-9-14(4)8-5-7-13(2,3)15(14)10-12(11)15/h6,12H,5,7-10H2,1-4H3",97829
thujyl alcohol,thujyl alcohol,"InChI=1S/C10H18O/c1-6(2)10-4-8(10)7(3)9(11)5-10/h6-9,11H,4-5H2,1-3H3",10550
thymohydroquinone,thymohydroquinone,"InChI=1S/C10H14O2/c1-6(2)8-5-9(11)7(3)4-10(8)12/h4-6,11-12H,1-3H3",95779
thymol,thymol,"InChI=1S/C10H14O/c1-7(2)9-5-4-8(3)6-10(9)11/h4-7,11H,1-3H3",6989
thymol acetate,thymol acetate,"InChI=1S/C12H16O2/c1-8(2)11-6-5-9(3)7-12(11)14-10(4)13/h5-8H,1-4H3",68252
thymol methyl ether,thymol methyl ether,"InChI=1S/C11H16O/c1-8(2)10-6-5-9(3)7-11(10)12-4/h5-8H,1-4H3",14104
thymoquinone,thymoquinone,"InChI=1S/C10H12O2/c1-6(2)8-5-9(11)7(3)4-10(8)12/h4-6H,1-3H3",10281
thymyl acetate,thymyl acetate,"InChI=1S/C12H16O2/c1-8(2)11-6-5-9(3)7-12(11)14-10(4)13/h5-8H,1-4H3",68252
thymyl-2-methylbutyrate,thymyl-2-methylbutyrate,,NA
torilenol,torilenol,"InChI=1S/C15H24O/c1-8(2)12-10-7-15(4)11(16)6-5-9(3)14(15)13(10)12/h8,10-14,16H,3,5-7H2,1-2,4H3/t10?,11-,12-,13?,14-,15-/m1/s1",91747180
trans -beta-caryophyllene,trans -beta-caryophyllene,,NA
trans linalool oxide,trans linalool oxide,,NA
trans-a-bergamotene,trans-a-bergamotene,,NA
trans-alpha-bergamotene,trans-alpha-bergamotene,"InChI=1S/C15H24/c1-11(2)6-5-9-15(4)13-8-7-12(3)14(15)10-13/h6-7,13-14H,5,8-10H2,1-4H3/t13-,14-,15+/m0/s1",6429302
trans-alpha-bisabolene,trans-alpha-bisabolene,"InChI=1S/C15H24/c1-12(2)6-5-7-14(4)15-10-8-13(3)9-11-15/h6-8,15H,5,9-11H2,1-4H3/b14-7+",5315468
trans-beta-bergamotene,trans-beta-bergamotene,"InChI=1S/C15H24/c1-11(2)6-5-9-15(4)13-8-7-12(3)14(15)10-13/h6,13-14H,3,5,7-10H2,1-2,4H3/t13-,14-,15+/m0/s1",12300069
trans-beta-caryophyllene,trans-beta-caryophyllene,"InChI=1S/C15H24/c1-11-6-5-7-12(2)13-10-15(3,4)14(13)9-8-11/h6,13-14H,2,5,7-10H2,1,3-4H3/b11-6+/t13-,14-/m1/s1",5281515
trans-beta-elemenone,trans-beta-elemenone,,NA
trans-beta-farnesene,trans-beta-farnesene,"InChI=1S/C15H24/c1-6-14(4)10-8-12-15(5)11-7-9-13(2)3/h6,9,12H,1,4,7-8,10-11H2,2-3,5H3/b15-12+",5281517
trans-beta-guaiene,trans-beta-guaiene,,NA
trans-beta-ocimene,trans-beta-ocimene,"InChI=1S/C10H16/c1-5-10(4)8-6-7-9(2)3/h5,7-8H,1,6H2,2-4H3/b10-8+",5281553
"trans-cadina-1(6),4-diene","trans-cadina-1(6),4-diene",,NA
trans-calamenene,trans-calamenene,"InChI=1S/C15H22/c1-10(2)13-8-6-12(4)14-7-5-11(3)9-15(13)14/h5,7,9-10,12-13H,6,8H2,1-4H3/t12-,13+/m0/s1",6429022
trans-calmenene,trans-calmenene,,NA
trans-carveol,trans-carveol,"InChI=1S/C10H16O/c1-7(2)9-5-4-8(3)10(11)6-9/h4,9-11H,1,5-6H2,2-3H3/t9-,10+/m1/s1",94221
trans-caryophyllene,trans-caryophyllene,"InChI=1S/C15H24/c1-11-6-5-7-12(2)13-10-15(3,4)14(13)9-8-11/h6,13-14H,2,5,7-10H2,1,3-4H3",26318
trans-chrysanthemal,trans-chrysanthemal,"InChI=1S/C10H16O/c1-7(2)5-8-9(6-11)10(8,3)4/h5-6,8-9H,1-4H3",579152
trans-chrysanthenol,trans-chrysanthenol,,NA
trans-chrysanthenyl acetate,trans-chrysanthenyl acetate,"InChI=1S/C12H18O2/c1-7-5-6-9-11(14-8(2)13)10(7)12(9,3)4/h5,9-11H,6H2,1-4H3",162747
trans-dihydrocarvone,trans-dihydrocarvone,"InChI=1S/C10H16O/c1-7(2)9-5-4-8(3)10(11)6-9/h8-9H,1,4-6H2,2-3H3/t8-,9+/m1/s1",443181
trans-dihydrocarvyl acetate,trans-dihydrocarvyl acetate,,NA
trans-ethyl cinnamate,trans-ethyl cinnamate,"InChI=1S/C11H12O2/c1-2-13-11(12)9-8-10-6-4-3-5-7-10/h3-9H,2H2,1H3/b9-8+",637758
trans-limonene oxide,trans-limonene oxide,,NA
trans-linalool oxide,trans-linalool oxide,"InChI=1S/C10H18O2/c1-5-10(4)7-6-8(12-10)9(2,3)11/h5,8,11H,1,6-7H2,2-4H3/t8-,10+/m0/s1",6432254
trans-linalool oxide (furanoid),trans-linalool oxide (furanoid),"InChI=1S/C10H18O2/c1-5-10(4)7-6-8(12-10)9(2,3)11/h5,8,11H,1,6-7H2,2-4H3/t8-,10+/m0/s1",6432254
trans-linalool oxide (pyranoid),trans-linalool oxide (pyranoid),,NA
trans-linalool oxide acetate (pyranoid),trans-linalool oxide acetate (pyranoid),"InChI=1S/C12H20O3/c1-6-12(5)8-7-10(14-9(2)13)11(3,4)15-12/h6,10H,1,7-8H2,2-5H3/t10-,12-/m0/s1",6427501
trans-mentha-1(7)8-dien-2-ol,trans-mentha-1(7)8-dien-2-ol,,NA
"trans-muurola-3,5-diene","trans-muurola-3,5-diene",,NA
trans-p-menth-2-en-1-ol,trans-p-menth-2-en-1-ol,"InChI=1S/C10H18O/c1-8(2)9-4-6-10(3,11)7-5-9/h4,6,8-9,11H,5,7H2,1-3H3/t9-,10-/m0/s1",122484
"trans-p-mentha-1(7),8-dien-2-ol","trans-p-mentha-1(7),8-dien-2-ol",,NA
trans-phytol,trans-phytol,"InChI=1S/C20H40O/c1-17(2)9-6-10-18(3)11-7-12-19(4)13-8-14-20(5)15-16-21/h15,17-19,21H,6-14,16H2,1-5H3/b20-15+/t18-,19-/m1/s1",5280435
trans-pinene hydrate,trans-pinene hydrate,"InChI=1S/C10H18O/c1-9(2)7-4-5-10(3,11)8(9)6-7/h7-8,11H,4-6H2,1-3H3/t7-,8+,10-/m0/s1",6428289
trans-pinocarveol,trans-pinocarveol,"InChI=1S/C10H16O/c1-6-8-4-7(5-9(6)11)10(8,2)3/h7-9,11H,1,4-5H2,2-3H3",102667
trans-piperitone oxide,trans-piperitone oxide,"InChI=1S/C10H16O2/c1-6(2)7-4-5-10(3)9(12-10)8(7)11/h6-7,9H,4-5H2,1-3H3/t7-,9-,10+/m1/s1",6430800
trans-rose oxide,trans-rose oxide,"InChI=1S/C10H18O/c1-8(2)6-10-7-9(3)4-5-11-10/h6,9-10H,4-5,7H2,1-3H3/t9-,10+/m1/s1",7093102
trans-sabinene hydrate,trans-sabinene hydrate,"InChI=1S/C10H18O/c1-7(2)10-5-4-9(3,11)8(10)6-10/h7-8,11H,4-6H2,1-3H3/t8?,9-,10+/m0/s1",12315151
trans-sabinol,trans-sabinol,"InChI=1S/C10H16O/c1-6(2)10-4-8(10)7(3)9(11)5-10/h6,8-9,11H,3-5H2,1-2H3/t8?,9-,10+/m1/s1",6429076
trans-sabinyl acetate,trans-sabinyl acetate,"InChI=1S/C12H18O2/c1-7(2)12-5-10(12)8(3)11(6-12)14-9(4)13/h7,10-11H,3,5-6H2,1-2,4H3/t10?,11-,12+/m0/s1",6430313
trans-theaspirane,trans-theaspirane,"InChI=1S/C13H22O/c1-10-6-5-8-12(3,4)13(10)9-7-11(2)14-13/h6,11H,5,7-9H2,1-4H3/t11-,13+/m0/s1",6431226
trans-theaspirane,trans-theaspirane,"InChI=1S/C13H22O/c1-10-6-5-8-12(3,4)13(10)9-7-11(2)14-13/h6,11H,5,7-9H2,1-4H3/t11-,13+/m1/s1",11298500
trans-thujone,trans-thujone,"InChI=1S/C10H16O/c1-6(2)10-4-8(10)7(3)9(11)5-10/h6-8H,4-5H2,1-3H3/t7-,8+,10-/m0/s1",91456
trans-verbenol,trans-verbenol,"InChI=1S/C10H16O/c1-6-4-9(11)8-5-7(6)10(8,2)3/h4,7-9,11H,5H2,1-3H3",61126
trans-verbenyl acetate,trans-verbenyl acetate,"InChI=1S/C12H18O2/c1-7-5-11(14-8(2)13)10-6-9(7)12(10,3)4/h5,9-11H,6H2,1-4H3",118088
tricosane,tricosane,"InChI=1S/C23H48/c1-3-5-7-9-11-13-15-17-19-21-23-22-20-18-16-14-12-10-8-6-4-2/h3-23H2,1-2H3",12534
tricyclene,tricyclene,"InChI=1S/C10H16/c1-9(2)6-4-7-8(5-6)10(7,9)3/h6-8H,4-5H2,1-3H3",79035
tridecane,tridecane,"InChI=1S/C13H28/c1-3-5-7-9-11-13-12-10-8-6-4-2/h3-13H2,1-2H3",12388
tridecanoic acid,tridecanoic acid,"InChI=1S/C13H26O2/c1-2-3-4-5-6-7-8-9-10-11-12-13(14)15/h2-12H2,1H3,(H,14,15)",12530
tridecanol,tridecanol,"InChI=1S/C13H28O/c1-2-3-4-5-6-7-8-9-10-11-12-13-14/h14H,2-13H2,1H3",8207
tritriacontane,tritriacontane,"InChI=1S/C33H68/c1-3-5-7-9-11-13-15-17-19-21-23-25-27-29-31-33-32-30-28-26-24-22-20-18-16-14-12-10-8-6-4-2/h3-33H2,1-2H3",12411
umbellulone,umbellulone,"InChI=1S/C10H14O/c1-6(2)10-5-8(10)7(3)4-9(10)11/h4,6,8H,5H2,1-3H3",91195
undecanal,undecanal,"InChI=1S/C11H22O/c1-2-3-4-5-6-7-8-9-10-11-12/h11H,2-10H2,1H3",8186
undecane,undecane,"InChI=1S/C11H24/c1-3-5-7-9-11-10-8-6-4-2/h3-11H2,1-2H3",14257
undecanol,undecanol,"InChI=1S/C11H24O/c1-2-3-4-5-6-7-8-9-10-11-12/h12H,2-11H2,1H3",8184
undecanone,undecanone,"InChI=1S/C11H22O/c1-3-4-5-6-7-8-9-10-11(2)12/h3-10H2,1-2H3",8163
valencene,valencene,"InChI=1S/C15H24/c1-11(2)13-8-9-14-7-5-6-12(3)15(14,4)10-13/h7,12-13H,1,5-6,8-10H2,2-4H3/t12-,13-,15+/m1/s1",9855795
valerenal,valerenal,"InChI=1S/C15H22O/c1-10(9-16)8-13-6-4-11(2)14-7-5-12(3)15(13)14/h8-9,11,13-14H,4-7H2,1-3H3/b10-8+/t11-,13+,14-/m1/s1",6440942
verbenene,verbenene,"InChI=1S/C10H14/c1-7-4-5-8-6-9(7)10(8,2)3/h4-5,8-9H,1,6H2,2-3H3",6427476
verbenol,verbenol,"InChI=1S/C10H16O/c1-6-4-9(11)8-5-7(6)10(8,2)3/h4,7-9,11H,5H2,1-3H3",61126
verbenone,verbenone,"InChI=1S/C10H14O/c1-6-4-9(11)8-5-7(6)10(8,2)3/h4,7-8H,5H2,1-3H3",29025
viddrol,viddrol,,NA
viridiflorene,viridiflorene,"InChI=1S/C15H24/c1-9-6-8-12-14(15(12,3)4)13-10(2)5-7-11(9)13/h10,12-14H,5-8H2,1-4H3/t10-,12-,13-,14-/m1/s1",10910653
viridiflorol,viridiflorol,"InChI=1S/C15H26O/c1-9-5-6-10-12(9)13-11(14(13,2)3)7-8-15(10,4)16/h9-13,16H,5-8H2,1-4H3/t9-,10-,11+,12+,13-,15-/m0/s1",12304981
viridiflororene,viridiflororene,,NA
"widdra-2,4(14)-diene","widdra-2,4(14)-diene",,NA
widdrol,widdrol,"InChI=1S/C15H26O/c1-13(2)7-5-8-14(3)10-11-15(4,16)9-6-12(13)14/h6,16H,5,7-11H2,1-4H3/t14-,15+/m0/s1",94334
xanthorrizol,xanthorrizol,"InChI=1S/C15H22O/c1-11(2)6-5-7-12(3)14-9-8-13(4)15(16)10-14/h6,8-10,12,16H,5,7H2,1-4H3/t12-/m1/s1",93135
y-curcumenal,y-curcumenal,"InChI=1S/C15H20O/c1-12-7-9-15(10-8-12)14(3)6-4-5-13(2)11-16/h4-5,7-11,13-14H,6H2,1-3H3/b5-4+",91747206
yomogi alcohol,yomogi alcohol,"InChI=1S/C10H18O/c1-6-9(2,3)7-8-10(4,5)11/h6-8,11H,1H2,2-5H3/b8-7+",5315406
yperene,yperene,,NA
z -thujenol,z -thujenol,,NA
zingiberene,zingiberene,"InChI=1S/C15H24/c1-12(2)6-5-7-14(4)15-10-8-13(3)9-11-15/h6,8-10,14-15H,5,7,11H2,1-4H3/t14-,15+/m0/s1",92776
beta-pinene0oxide,beta-pinene0oxide,,NA
germacrene-b,germacrene-b,"InChI=1S/C15H24/c1-12(2)15-10-8-13(3)6-5-7-14(4)9-11-15/h6,9H,5,7-8,10-11H2,1-4H3/b13-6+,14-9-",15559495
germacrene-d,germacrene-d,"InChI=1S/C15H24/c1-12(2)15-10-8-13(3)6-5-7-14(4)9-11-15/h7-8,10,12,15H,3,5-6,9,11H2,1-2,4H3/b10-8-,14-7-/t15-/m0/s1",91723653
germacrene0d,germacrene0d,,NA
hexadecanoic0acid,hexadecanoic0acid,,NA
Khusinol,Khusinol,,NA
methyl thymolmethyl ether,methyl thymolmethyl ether,,NA