CSID	EID	synonym
CS1	C214	acetate
CS2	C215	acetic acid
CS3	C2776	acetaldehyde
CS4	C170	3-hydroxy-2-butanone
CS5	C170	3-hydroxybutan-2-one
CS6	C170	acetoin
CS7	C2780	acetone
CS8	C298	benzaldehyde
CS9	C3196	benzene
CS10	C3201	benzoic acid
CS11	C302	benzyl alcohol
CS12	C3516	butanal
CS13	C1369	1-butanol
CS14	C1369	butan-1-ol
CS15	C1369	butanol
CS16	C3544	butyric acid
CS17	C454	coumarin
CS18	C459	cumin alcohol
CS19	C459	cumin alcohol
CS20	C459	cuminol
CS21	C459	cuminyl alcohol
CS22	C459	p-cymen-7-ol
CS23	C459	p-cymene-7-ol
CS24	C460	cumin aldehyde
CS25	C460	cuminal
CS26	C460	cuminaldehyde
CS27	C460	p-isopropyl benzaldehyde
CS28	C1806	2-methoxy-4-vinylphenol
CS29	C1806	4-hydroxy-3-methoxystyrene
CS30	C1806	4-vinyl-2-methoxyphenol
CS31	C1806	4-vinylguaiacol
CS32	C1806	p-vinylguaiacol
CS33	C1878	2-methylphenol
CS34	C1878	o-cresol
CS35	C6299	salicylic acid
CS36	C717	m-cresol
CS37	C5683	n-octane
CS38	C5683	octane
CS39	C3635	caprylic acid
CS40	C3635	octanoic acid
CS41	C3635	octanoic acid
CS42	C6959	n-octanal
CS43	C6959	octanal
CS44	C1811	2-methoxyphenol
CS45	C1811	guaiacol
CS46	C1811	guaicol
CS47	C1811	o-guaiacol
CS48	C4251	dibenzofuran
CS49	C4246	diacetyl
CS50	C4292	dihydrocoumarin
CS51	C4321	dimethyl sulfoxide
CS52	C2807	alcohol
CS53	C2807	alcohols
CS54	C2807	ethanol
CS55	C4637	formamide
CS56	C4954	hydroquinone
CS57	C119	1-h-indole
CS58	C119	indole
CS59	C5415	methanethiol
CS60	C6933	naphthalene
CS61	C6933	napthalene
CS62	C123	1-octanol
CS63	C123	n-octanol
CS64	C123	octanol
CS65	C123	octyl alcohol
CS66	C4875	hexadecanal
CS67	C4875	palmitic aldehyde
CS68	C627	hexadecanoic acid
CS69	C627	hexadecanoic acid
CS70	C627	n-hexadecanoic acid
CS71	C627	palmitic acid
CS72	C6147	phenanthrene
CS73	C6150	phenol
CS74	C1929	2-phenylacetaldehyde
CS75	C1929	alpha-tolualdehyde
CS76	C1929	benzenacetaldehyde
CS77	C1929	phenyl acetaldehyde
CS78	C1929	phenyl acetaldehyde
CS79	C1929	Phenylacetaldehyde
CS80	C6160	phenyl acetic acid
CS81	C1471	1-propanol
CS82	C1471	propan-1-ol
CS83	C1471	propanol
CS84	C6237	propanoic acid
CS85	C6267	pyridine
CS86	C4320	dimethyl sulfide
CS87	C6571	toluene
CS88	C6850	vanillin
CS89	C720	menthol
CS90	C720	neomenthol
CS91	C6134	perillic acid
CS92	C2783	acetovanillone
CS93	C303	benzyl benzoate
CS94	C3222	benzyl isothiocyanate
CS95	C311	bergapten
CS96	C378	camphor
CS97	C378	camphor
CS98	C117	1-hexadecanol
CS99	C117	hexadecanol
CS100	C117	n-hexadecanol
CS101	C1604	1.8-cineole
CS102	C1604	cajeputol
CS103	C1604	cineol
CS104	C1604	cineole
CS105	C1604	eucalyptol
CS106	C2429	4-methylphenol
CS107	C2429	p-cresol
CS108	C2429	p-tolyl alcohol
CS109	C3634	capric acid
CS110	C3634	decanoic acid
CS111	C3634	decanoic acid
CS112	C3537	butyl phthalate
CS113	C3537	dibutyl phthalate
CS114	C3203	benzophenone
CS115	C557	eugenol
CS116	C557	p-eugenol
CS117	C612	guaiazulene
CS118	C3416	beta-thujaplicin
CS119	C3416	beta-thujaplicine
CS120	C5177	isopropanol
CS121	C5177	isopropyl alcohol
CS122	C5177	propan-2-ol
CS123	C513	dodecanoic acid
CS124	C513	lauric acid
CS125	C741	methyl salicylate
CS126	C741	methyl salicylate
CS127	C751	myristicin
CS128	C5912	p-benzoquinone
CS129	C6296	safrol
CS130	C6296	safrole
CS131	C6975	octadecanoic acid
CS132	C6975	stearic acid
CS133	C6791	tribromomethane
CS134	C155	2-phenethyl alcohol
CS135	C155	2-phenylethanol
CS136	C155	2-phenylethyl alcohol
CS137	C155	phenethyl alcohol
CS138	C155	phenyl ethyl alcohol
CS139	C155	phenylethyl alcohol
CS140	C633	hexanal
CS141	C633	n-hexanal
CS142	C1458	1-pentanol
CS143	C1458	amyl alcohol
CS144	C1458	pentan-1-ol
CS145	C1458	pentanol
CS146	C1815	2-methyl-2-butanol
CS147	C362	bornyl acetate
CS148	C362	endo-bornyl acetate
CS149	C707	linalyl isobutyrate
CS150	C2978	alpha-isophorone
CS151	C2978	isophorone
CS152	C6512	tetrahydrolinalool
CS153	C5311	linalol
CS154	C5311	linalool
CS155	C5311	linalyl alcohol
CS156	C1814	2-methyl-1-propanol
CS157	C1814	2-methylpropan-1-ol
CS158	C1814	isobutanol
CS159	C1879	2-methylpropanal
CS160	C1879	isobutanal
CS161	C137	2-butanol
CS162	C137	butan-2-ol
CS163	C1714	2-butanone
CS164	C1714	butan-2-one
CS165	C2140	3-buten-2-one
CS166	C6793	triclene
CS167	C727	methyl acetate
CS168	C1880	2-methylpropanoic acid
CS169	C1880	isobutyric acid
CS170	C376	camphene
CS171	C2849	alpha-pinene
CS172	C2849	alpha-pinene
CS173	C2849	alpha-pinene
CS174	C2849	alpha-pinene
CS175	C2849	alpha-pinene
CS176	C2849	alpha pinene
CS177	C2774	acenaphthene
CS178	C5613	musk ambrette
CS179	C5062	isobutyl phthalate
CS180	C4318	dimethyl anthranilate
CS181	C5814	o-cumenol
CS182	C340	beta-guaiene
CS183	C340	guaiene
CS184	C5410	menthyl salicylate
CS185	C677	iso-menthone
CS186	C677	isomenthone
CS187	C5174	isopiperitone
CS188	C5174	piperitone
CS189	C7038	pulegone
CS190	C5930	p-cymen-3-ol
CS191	C5930	thymol
CS192	C1758	2-ethylphenol
CS193	C6298	salicyladehyde
CS194	C6298	salicylaldehyde
CS195	C5551	methyl naphthalene
CS196	C1432	1-naphthalenol
CS197	C5521	methyl guaiacol
CS198	C5521	veratrol
CS199	C5521	veratrole
CS200	C4150	decahydronaphthalene
CS201	C7039	quinoline
CS202	C1872	2-methylnaphthalene
CS203	C4107	cyclohexyl cyclohexane
CS204	C3472	biphenyl
CS205	C6516	thianthrene
CS206	C4591	eugenol methyl ether
CS207	C4591	methyl eugenol
CS208	C4591	methyl eugenol
CS209	C4591	methyleugenol
CS210	C5539	methyl isoeugenol
CS211	C2777	aceteugenol
CS212	C2777	acetyl eugenol
CS213	C2777	eugenol acetate
CS214	C2777	eugenyl acetate
CS215	C1805	2-methoxy-4-methylphenol
CS216	C1805	2-methoxy-p-cresol
CS217	C1805	4-methylguaiacol
CS218	C1805	p-methylguaiacol
CS219	C1470	1-phenylpropanol
CS220	C6239	propiophenone
CS221	C730	methyl benzoate
CS222	C4562	ethylbenzoate
CS223	C4562	ethylbenzoate
CS224	C3206	Benzoyl acetone
CS225	C4563	ethylbenzoylacetate
CS226	C5013	isoamyl benzoate
CS227	C1939	2-phenylethylbenzoate
CS228	C3205	benzothiazole
CS229	C5824	o-xylene
CS230	C1843	2-methylbutanal
CS231	C2268	3-pentanone
CS232	C733	methyl cyclopentane
CS233	C4665	gamma-butyrolactone
CS234	C3673	carvyl acetate
CS235	C4532	ethyl isobutyrate
CS236	C4534	ethyl lactate
CS237	C5059	isobutyl isobutyrate
CS238	C5059	isobutylisobutyrate
CS239	C5070	isobutylmethacrylate
CS240	C3532	butyl isobutyrate
CS241	C1760	2-furanmethanol
CS242	C1760	2-furfuryl alcohol
CS243	C1760	furfuryl alcohol
CS244	C1759	2-formylfuran
CS245	C1759	2-furfural
CS246	C1759	furfural
CS247	C4068	cumene
CS248	C4068	cumol
CS249	C126	1-phenylethanol
CS250	C126	styrallyl alcohol
CS251	C2782	acetophenone
CS252	C4103	cyclohexanecarboxylic acid
CS253	C6517	thiobenzoic acid
CS254	C385	carveol
CS255	C386	carvone
CS256	C5465	methyl-p-hydroxybenzoate
CS257	C5465	methyl 4-hydroxybenzoate
CS258	C2848	alpha-phellandrene
CS259	C2848	alpha-phellandrene
CS260	C4697	gamma-terpinen
CS261	C4697	gamma-terpinene
CS262	C3035	alpha-terpinen
CS263	C3035	alpha-terpinene
CS264	C3035	alpha-terpinene
CS265	C4118	cymene
CS266	C4118	cymol
CS267	C4118	p-cymene
CS268	C4118	p-cymol
CS269	C4118	para-cymene
CS270	C183	4-isopropyl phenol
CS271	C183	4-isopropylphenol
CS272	C183	p-cumenol
CS273	C183	p-isopropyl phenol
CS274	C2394	4-methoxy acetophenone
CS275	C2394	4-methoxyacetophenone
CS276	C2394	linarodin
CS277	C2394	p-methoxy acetophenone
CS278	C2394	p-methoxyacetophenone
CS279	C3123	anisic acid
CS280	C4522	ethyl benzene
CS281	C4522	ethylbenzene
CS282	C6450	styrene
CS283	C6450	vinylbenzene
CS284	C3202	benzonitrile
CS285	C3125	anisole
CS286	C3125	methyl phenyl ether
CS287	C5567	methyl phenylacetate
CS288	C3473	biphenyl oxide
CS289	C1927	2-phenyl ethyl acetate
CS290	C1927	ethyl-2-phenylacetate
CS291	C1927	ethyl 2-phenylacetate
CS292	C1927	ethyl phenylacetate
CS293	C5025	isoamyl phenylacetate
CS294	C1904	2-octylacetate
CS295	C5447	methyl-3-phenylpropionate
CS296	C5447	methyl hydrocinnamate
CS297	C3221	benzyl isobutyrate
CS298	C3213	benzyl butanoate
CS299	C3213	benzyl butyrate
CS300	C305	benzyl isovalerate
CS301	C157	2-phenylethylacetate
CS302	C157	beta-phenethyl acetate
CS303	C5689	n-propyl benzene
CS304	C5689	propylbenzene
CS305	C5496	methyl anisole
CS306	C2402	4-methoxyphenylacetic acid
CS307	C1422	1-methoxy-4-propylbenzene
CS308	C1422	dihydroanethole
CS309	C1422	p-propylanisole
CS310	C4691	gamma-octalactone
CS311	C5654	n-butylbenzene
CS312	C177	3-phenylpropanal
CS313	C177	benzenepropanal
CS314	C3219	benzyl formate
CS315	C4690	gamma-nonalactone
CS316	C4706	gamma-undecalactone
CS317	C4157	decylbenzene
CS318	C1741	2-ethyl-1-hexanol
CS319	C1741	2-ethylhexanol
CS320	C2415	4-methylbenzaldehyde
CS321	C2415	p-tolualdehyde
CS322	C2415	p-tolylaldehyde
CS323	C5921	p-cresyl methyl ether
CS324	C5921	p-methyl anisole
CS325	C5949	p-diethylbenzene
CS326	C1813	2-methyl-1-pentanol
CS327	C4545	ethyl propanoate
CS328	C4545	ethyl propionate
CS329	C2249	3-methylvaleric acid
CS330	C4255	diethyl malonate
CS331	C4565	ethylbutyrate
CS332	C6245	propyl butyrate
CS333	C2231	3-methylbutyl propanoate
CS334	C2231	isoamyl propanoate
CS335	C2231	isoamyl propionate
CS336	C1881	2-methylpropyl hexanoate
CS337	C1881	isobutyl hexanoate
CS338	C4041	citronellyl formate
CS339	C4291	dihydrocitronellol
CS340	C447	citronellal
CS341	C2225	3-methylbutyl butyrate
CS342	C2225	isoamyl butanoate
CS343	C2225	isoamyl butyrate
CS344	C2225	isopentyl butyrate
CS345	C4529	ethyl heptanoate
CS346	C4541	ethyl octanoate
CS347	C539	ethyl dodecanoate
CS348	C167	3-heptanone
CS349	C6076	p-xylene
CS350	C192	5-methyl-3-heptanone
CS351	C5531	methyl hexanoate
CS352	C5524	methyl heptanoate
CS353	C1910	2-pentanal
CS354	C1910	2-pentanone
CS355	C1910	pentan-2-one
CS356	C5535	methyl isobutyl ketone
CS357	C5378	m-xylene
CS358	C544	ethyl isopentanoate
CS359	C544	ethyl isovalerate
CS360	C724	mesitylene
CS361	C5591	methylcyclohexane
CS362	C2430	4-methylpyridine
CS363	C4105	cyclohexanol
CS364	C467	cyclohexanone
CS365	C5574	methyl pyrazine
CS366	C3534	butyl isovalerate
CS367	C3526	butyl butyrate
CS368	C1692	16-hexadecanolide
CS369	C1692	cyclohexadecanolide
CS370	C7004	pentanoic acid
CS371	C7004	valeric acid
CS372	C6254	propylacetate
CS373	C5687	n-pentane
CS374	C5687	pentane
CS375	C4527	ethyl formate
CS376	C6511	tetrahydrofuran
CS377	C2513	5-methyl-2-hexanone
CS378	C5191	isopropyl myristate
CS379	C5191	isopropyl tetradecanoate
CS380	C538	ethyl decanoate
CS381	C5509	methyl decanoate
CS382	C1767	2-heptanone
CS383	C1767	heptan-2-one
CS384	C5018	isoamyl formate
CS385	C5672	n-hexane
CS386	C6104	pentanal
CS387	C6104	valeraldehyde
CS388	C4526	ethyl disulphide
CS389	C466	cyclohexane
CS390	C739	methyl octanoate
CS391	C153	2-octanone
CS392	C4853	heptanoic acid
CS393	C1409	1-hexanol
CS394	C1409	hexan-1-ol
CS395	C1409	hexanol
CS396	C1409	n-hexanol
CS397	C4540	ethyl octadecanoate
CS398	C1450	1-octene
CS399	C1407	1-heptanol
CS400	C1407	heptan-1-ol
CS401	C1407	heptanol
CS402	C1407	n-heptanol
CS403	C624	heptanal
CS404	C624	n-heptanal
CS405	C5511	methyl dodecanoate
CS406	C5676	n-nonane
CS407	C5676	nonane
CS408	C5855	octanethiol
CS409	C5789	nonanoic acid
CS410	C5789	nonanoic acid
CS411	C4860	heptyl acetate
CS412	C162	2-undecanone
CS413	C162	undecanone
CS414	C1453	1-octyl acetate
CS415	C1453	acetic acid octyl ester
CS416	C1453	octanol acetate
CS417	C1453	octyl acetate
CS418	C1453	octyl acetate
CS419	C4154	decyl acetate
CS420	C4154	decylacetate
CS421	C476	decanol
CS422	C476	n-decanol
CS423	C473	decanal
CS424	C473	n-decanal
CS425	C5875	octyl formate
CS426	C6807	undecanoic acid
CS427	C6807	undecanoic acid
CS428	C5529	methyl hexadecanoate
CS429	C5529	methyl palmitate
CS430	C512	dodecane
CS431	C512	n-dodecane
CS432	C4349	dodecene
CS433	C4349	dodecene-1
CS434	C7152	undecanol
CS435	C7150	undecanal
CS436	C1385	1-dodecanol
CS437	C1385	dodecanol
CS438	C1385	n-dodecanol
CS439	C511	dodecanal
CS440	C5559	methyl octadecanoate
CS441	C4352	dodecyl acetate
CS442	C4352	lauryl acetate
CS443	C5695	n-tridecanol
CS444	C5695	tridecanol
CS445	C1483	1-tetradecanol
CS446	C1483	n-tetradecanol
CS447	C1483	tetradecanol
CS448	C3190	behenic acid
CS449	C1442	1-octadecane
CS450	C1442	1-octadecene
CS451	C1442	octadecene
CS452	C1443	1-octadecanol
CS453	C1443	n-octadecanol
CS454	C1443	octadecanol
CS455	C517	eicosane
CS456	C517	n-eicosane
CS457	C1823	2-methyl-3-buten-2-ol
CS458	C1823	2-methyl-3-butene-2-ol
CS459	C5315	linalool acetate
CS460	C5315	linalyl acetate
CS461	C5315	linalyl acetate
CS462	C1860	2-methylbutyrate
CS463	C1860	2-methylbutyric acid
CS464	C4329	dioctyl phthalate
CS465	C307	benzyl salicylate
CS466	C4547	ethyl salicylate
CS467	C5380	maltol
CS468	C3127	anthracene
CS469	C6853	veratraldehyde
CS470	C4499	ethyl-4-hydroxybenzoate
CS471	C6209	piperonal
CS472	C5464	methyl-p-anisate
CS473	C5464	methyl anisate
CS474	C2414	4-methylacetophenone
CS475	C2414	p-methyl acetophenone
CS476	C2414	p-methyl acetophenone
CS477	C729	methyl anthranilate
CS478	C1752	2-ethylhexanoic acid
CS479	C365	butyl benzoate
CS480	C1842	2-methylbutan-1-ol
CS481	C1842	2-methylbutanol
CS482	C933	(E)-beta-terpineol
CS483	C933	(E)-beta-terpineol
CS484	C933	(Z)-beta-terpineol
CS485	C933	(Z)-beta-terpineol
CS486	C933	beta-terpineol
CS487	C933	cis-beta-terpineol
CS488	C933	trans-beta-terpineol
CS489	C3211	benzyl acetate
CS490	C3217	benzyl dodecanoate
CS491	C3216	benzyl cyanide
CS492	C3216	phenyl acetonitrile
CS493	C3216	phenylacetonitrile
CS494	C6071	p-tolyl acetate
CS495	C3773	chavicol methyl ether
CS496	C3773	estragole
CS497	C3773	methyl chavicol
CS498	C3773	methyl chavicol
CS499	C3773	methylchavicol
CS500	C4042	citronellyl propionate
CS501	C451	citronellyl butyrate
CS502	C3292	beta-citronellol
CS503	C3292	citronellol
CS504	C4521	ethyl acetate
CS505	C4521	ethyl acetate
CS506	C2410	4-methyl-3-penten-2-one
CS507	C634	hexanoic acid
CS508	C4851	heptane
CS509	C4851	n-heptane
CS510	C5187	isopropyl hexadecanoate
CS511	C637	hexyl acetate
CS512	C1437	1-nonanol
CS513	C1437	n-nonanol
CS514	C1437	nonanol
CS515	C5795	nonyl acetate
CS516	C2722	9-octadecenol
CS517	C5823	o-vanillin
CS518	C2182	3-methoxyphenol
CS519	C2401	4-methoxyphenol
CS520	C450	citronellyl acetate
CS521	C2775	acenaphthylene
CS522	C3200	benzofuran
CS523	C297	azulene
CS524	C6266	pyrazine
CS525	C4097	cyclododecane
CS526	C6125	perfluorotributylamine
CS527	C6856	verbanol
CS528	C200	6-methyl-5-hepten-2-one
CS529	C200	6-methyl-hept-5-en-2-one
CS530	C329	beta-cyclocitral
CS531	C329	cyclocitral
CS532	C2648	7-tridecanone
CS533	C3504	bornylene
CS534	C833	(-)-alpha-selinene
CS535	C6274	retene
CS536	C4191	delta-amorphene
CS537	C366	cadalene
CS538	C5889	osthol
CS539	C5889	osthole
CS540	C505	dill apiole
CS541	C505	dillapiol
CS542	C505	dillapiole
CS543	C518	elemicin
CS544	C518	elemicine
CS545	C7095	thymoquinone
CS546	C2159	3-furfural
CS547	C3657	carvenone
CS548	C3657	p-menth-3-en-2-one
CS549	C384	carvacrol
CS550	C384	isothymol
CS551	C384	p-cymene-2-ol
CS552	C2267	3-p-menthene
CS553	C2267	p-menth-3-ene
CS554	C2380	4-hydroxyphenethyl alcohol
CS555	C448	citronellic acid
CS556	C631	hexahydrofarnesyl acetone
CS557	C631	hexahydrofarnesyl acetone
CS558	C631	hexahydrofarnesylacetone
CS559	C631	phytone
CS560	C4111	cyclopentadecanone
CS561	C2221	3-methylbutanoic acid
CS562	C2221	3-methylbutyric acid
CS563	C2221	isovaleric acid
CS564	C6177	phorone
CS565	C5744	neophytadiene
CS566	C5155	isophytol
CS567	C1780	2-hexen-1-al
CS568	C1780	hexenal
CS569	C4846	heptadecanoic acid
CS570	C3144	arachidic acid
CS571	C6502	tetracosanol
CS572	C3178	ascaridol
CS573	C3178	ascaridole
CS574	C3178	cis-ascaridole
CS575	C5205	isothujol
CS576	C5205	thujanol
CS577	C5205	thujol
CS578	C5205	thujyl alcohol
CS579	C1958	2-pinen-10-ol
CS580	C1958	myrtenol
CS581	C3236	beta-cadinene
CS582	C3236	beta-cadinene
CS583	C3120	angelicin
CS584	C286	apiole
CS585	C286	parsley apiole
CS586	C6804	trimethylbenzene
CS587	C6982	o-cymene
CS588	C403	chamazulene
CS589	C6322	santene
CS590	C1838	2-methylbenzaldehyde
CS591	C1838	o-tolualdehyde
CS592	C4870	herniarine
CS593	C1866	2-methylfuran
CS594	C1866	methyl furan
CS595	C1424	1-methyl-3-(1-methylethyl)-benzene
CS596	C1424	beta-cymene
CS597	C1424	m-cymene
CS598	C4293	dihydrocuminyl alcohol
CS599	C4293	perilla alcohol
CS600	C4293	perilla alcohol
CS601	C4293	perillyl alcohol
CS602	C6113	pentyl benzene
CS603	C4553	ethyl valerate
CS604	C5065	isobutylbutyrate
CS605	C3104	amyl hexanoate
CS606	C3104	pentyl hexanoate
CS607	C6115	pentyl butyrate
CS608	C2193	3-methyl-2-butenoic acid
CS609	C5612	muscone
CS610	C6508	tetrahydro-2h-pyran-2-one
CS611	C750	myrcenol
CS612	C143	2-heptanol
CS613	C143	heptan-2-ol
CS614	C5023	isoamyl nitrate
CS615	C4871	hex-3-en-1-ol
CS616	C465	cycloheptatriene
CS617	C5638	myristic acid
CS618	C5638	tetradecanoic acid
CS619	C5638	tetradecanoic acid
CS620	C626	hexadecane
CS621	C626	n-hexadecane
CS622	C4356	dotriacontane
CS623	C2283	3-thujanone
CS624	C1029	(E)-pinocamphone
CS625	C1029	pinocamphone
CS626	C1029	trans-pinocamphone
CS627	C5536	methyl isobutyrate
CS628	C5570	methyl propanoate
CS629	C5570	methyl propionate
CS630	C3426	beta-phellandrene
CS631	C3426	beta-phellandrene
CS632	C738	methyl isovalerate
CS633	C2190	3-methyl-2-buten-1-ol
CS634	C2190	3-methyl-2-butenol
CS635	C2190	prenol
CS636	C188	4-terpineol
CS637	C188	terpin-4-ol
CS638	C188	terpin-4-ol
CS639	C188	terpinen-4-ol
CS640	C188	terpinen-4-ol
CS641	C188	terpinene-4-ol
CS642	C188	terpineol-4
CS643	C2199	3-methyl-2-pentanol
CS644	C1877	2-methylpentan-3-one
CS645	C4326	dimethylnaphthalene
CS646	C2133	3-acetylanisole
CS647	C2133	3-methoxyacetophenone
CS648	C3067	alpha-terpinolene
CS649	C3067	alpha-terpinolene
CS650	C3067	delta-terpinene
CS651	C3067	terpinolen
CS652	C3067	terpinolene
CS653	C582	gamma-terpineol
CS654	C1482	1-terpineol
CS655	C1482	terpinen-1-ol
CS656	C2217	3-methylbenzyl alcohol
CS657	C4331	diphenylamine
CS658	C6063	p-methylbenzyl alcohol
CS659	C2239	3-methylhexane
CS660	C2244	3-methylpentan-1-ol
CS661	C2244	3-methylpentanol
CS662	C2162	3-hexanone
CS663	C2365	4-heptanol
CS664	C5069	isobutylisovalerate
CS665	C3536	butyl octanoate
CS666	C2238	3-methylheptane
CS667	C2160	3-heptanol
CS668	C174	3-octanol
CS669	C174	octan-3-ol
CS670	C174	octanol-3
CS671	C3539	butyl propionate
CS672	C2209	3-methyl-butanal
CS673	C2209	3-methylbutanal
CS674	C2209	isopentanal
CS675	C2209	isovaleraldehyde
CS676	C2210	3-methyl-cyclohexanone
CS677	C2210	3-methylcyclohexanone
CS678	C1869	2-methylhexane
CS679	C1777	2-hexanal
CS680	C1777	2-hexanone
CS681	C1777	hexan-2-one
CS682	C1867	2-methylheptane
CS683	C4248	diallyl sulfide
CS684	C160	2-tridecanone
CS685	C160	tridecan-2-one
CS686	C5681	n-octadecane
CS687	C5681	octadecane
CS688	C619	heptacosane
CS689	C619	n-heptacosane
CS690	C2139	3-buten-2-ol
CS691	C2189	3-methyl-2-butanol
CS692	C5485	methyl 2-furoate
CS693	C5485	methyl furoate
CS694	C4090	cyanophenol
CS695	C1709	2-aminoacetophenone
CS696	C4481	ethyl-2-furoate
CS697	C4481	ethyl 2-furoate
CS698	C1460	1-penten-3-ol
CS699	C1460	pent-1-en-3-ol
CS700	C1962	2-pyrrolidinone
CS701	C682	isopropyl isobutyrate
CS702	C4285	dihydrocarveol
CS703	C4285	neodihydrocarveol
CS704	C2511	5-methyl-2-furfural
CS705	C2511	5-methylfurfural
CS706	C1401	1-ethyl-3-methylbenzene
CS707	C2158	3-ethylphenol
CS708	C2216	3-methylbenzaldehyde
CS709	C2216	m-tolualdehyde
CS710	C5212	isovanillin
CS711	C1402	1-ethyl-4-methylbenzene
CS712	C2161	3-hexanol
CS713	C5499	methyl butanoate
CS714	C5499	methyl butyrate
CS715	C5584	methyl valerate
CS716	C2252	3-nonanol
CS717	C3107	amyl propionate
CS718	C4319	dimethyl disulfide
CS719	C151	2-nitroethanol
CS720	C6248	propyl hexanoate
CS721	C3530	butyl hexanoate
CS722	C2423	4-methylpentan-1-ol
CS723	C2423	4-methylpentanol
CS724	C1778	2-hexanol
CS725	C4552	ethyl undecanoate
CS726	C3101	amyl acetate
CS727	C3101	pentyl acetate
CS728	C541	ethyl hexadecanoate
CS729	C541	ethyl palmitate
CS730	C1890	2-nonanol
CS731	C1890	nonan-2-ol
CS732	C4332	dipropyl disulfide
CS733	C4332	propyl disulfide
CS734	C5694	n-tridecane
CS735	C5694	tridecane
CS736	C5691	n-tetradecane
CS737	C5691	tetradecane
CS738	C6969	n-pentadecane
CS739	C6969	pentadecane
CS740	C630	hexadecyl acetate
CS741	C118	1-hexadecene
CS742	C7003	pentadecanol
CS743	C621	heptadecane
CS744	C621	n-heptadecane
CS745	C6957	n-nonadecane
CS746	C6957	nonadecane
CS747	C618	heneicosane
CS748	C618	n-heneicosane
CS749	C4383	eicosanol
CS750	C510	docosane
CS751	C510	n-docosane
CS752	C5686	n-pentacosane
CS753	C5686	pentacosane
CS754	C625	hexacosane
CS755	C625	n-hexacosane
CS756	C5680	n-octacosane
CS757	C5680	octacosane
CS758	C6960	nonacosane
CS759	C4841	hentriacontane
CS760	C4841	untriacontane
CS761	C7148	tritriacontane
CS762	C4892	hexatriacontane
CS763	C6108	pentatriacontane
CS764	C6184	phytan
CS765	C6184	phytane
CS766	C7146	tridecanoic acid
CS767	C752	myristyl acetate
CS768	C752	tetradecyl acetate
CS769	C5842	octadecanal
CS770	C5693	n-tricosane
CS771	C5693	tricosane
CS772	C6790	triacontane
CS773	C2804	ageratochromene
CS774	C2804	precocene ii
CS775	C6249	propyl isobutyrate
CS776	C2277	3-phenylpropionitrile
CS777	C5690	n-tetracosane
CS778	C5690	tetracosane
CS779	C657	isoamyl isovalerate
CS780	C657	isopentyl isovalerate
CS781	C657	isopentyl isovalerate
CS782	C4343	docosanol
CS783	C4705	gamma-thujaplicin
CS784	C138	2-decanone
CS785	C4684	gamma-hexalactone
CS786	C4216	delta-octalactone
CS787	C4204	delta-decalactone
CS788	C4679	gamma-decalactone
CS789	C4206	delta-dodecalactone
CS790	C2202	3-methyl-3-buten-1-ol
CS791	C2202	3-methyl-3-butenol
CS792	C152	2-nonanone
CS793	C152	nonan-2-one
CS794	C127	1-undecene
CS795	C5431	methyl-2-methyl butyrate
CS796	C5431	methyl 2-methylbutanoate
CS797	C1874	2-methylnonane
CS798	C1382	1-decene
CS799	C5376	m-pyrol
CS800	C2566	6-methyl-2-heptanone
CS801	C2146	3-decanone
CS802	C6096	pentadecanoic acid
CS803	C6096	pentadecanoic acid
CS804	C3218	benzyl ethyl ketone
CS805	C2281	3-phenylpyridine
CS806	C1955	2-phenylpyridine
CS807	C6802	tridecylacetate
CS808	C6555	thymol methyl ether
CS809	C6555	thymol methyl ether
CS810	C641	hexyl octanoate
CS811	C1725	2-decanol
CS812	C4345	dodecanamide
CS813	C6970	n-undecane
CS814	C6970	undecane
CS815	C5513	methyl eicosanoate
CS816	C1484	1-tetradecene
CS817	C1484	tetradecene
CS818	C2234	3-methylcyclopentene
CS819	C2151	3-ethenylpyridine
CS820	C1706	2-acetylpyridine
CS821	C1403	1-ethylnaphthalene
CS822	C3677	caryophylene oxide
CS823	C6223	prenyl acetate
CS824	C1705	2-acetylfuran
CS825	C1705	acetyl furan
CS826	C6393	seudenone
CS827	C1704	2-acetyl-5-methylfuran
CS828	C2965	alpha-fenchone
CS829	C2965	fenchone
CS830	C4117	cymen-8-ol
CS831	C4117	p-cymen-8-ol
CS832	C4117	p-cymen-8-ol
CS833	C4117	p-cymen-8-ol
CS834	C4117	p-cymene-8-ol
CS835	C4117	p-cymenol
CS836	C4117	para-cymen-8-ol
CS837	C349	beta-pinene
CS838	C349	beta-pinene
CS839	C349	beta-pinene
CS840	C349	beta pinene
CS841	C6886	vitamin e
CS842	C4847	heptadecanol
CS843	C342	beta-himachalene
CS844	C342	himachalene
CS845	C2504	5-indanol
CS846	C2148	3-dodecanone
CS847	C1875	2-methyloctadecane
CS848	C1868	2-methylhexadecane
CS849	C2269	3-penten-2-ol
CS850	C1461	1-penten-3-one
CS851	C1412	1-hexen-3-one
CS852	C564	fenchol
CS853	C564	fenchyl alcohol
CS854	C1971	2-undecanol
CS855	C1965	2-tridecanol
CS856	C2580	6-methylheptanol
CS857	C4566	ethylcyclohexane
CS858	C6257	propylcyclohexane
CS859	C1662	13-tridecanolide
CS860	C1662	oxacyclotetradecan-2-one
CS861	C474	decane
CS862	C474	n-decane
CS863	C5555	methyl nonanoate
CS864	C5583	methyl tridecanoate
CS865	C5523	methyl heptadecanoate
CS866	C2520	5-methylhexanal
CS867	C5514	methyl eudesmate
CS868	C4188	delta-9-tetrahydrocannabinol
CS869	C2230	3-methylbutyl octanoate
CS870	C2230	isoamyl octanoate
CS871	C3102	amyl benzoate
CS872	C4250	diallyl trisulfide
CS873	C6127	perilla aldehyde
CS874	C6127	perillal
CS875	C6127	perillaldehyde
CS876	C277	alpha-terpinyl formate
CS877	C172	3-methylbutyl hexanoate
CS878	C172	isoamyl hexanoate
CS879	C6250	propyl methacrylate
CS880	C2242	3-methyloctane
CS881	C5252	l-(-)-menthol
CS882	C1423	1-methoxynaphthalene
CS883	C3661	carvol
CS884	C1947	2-phenylethylisothiocyanate
CS885	C1917	2-pentylpyridine
CS886	C4681	gamma-dodecalactone
CS887	C5188	isopropyl hexanoate
CS888	C6244	propyl benzoate
CS889	C4905	hexyl isobutanoate
CS890	C4905	hexyl isobutyrate
CS891	C2275	3-phenyldodecane
CS892	C1487	1-tridecene
CS893	C1365	1-alpha-terpineol
CS894	C1365	alpha-terpinenol
CS895	C1365	alpha-terpineol
CS896	C1365	alpha-terpineol
CS897	C1365	p-menth-1-en-8-ol
CS898	C1365	terpineol
CS899	C1447	1-octen-3-yl acetate
CS900	C1447	1-octen-3-yl acetate
CS901	C1447	octenyl acetate
CS902	C2443	4-phenyl-2-butanone
CS903	C2443	4-phenyl-butan-2-one
CS904	C2443	4-phenylbutan-2-one
CS905	C2443	benzyl acetone
CS906	C4898	hexyl butanoate
CS907	C4898	hexyl butanoate
CS908	C4898	hexyl butyrate
CS909	C1740	2-ethoxybutane
CS910	C1931	2-phenyldodecane
CS911	C2583	6-phenyldodecane
CS912	C2530	5-phenyldodecane
CS913	C2449	4-phenyldodecane
CS914	C7000	pentadecanal
CS915	C2451	4-propylguaiacol
CS916	C2451	dihydroeugenol
CS917	C2840	allyl isovalerate
CS918	C178	3-thujene
CS919	C178	alpha-thujene
CS920	C178	alpha-thujene
CS921	C178	alpha-thujene
CS922	C178	alpha-thujene
CS923	C1749	2-ethyl-m-xylene
CS924	C142	2-heptadecanone
CS925	C142	heptadecan-2-one
CS926	C1750	2-ethylfuran
CS927	C1837	2-methyl octane
CS928	C1837	2-methyloctane
CS929	C173	3-methylthiopropanal
CS930	C173	methional
CS931	C7043	sabinene
CS932	C124	1-octen-3-ol
CS933	C124	1-octene-3-ol
CS934	C124	oct-1-en-3-ol
CS935	C124	octen-3-ol
CS936	C1386	1-eicosene
CS937	C1386	eicosene
CS938	C1950	2-phenylethylmethylether
CS939	C4324	dimethyl trisulfide
CS940	C4324	dimethyl trisulphide
CS941	C1711	2-amylfuran
CS942	C1711	2-Pentyl furan
CS943	C1711	2-pentylfuran
CS944	C1711	2-pentylfurane
CS945	C5572	methyl propyl sulphide
CS946	C1901	2-octanol
CS947	C6501	tetracontane
CS948	C2503	5-hydroxypentanal
CS949	C2841	allyl octanoate
CS950	C1839	2-methylbenzofuran
CS951	C1755	2-ethylhexyl hydrogen phthalate
CS952	C1748	2-ethyl-cyclohexanone
CS953	C1718	2-butylfuran
CS954	C2531	5-phenyltridecane
CS955	C1956	2-phenyltridecane
CS956	C1870	2-methylhexanoic acid
CS957	C199	6-methyl-5-hepten-2-ol
CS958	C1411	1-hexen-3-ol
CS959	C6475	terpinen-4-yl acetate
CS960	C6475	terpinene-4-yl acetate
CS961	C4348	dodecenal
CS962	C5877	octyl hexanoate
CS963	C1408	1-hepten-3-ol
CS964	C4134	damascenine
CS965	C3625	Camphoric acid
CS966	C5192	isopropyl octanoate
CS967	C7023	p-menth-1-ene
CS968	C7023	p-menth-1-ene
CS969	C4368	duraldehyde
CS970	C2211	3-methyl nonane
CS971	C2211	3-methylnonane
CS972	C2433	4-nonanol
CS973	C1290	(Z)-linalool oxide (furanoid)
CS974	C1290	cis-linalool oxide (furanoid)
CS975	C1290	cis-linalool oxide (furanoid)
CS976	C1290	cis-linalool oxide (furanoid)
CS977	C1290	linalool oxide (furanoid)
CS978	C4340	dl-limonene
CS979	C4340	limonene
CS980	C4335	dipropyl trisulfide
CS981	C1911	2-pentanol
CS982	C1911	pentan-2-ol
CS983	C2409	4-methyl-3-heptanone
CS984	C139	2-dodecanone
CS985	C4914	hexyl salicylate
CS986	C639	hexyl hexanoate
CS987	C1406	1-heptadecene
CS988	C1406	heptadecene
CS989	C1406	hexahydroaplotaxene
CS990	C4902	hexyl benzoate
CS991	C4902	n-hexyl benzoate
CS992	C3220	benzyl hexanoate
CS993	C1864	2-methyldecane
CS994	C1885	2-methylundecane
CS995	C5562	methyl pentadecanoate
CS996	C4480	ethyl-2-methyl butyrate
CS997	C4480	ethyl-2-methyl butyrate
CS998	C4480	ethyl-2-methylbutanoate
CS999	C500	dihydrocarvone
CS1000	C4757	geranyltiglate
CS1001	C5004	iso-pulegol
CS1002	C3531	butyl hydroxyanisole
CS1003	C4899	hexyl 2-methyl butyrate
CS1004	C4899	hexyl 2-methylbutanoate
CS1005	C5185	isopropyl dodecanoate
CS1006	C6800	tridecanal
CS1007	C2701	9-decen-1-ol
CS1008	C2701	9-decenol
CS1009	C125	1-pentadecene
CS1010	C125	pentadecene
CS1011	C1747	2-ethyl-5-methylpyrazine
CS1012	C2801	3-carene
CS1013	C2801	3-carene
CS1014	C2801	3-carene
CS1015	C2801	3-delta-carene
CS1016	C2801	car-3-ene
CS1017	C2801	delta-3-carene
CS1018	C2801	delta-3-carene
CS1019	C2801	delta-3-carene
CS1020	C2801	delta-3-carene
CS1021	C2801	delta3-carene
CS1022	C2801	delta3-carene
CS1023	C141	2-ethyl-6-methylpyrazine
CS1024	C4528	ethyl heptadecanoate
CS1025	C1421	1-menthone
CS1026	C1421	menthone
CS1027	C1421	trans-menthone
CS1028	C6514	tetratriacontane
CS1029	C316	beta-bisabolol
CS1030	C4274	dihydroactindiolide
CS1031	C4274	dihydroactinidiolide
CS1032	C4274	dihydroactinolide
CS1033	C1745	2-ethyl-3-methylpyrazine
CS1034	C722	menthyl acetate
CS1035	C722	menthyl acetate
CS1036	C4500	ethyl-4-hydroxyphenylacetate
CS1037	C2422	4-methylnonane
CS1038	C375	calarene
CS1039	C5392	mellein
CS1040	C4236	demethoxyageratochromene
CS1041	C4236	precocene i
CS1042	C252	alpha-fenchene
CS1043	C7158	verbenone
CS1044	C2447	4-phenylbutanal
CS1045	C1435	1-nonadecene
CS1046	C1435	nonadecene
CS1047	C4306	dihydromyrcenol
CS1048	C1775	2-hexadecanone
CS1049	C4874	hexacosene
CS1050	C3628	cannabichromene
CS1051	C693	lavandulyl acetate
CS1052	C4286	dihydrocarveol acetate
CS1053	C4286	dihydrocarvyl acetate
CS1054	C2201	3-methyl-2(5h)-furanone
CS1055	C6924	zingerone
CS1056	C6924	zingiberone
CS1057	C3227	benzyl propanoate
CS1058	C3227	benzyl propionate
CS1059	C159	2-phenylethylpropionate
CS1060	C6159	phenyl acetate
CS1061	C3124	anisketone
CS1062	C2276	3-phenylpropanol
CS1063	C2276	3-phenylpropyl alcohol
CS1064	C1922	2-phenoxy-ethanol
CS1065	C1922	2-phenoxyethanol
CS1066	C2363	4-ethylphenol
CS1067	C2396	4-methoxybenzaldehyde
CS1068	C2396	anisaldehyde
CS1069	C2396	p-anisaldehyde
CS1070	C2366	4-heptanone
CS1071	C4254	diethyl butanedioate
CS1072	C4254	diethyl succinate
CS1073	C4539	ethyl nonanoate
CS1074	C345	beta-myrcene
CS1075	C345	myrcene
CS1076	C2372	4-hydroxy-4-methyl-2-pentanone
CS1077	C2372	4-methyl-4-hydroxy-2-pentanone
CS1078	C2372	diacetone alcohol
CS1079	C2185	3-methyl-1-butanol
CS1080	C2185	3-methylbutan-1-ol
CS1081	C2185	3-methylbutanol
CS1082	C2185	isoamyl alcohol
CS1083	C2185	isoamyl alcohol
CS1084	C2185	isopentanol
CS1085	C542	ethyl hexanoate
CS1086	C2842	allylhexanoate
CS1087	C1374	1-butylacetate
CS1088	C1374	butyl acetate
CS1089	C1374	n-butyl acetate
CS1090	C2224	3-methylbutyl acetate
CS1091	C2224	isoamyl acetate
CS1092	C2224	isopentyl acetate
CS1093	C4537	ethyl myristate
CS1094	C4537	ethyl tetradecanoate
CS1095	C5549	methyl myristate
CS1096	C5549	methyl tetradecanoate
CS1097	C1438	1-nonene
CS1098	C1438	nonene
CS1099	C1436	1-nonanal
CS1100	C1436	n-nonanal
CS1101	C1436	nonanal
CS1102	C7081	tetradecanal
CS1103	C6444	stearamide
CS1104	C6500	tetrachloroethylene
CS1105	C3542	butylated hydroxytoluene
CS1106	C6967	nopinone
CS1107	C5463	methyl-o-methyl benzoate
CS1108	C1800	2-isopropyl-3-methoxypyrazine
CS1109	C5821	o-methyl anisole
CS1110	C1746	2-ethyl-4-hydroxy-5-methyl-3(2h)-furanone
CS1111	C202	6-pentyl-alpha-pyrone
CS1112	C5195	isopulegone
CS1113	C3529	butyl decanoate
CS1114	C4263	dihydro-alpha-ionone
CS1115	C2420	4-methylhexanal
CS1116	C4542	ethyl pentadecanoate
CS1117	C3535	butyl nonanoate
CS1118	C2702	9-decenyl acetate
CS1119	C2702	9-decenylacetate
CS1120	C5383	massoia lactone
CS1121	C2646	7-octen-4-ol
CS1122	C1650	11-hexadecen-1-ol
CS1123	C1765	2-heptadecanol
CS1124	C2532	5-tridecanone
CS1125	C674	isomenthol
CS1126	C3498	bornyl isovalerate
CS1127	C6882	viridine
CS1128	C5061	isobutyl phenylacetate
CS1129	C2343	4-(4-methoxyphenyl)-2-butanone
CS1130	C3233	bergamal
CS1131	C2191	3-methyl-2-butenal
CS1132	C2191	3-methylbut-2-enal
CS1133	C6980	octyl isobutyrate
CS1134	C5873	octyl butyrate
CS1135	C5334	linalyl formate
CS1136	C6295	safranal
CS1137	C5043	isobomyl acetate
CS1138	C5883	octyl propionate
CS1139	C5336	linalyl propanoate
CS1140	C5336	linalyl propanoate
CS1141	C5336	linalyl propionate
CS1142	C3354	beta-homocyclocitral
CS1143	C320	beta-caryophyllene alcohol
CS1144	C320	caryophyllenol
CS1145	C1046	(E)-verbenol
CS1146	C1046	verbenol
CS1147	C1046	verbenol
CS1148	C754	myrtenal
CS1149	C5184	isopropyl butyrate
CS1150	C6851	vanillinacetate
CS1151	C2253	3-nonanone
CS1152	C757	myrtenyl acetate
CS1153	C6943	nerol oxide
CS1154	C6943	neryl oxide
CS1155	C2908	alpha-campholenol
CS1156	C5507	methyl citronellate
CS1157	C5507	methyl citronellate
CS1158	C4492	ethyl-3-hydroxyhexanoate
CS1159	C4492	ethyl 3-hydroxyhexanoate
CS1160	C6981	octyl octanoate
CS1161	C1907	2-pentadecanone
CS1162	C1907	pentadecan-2-one
CS1163	C1907	pentadecanone
CS1164	C4865	heptyl isobutyrate
CS1165	C4868	heptyl octanoate
CS1166	C1446	1-octen-3-one
CS1167	C2144	3-butylphthalide
CS1168	C2144	3-n-butylphthalide
CS1169	C2227	3-methylbutyl dodecanoate
CS1170	C2227	isoamyl laurate
CS1171	C4043	citronellyl valerate
CS1172	C4486	ethyl-2-nonynoate
CS1173	C640	hexyl isovalerate
CS1174	C2514	5-methyl-2-thiophenecarboxaldehyde
CS1175	C3833	cis-anhydro linalool oxide
CS1176	C6126	perilla acetate
CS1177	C6126	perillyl acetate
CS1178	C3521	butyl-2-methylbutyrate
CS1179	C5190	isopropyl isovalerate
CS1180	C1703	2-acetyl-3-ethylpyrazine
CS1181	C728	methyl allyl trisulfide
CS1182	C6204	piperitenone oxide
CS1183	C6204	piperitenone oxide
CS1184	C4011	cis-theaspirane
CS1185	C4011	theaspirane a
CS1186	C4011	theaspirane b
CS1187	C4651	furfuryl octanoate
CS1188	C3730	caryophyllene acetate
CS1189	C3045	alpha-terpinyl propionate
CS1190	C1308	(Z)-sabinene hydrate
CS1191	C1308	(Z)-sabinene hydrate
CS1192	C1308	sabinene hydrate
CS1193	C1308	sabinene hydrate
CS1194	C2392	4-ketoisophorone
CS1195	C2392	4-oxoisophorone
CS1196	C481	dehydro-p-cymene
CS1197	C481	p-cymenene
CS1198	C3108	amyl valerate
CS1199	C5494	methyl allyl disulfide
CS1200	C1846	2-methylbutyl-3-methyl butyrate
CS1201	C1846	2-methylbutyl-3-methylbutyrate
CS1202	C1846	2-methylbutyl isovalerate
CS1203	C1846	2-methylbutylisovalerate
CS1204	C2457	4-vinylphenol
CS1205	C2361	4-ethylguaiacol
CS1206	C317	beta-bourbonene
CS1207	C4490	ethyl-3-hydroxybutyrate
CS1208	C4861	heptyl butyrate
CS1209	C361	borneol
CS1210	C361	isoborneol
CS1211	C3046	alpha-terthiophene
CS1212	C2920	alpha-cedrol
CS1213	C2920	cedrol
CS1214	C6848	valerophenone
CS1215	C4109	cyclooctasulfur
CS1216	C4315	dimethoxybenzaldehyde
CS1217	C3508	brevifolin
CS1218	C5675	n-methyl-n-phenylformamide
CS1219	C5872	octyl benzoate
CS1220	C355	beta-terpinene
CS1221	C6060	p-methoxypropiophenone
CS1222	C793	(+)-linalool
CS1223	C1739	2-ethoxybenzoic acid
CS1224	C6253	propyl valerate
CS1225	C4099	cyclohexadecane
CS1226	C5040	isobergapten
CS1227	C5040	isobergaptene
CS1228	C6260	pseudolimonene
CS1229	C3772	chavicol
CS1230	C4873	hexacosanol
CS1231	C6381	seselin
CS1232	C7093	thymol acetate
CS1233	C7093	thymol acetate
CS1234	C7093	thymyl acetate
CS1235	C6380	sesamol
CS1236	C7009	perillene
CS1237	C3170	artemesia ketone
CS1238	C3170	artemisia ketone
CS1239	C3170	isoartemisia ketone
CS1240	C6131	perillaketone
CS1241	C6451	suberosin
CS1242	C1798	2-hydroxyacetophenone
CS1243	C3235	berol
CS1244	C546	ethyl nicotinate
CS1245	C1825	2-methyl-4-heptanone
CS1246	C2141	3-butenol
CS1247	C4876	hexadecanamide
CS1248	C1889	2-nonadecanone
CS1249	C1793	2-hydroxy-4-methoxybenzaldehyde
CS1250	C301	benzocyclobutane
CS1251	C2400	4-methoxyphenethyl alcohol
CS1252	C1457	1-pentadecyne
CS1253	C5845	octadecanol acetate
CS1254	C643	hexyl valerate
CS1255	C718	m-cymenene
CS1256	C620	heptadecanal
CS1257	C3250	beta-amyrin
CS1258	C2864	alpha-amyrin
CS1259	C4171	dehydrocostus lactone
CS1260	C2286	3-tridecanone
CS1261	C1383	1-docosene
CS1262	C1383	docosene
CS1263	C5028	isoamyl valerate
CS1264	C2287	3-undecanone
CS1265	C5189	isopropyl isothiocyanate
CS1266	C2226	3-methylbutyl decanoate
CS1267	C5874	octyl decanoate
CS1268	C1963	2-tetradecanone
CS1269	C4382	eicosanal
CS1270	C4249	diallyl tetrasulfide
CS1271	C3105	amyl isobutyrate
CS1272	C3105	pentyl isobutyrate
CS1273	C5096	isocyanatomethylbenzene
CS1274	C2445	4-phenylbenzaldehyde
CS1275	C1790	2-hexylfuran
CS1276	C1905	2-octylfuran
CS1277	C1961	2-propylfuran
CS1278	C6335	sec-butylisothiocyanate
CS1279	C5878	octyl isothiocyanate
CS1280	C2434	4-nonanone
CS1281	C6788	Tremetone
CS1282	C1719	2-butylpyridine
CS1283	C2206	3-methyl-3-butenyl acetate
CS1284	C1883	2-methylthioethanol
CS1285	C1799	2-hydroxypiperitone
CS1286	C1799	diosphenol
CS1287	C1896	2-norbornanol
CS1288	C7144	tricyclene
CS1289	C681	isopiperitenone
CS1290	C1720	2-carene
CS1291	C4155	decyl isobutyrate
CS1292	C4323	dimethyl tetrasulfide
CS1293	C1770	2-heptyl acetate
CS1294	C5579	Methyl thiobenzoate
CS1295	C1434	1-nonadecanol
CS1296	C1434	nonadecanol
CS1297	C3649	Carvacrol methyl ether
CS1298	C3649	carvacrolmethylether
CS1299	C3649	methyl carvacrol
CS1300	C3650	carvacrol acetate
CS1301	C3650	carvacrol acetate
CS1302	C3650	carvacryl acetate
CS1303	C306	benzyl nonanoate
CS1304	C5910	p-anisyl hexanoate
CS1305	C4863	heptyl hexanoate
CS1306	C5755	nerolidyl propionate
CS1307	C495	delta-terpineol
CS1308	C5021	isoamyl methacrylate
CS1309	C5178	isopropenyl toluene
CS1310	C784	(+)-alpha-pinene
CS1311	C6503	tetracosene
CS1312	C4703	gamma-terpinyl acetate
CS1313	C3231	benzyl valerate
CS1314	C6251	propyl tetradecanoate
CS1315	C2455	4-undecanone
CS1316	C3814	cis-3-pinanone
CS1317	C3814	isopinocamphone
CS1318	C6276	rosefuran
CS1319	C5547	methyl methylthioacetate
CS1320	C436	cis-piperitol
CS1321	C6749	trans-piperitol
CS1322	C4987	ipsenol
CS1323	C4986	ipsdienol
CS1324	C1774	2-hexadecanol
CS1325	C1894	2-nonyl acetate
CS1326	C2719	9-methylnonadecane
CS1327	C230	alpha-bergamotene
CS1328	C230	alpha-trans-bergamotene
CS1329	C2942	alpha-cubenene
CS1330	C2247	3-methyltetradecane
CS1331	C5974	p-menth-3-en-8-ol
CS1332	C5395	menth-1-en-9-ol
CS1333	C5395	p-menth-1-en-9-ol
CS1334	C5395	p-menth-1-ene-9-ol
CS1335	C2567	6-methyl-3-heptanol
CS1336	C462	cuparene
CS1337	C5838	octacosene
CS1338	C444	cis-verbenol
CS1339	C5226	karahanaenone
CS1340	C3988	cis-pinocarveol
CS1341	C4913	hexyl propionate
CS1342	C3499	bornyl propionate
CS1343	C3499	isobornyl propionate
CS1344	C5960	p-menth-1-en-7-al
CS1345	C5960	phellandral
CS1346	C121	1-nonen-3-ol
CS1347	C121	1-nonene-3-ol
CS1348	C7141	trans-verbenol
CS1349	C217	acoradiene
CS1350	C217	alpha-acoradiene
CS1351	C364	bulnesol
CS1352	C576	gamma-gurjunene
CS1353	C760	(-)-alpha-bisabolol oxide a
CS1354	C760	alpha-bisabolol oxide a
CS1355	C2186	3-methyl-1-octyn-3-ol
CS1356	C7149	umbellulone
CS1357	C3502	bornyl isobutyrate
CS1358	C3502	bornyl isobutyrate
CS1359	C2834	alloaromadendrene
CS1360	C2834	aromadendrene
CS1361	C356	beta-thujone
CS1362	C356	trans-thujone
CS1363	C336	beta-eudesmol
CS1364	C336	beta-eudesmol
CS1365	C4641	friedelan-3-one
CS1366	C5305	limonene oxide
CS1367	C3013	alpha-pinene epoxide
CS1368	C3013	alpha-pinene oxide
CS1369	C3013	alpha-pineneoxide
CS1370	C5363	lyral
CS1371	C3208	benzyl-2-methylbutyrate
CS1372	C4410	epi-13-manool
CS1373	C2956	alpha-elemol
CS1374	C2956	elemol
CS1375	C247	alpha-curcumene
CS1376	C247	ar-curcumene
CS1377	C247	curcumene
CS1378	C7066	spathulenol
CS1379	C7066	spatulenol
CS1380	C2235	3-methyldecane
CS1381	C3812	cis-3-hexenylvalerate
CS1382	C249	alpha-eudesmol
CS1383	C5745	nepetalactone
CS1384	C7170	zingiberene
CS1385	C455	cryptone
CS1386	C6285	sabina ketone
CS1387	C6285	sabinaketone
CS1388	C5742	neoiso-isopulegol
CS1389	C5742	pulegol
CS1390	C697	ledol
CS1391	C5466	methyl-p-methoxycinnamate
CS1392	C6208	piperitone oxide
CS1393	C768	(-)-bornyl acetate
CS1394	C768	l-bornyl acetate
CS1395	C1425	1-methyl-4-acetyl-1-cyclohexene
CS1396	C1425	1-methyl-4-acetylcyclohex-1-ene
CS1397	C1425	4-acetyl-1-methylcyclohexene
CS1398	C350	beta-pinene oxide
CS1399	C350	beta-pinene oxide
CS1400	C350	beta-pinene oxide
CS1401	C350	beta-pinene oxide
CS1402	C2517	5-methyldecane
CS1403	C3610	camphenilone
CS1404	C327	beta-cubebene
CS1405	C327	beta-cubebene
CS1406	C327	beta-cubebene
CS1407	C6899	xanthorrhizol
CS1408	C6899	xanthorrizol
CS1409	C2947	alpha-cyclocitral
CS1410	C7045	sabinol
CS1411	C270	alpha-santalene
CS1412	C270	santalene
CS1413	C956	(E)-carveol
CS1414	C956	trans-carveol
CS1415	C6294	sabinyl acetate
CS1416	C6294	sabinyl acetate
CS1417	C234	alpha-bulnesene
CS1418	C234	delta-guaiene
CS1419	C2237	3-methylheptadecane
CS1420	C2240	3-methylnonadecane
CS1421	C7164	widdrol
CS1422	C5597	mint lactone
CS1423	C2581	6-paradol
CS1424	C4615	farnesyl acetate
CS1425	C2403	4-methoxysafrole
CS1426	C5939	p-cymen-9-ol
CS1427	C7091	thymohydroquinone
CS1428	C3106	amyl isovalerate
CS1429	C3106	pentyl 3-methylbutyrate
CS1430	C2565	6-methyl-2-heptanol
CS1431	C2565	6-methylheptan-2-ol
CS1432	C1906	2-pentadecanol
CS1433	C4704	gamma-tetradecalactone
CS1434	C4692	gamma-palmitolactone
CS1435	C1316	(Z)-thujopsene
CS1436	C2949	alpha-cyclogeraniol
CS1437	C4538	ethyl nerolate
CS1438	C1888	2-nonadecanol
CS1439	C4259	dihydro-3-methyl-2(3h)-furanone
CS1440	C2407	4-methyl-1-hexanol
CS1441	C2904	alpha-campholene aldehyde
CS1442	C2904	alpha-campholene aldehyde
CS1443	C5010	isoacorone
CS1444	C6809	undecanol-3
CS1445	C5166	isopinocampheol
CS1446	C291	artemisia alcohol
CS1447	C4462	eremanthine
CS1448	C4239	demethylencecalin
CS1449	C4239	eupatoriochromene
CS1450	C4074	cuminyl acetate
CS1451	C4074	p-cymen-7-ol acetate
CS1452	C3608	Camphene hydrate
CS1453	C608	globulol
CS1454	C3379	beta-patchoulene
CS1455	C3863	cis-carvyl acetate
CS1456	C687	isoterpinolene
CS1457	C5278	lavender lactone
CS1458	C3989	cis-pinocarvyl acetate
CS1459	C3989	pinocarvyl acetate
CS1460	C3989	pinocarvyl acetate
CS1461	C3989	trans-pinocarvyl acetate
CS1462	C6198	pinocarveol
CS1463	C6198	trans-pinocarveol
CS1464	C6198	trans-pinocarveol
CS1465	C499	dihydro tagetone
CS1466	C1859	2-methylbutylpropionate
CS1467	C4517	ethyl 2-hydroxyhexanoate
CS1468	C1751	2-ethylhexadecanoic acid
CS1469	C4334	dipropyl tetrasulfide
CS1470	C5543	methyl lavender ketone
CS1471	C6111	pentyl 2-methylbutyrate
CS1472	C2971	alpha-guajene
CS1473	C254	alpha-fenchyl acetate
CS1474	C254	fenchyl acetate
CS1475	C5977	p-menth-4-en-3-one
CS1476	C3449	beyerene
CS1477	C3868	cis-chrysanthemol
CS1478	C6989	palustrol
CS1479	C3500	bornyl valerate
CS1480	C5301	limonene aldehyde
CS1481	C276	alpha-terpinyl acetate
CS1482	C276	terpenyl acetate
CS1483	C3760	cedranone
CS1484	C5337	linalyl valerate
CS1485	C4039	citronellyl caproate
CS1486	C5237	ketones
CS1487	C1399	1-ethoxy-1-pentoxyethane
CS1488	C2288	3-undecen-2-one
CS1489	C4400	encecalin
CS1490	C3126	anisyl isobutyrate
CS1491	C761	(-)-alpha-bisabolol oxide b
CS1492	C761	alpha-bisabolol oxide b
CS1493	C761	bisabolol oxide b
CS1494	C3953	cis-myrtanol
CS1495	C4597	euparin
CS1496	C400	cedr-8(15)-en-9-ol
CS1497	C4551	ethyl tridecanoate
CS1498	C5651	n-acetyltyramine
CS1499	C1930	2-phenylbenzaldehyde
CS1500	C645	himachalol
CS1501	C7018	pinocarvone
CS1502	C4460	epoxymyrcene
CS1503	C40	(E)-p-menth-2-en-1-ol
CS1504	C40	trans-p-2-menthen-1-ol
CS1505	C40	trans-p-menth-2-en-1-ol
CS1506	C40	trans-p-mentha-2-en-1-ol
CS1507	C40	trans-para-menth-2-en-1-ol
CS1508	C2918	alpha-cedrene epoxide
CS1509	C4084	curcuphenol
CS1510	C3207	benzyl
CS1511	C2448	4-phenylbutylisothiocyanate
CS1512	C1863	2-methylcrotonic acid
CS1513	C1863	tiglic acid
CS1514	C6441	spiro(2.5)octane
CS1515	C4569	eucarvone
CS1516	C3226	benzyl nitrite
CS1517	C5270	lantadene c
CS1518	C6156	phenoprene
CS1519	C5508	methyl cyclohexadiene
CS1520	C3957	cis-p-2-menthen-1-ol
CS1521	C2388	4-isopropylheptane
CS1522	C2413	4-methyl-5h-furan-2-one
CS1523	C2192	3-methyl-2-butene-1-thiol
CS1524	C6561	thymyl isovalerate
CS1525	C5780	nonacosene
CS1526	C3623	camphora
CS1527	C4094	cyclocolorenone
CS1528	C3143	ar-turmerone
CS1529	C6898	xanthinin
CS1530	C453	cnidilide
CS1531	C106	10-epi-alpha-cadinol
CS1532	C106	epi-alpha-cadinol
CS1533	C106	epi-alpha-cadinol
CS1534	C106	t-cadinol
CS1535	C106	tau-cadinol
CS1536	C3148	aristolochene
CS1537	C5208	isothymol methyl ether
CS1538	C3778	chrysanthenyl acetate
CS1539	C3778	trans-chrysanthenyl acetate
CS1540	C1349	[6]-gingerdione
CS1541	C7055	sclareol
CS1542	C4057	cryptomeridiol
CS1543	C5640	myrtanal
CS1544	C288	aristolone
CS1545	C5243	khusimol
CS1546	C4082	curcumenol
CS1547	C4802	grandisol
CS1548	C683	isopulegol
CS1549	C1381	1-decen-3-ol
CS1550	C6839	valeranone
CS1551	C6224	prenyl isobutyrate
CS1552	C5050	isobornyl isobutyrate
CS1553	C4600	exo-2-hydroxycineole acetate
CS1554	C5781	nonadecanal
CS1555	C6048	p-menthatriene
CS1556	C4237	demethoxyencecalin
CS1557	C4237	desmethoxyencecalin
CS1558	C4173	dehydrofukinone
CS1559	C5272	latifolone
CS1560	C471	daucene
CS1561	C2549	6-camphenol
CS1562	C1486	1-tricosene
CS1563	C3252	beta-atlantone
CS1564	C5800	nootkatol
CS1565	C6869	vinylguaiacol
CS1566	C610	gossonorol
CS1567	C2558	6-Hydroxytremetone
CS1568	C5606	modhephene
CS1569	C670	isocomene
CS1570	C2243	3-methylpentacosane
CS1571	C4467	erythrocentaurin
CS1572	C3422	beta-turmerone
CS1573	C6740	trans-pinan-2-ol
CS1574	C3025	alpha-santonin
CS1575	C6446	stigmast-5-en-3beta-ol
CS1576	C613	guaiol
CS1577	C6548	thymol isobutyrate
CS1578	C6548	thymyl isobutyrate
CS1579	C5880	octyl isovalerate
CS1580	C6247	propyl heptanoate
CS1581	C1936	2-phenylethyl-n-octanoate
CS1582	C3624	camphore
CS1583	C5302	limonene diepoxide
CS1584	C5302	limonene dioxide
CS1585	C1691	15-pentadecanolide
CS1586	C1691	cyclopentadecanolide
CS1587	C4496	ethyl-3-oxohexanoate
CS1588	C5799	nootkatin
CS1589	C5335	linalyl isovalerate
CS1590	C175	3-octanone
CS1591	C175	octan-3-one
CS1592	C662	isobornyl acetate
CS1593	C1833	2-methyl-6-propylphenol
CS1594	C4014	cis-thujone
CS1595	C3230	benzyl tiglate
CS1596	C1472	1-propenylbenzene
CS1597	C2563	6-methoxyquinoline-1-oxide
CS1598	C5370	m-cymen-8-ol
CS1599	C6574	torquatone
CS1600	C2518	5-methylene-2-norbornene
CS1601	C279	alpha-thujone
CS1602	C279	thujone
CS1603	C5357	longifolene
CS1604	C1379	1-cyclohexene-1-methanol
CS1605	C2981	alpha-kessyl alcohol
CS1606	C2981	kessyl alcohol
CS1607	C3264	beta-bourbenene
CS1608	C484	Dehydrotremetone
CS1609	C6768	trans-totarol
CS1610	C719	menthofuran
CS1611	C1253	(Z)-carveol
CS1612	C1253	cis-carveol
CS1613	C6382	sesquicineole
CS1614	C6576	torulosol
CS1615	C2557	6-hydroxycarvone
CS1616	C7019	piperitenone
CS1617	C6460	teferdine
CS1618	C4508	ethyl (E)-2-butenoate
CS1619	C4508	ethyl (E)-crotonate
CS1620	C4508	ethyl crotonate
CS1621	C2416	4-methylbenzoylacetone
CS1622	C773	(-)-limonene
CS1623	C6939	neo-menthol
CS1624	C253	alpha-fenchol
CS1625	C253	alpha-fenchyl alcohol
CS1626	C253	endo-fenchol
CS1627	C6192	pimaradiene
CS1628	C6192	sandaracopimaradiene
CS1629	C792	(+)-limonene
CS1630	C792	d-limonene
CS1631	C767	(-)-beta-pinene
CS1632	C762	(-)-alpha-pinene
CS1633	C4128	d-cadinene
CS1634	C4128	delta-cadinene
CS1635	C4624	ferruginol
CS1636	C4624	trans-ferruginol
CS1637	C4642	fukinanolide
CS1638	C2948	alpha-cyclocostunolide
CS1639	C3312	beta-cyclocostunolide
CS1640	C759	(-)-alpha-bisabolol
CS1641	C759	alpha-bisabolol
CS1642	C759	alpha-bisabolol
CS1643	C759	Levomenol
CS1644	C383	carotol
CS1645	C2923	alpha-chamigrene
CS1646	C3289	beta-chamigrene
CS1647	C3289	chamigrene
CS1648	C3082	alpha-cubebene
CS1649	C3082	alpha-cubebene
CS1650	C3082	alpha-cubebene
CS1651	C4137	daucol
CS1652	C3330	beta-eudesmene
CS1653	C3330	beta-selinene
CS1654	C3330	beta-selinene
CS1655	C4016	cis-thujopsene
CS1656	C4016	thujopsene
CS1657	C3057	alpha-vetivone
CS1658	C3425	beta-vetivone
CS1659	C282	alpha-ylangene
CS1660	C3668	carvone oxide
CS1661	C404	chrysanthenone
CS1662	C785	(+)-alpha-terpineol
CS1663	C1350	[6]-gingerol
CS1664	C774	(-)-linalool
CS1665	C774	l-linalool
CS1666	C763	(-)-alpha-terpineol
CS1667	C5712	neo-dihydrocarveol
CS1668	C1262	(Z)-dihydrocarvone
CS1669	C1262	cis-dihydrocarvone
CS1670	C1262	cis-isodihydrocarvone
CS1671	C7118	trans-dihydrocarvone
CS1672	C2769	abietadiene
CS1673	C2772	abietol
CS1674	C2770	abietal
CS1675	C959	(E)-cinnamic acid
CS1676	C959	cinnamic acid
CS1677	C973	(E)-farnesol
CS1678	C973	farnesol
CS1679	C973	trans-farnesol
CS1680	C5898	oxiranone
CS1681	C58	(Z)-9-hexadecenoic acid
CS1682	C58	(Z)-palmitoleic acid
CS1683	C58	palmitoleic acid
CS1684	C6983	oleic acid
CS1685	C857	(E)-2-butenal
CS1686	C857	but-2-enal
CS1687	C2644	7-isoquinolinol
CS1688	C5198	isopulegyl acetate
CS1689	C5198	isopulegyl acetate
CS1690	C2272	3-pentenol
CS1691	C4091	cyclamen aldehyde
CS1692	C363	bornyl formate
CS1693	C716	manool oxide
CS1694	C4650	furfuryl methyl sulfide
CS1695	C6984	o-menth-8-ene
CS1696	C2995	alpha-myrcene
CS1697	C4266	dihydro-beta-ionone
CS1698	C2663	8-cedren-13-ol
CS1699	C2663	cedr-8-en-13-ol
CS1700	C3556	cadin-4-en-10-ol
CS1701	C7064	seychellene
CS1702	C4392	elemenone
CS1703	C6383	sesquiphellandrene
CS1704	C472	davanone
CS1705	C5019	isoamyl isobutyrate
CS1706	C6323	santolina alcohol
CS1707	C115	1-epi-cubenol
CS1708	C115	cubenol
CS1709	C115	Epicubenol
CS1710	C7051	santolina triene
CS1711	C1489	1-undecyn-4-ol
CS1712	C3905	cis-isopulegone
CS1713	C3905	trans-shisool
CS1714	C468	cyclosativene
CS1715	C144	2-methoxy-3-(1-methylpropyl)-pyrazine
CS1716	C1707	2-acetylthiazole
CS1717	C2431	4-methyltetradecane
CS1718	C2417	4-methyldocosane
CS1719	C4224	delta-tetradecalactone
CS1720	C494	delta-selinene
CS1721	C3418	beta-thujene
CS1722	C3418	thujene
CS1723	C5963	p-menth-1-en-9-al
CS1724	C5489	methyl 2-hydroxybutanoate
CS1725	C5868	octyl-2-methylbutyrate
CS1726	C4461	epsilon-muurolene
CS1727	C5861	octen-1-ol acetate
CS1728	C5486	methyl 2-hydroxy-2-methylbutanoate
CS1729	C1693	16-kaurene
CS1730	C1693	alpha-kaurene
CS1731	C1693	kaur-16-ene
CS1732	C5186	isopropyl heptanoate
CS1733	C6402	shyobunol
CS1734	C261	alpha-longipinene
CS1735	C261	longipinene
CS1736	C5487	methyl 2-hydroxy-3-methylpentanoate
CS1737	C4380	edulan i
CS1738	C2915	alpha-caryophyllene alcohol
CS1739	C5224	juniper camphor
CS1740	C2255	3-Octanol acetate
CS1741	C2255	3-octyl acetate
CS1742	C521	elsholtzia ketone
CS1743	C5978	p-menth-6-en-2-one
CS1744	C5125	isolimonene
CS1745	C578	gamma-patchoulene
CS1746	C753	myrtanol
CS1747	C672	isokaurene
CS1748	C672	isophyllocladene
CS1749	C672	kaur-15-ene
CS1750	C5876	octyl heptanoate
CS1751	C579	gamma-selinene
CS1752	C2177	3-mercaptohexanol
CS1753	C1391	1-epi-bicyclosesquiphellandrene
CS1754	C1391	bicyclosesquiphellandrene
CS1755	C309	bergamotene
CS1756	C3007	alpha-patchoulene
CS1757	C3171	artemiseole
CS1758	C1812	2-methyl-1-octadecene
CS1759	C2509	5-methyl-1-undecene
CS1760	C3043	alpha-terpinyl isobutyrate
CS1761	C4170	dehydrocineole
CS1762	C3175	artemisyl acetate
CS1763	C2381	4-hydroxypiperitone
CS1764	C437	cis-p-menth-2-en-1-ol
CS1765	C437	p-menth-2-en-1-ol
CS1766	C3036	alpha-terpinen-7-al
CS1767	C5293	lilac alcohol
CS1768	C418	cis-chrysanthenol
CS1769	C5299	limonen-10-ol
CS1770	C5964	p-menth-1-en-9-yl acetate
CS1771	C6928	zizanal
CS1772	C6363	selina-6-en-4-ol
CS1773	C4654	furopelargone b
CS1774	C2831	allo-cedrol
CS1775	C6866	vetiselinenol
CS1776	C6927	zizaene
CS1777	C7040	rosifoliol
CS1778	C2282	3-thujanol
CS1779	C694	lavandulyl isobutyrate
CS1780	C695	lavandulyl isovalerate
CS1781	C3725	caryophylladienol ii
CS1782	C5300	limonen-4-ol
CS1783	C5300	limonene-4-ol
CS1784	C2432	4-methyltricosane
CS1785	C5123	isokessane
CS1786	C5170	isopiperitenol
CS1787	C2578	6-methylheptadecane
CS1788	C3159	aromadendrene epoxide
CS1789	C3159	aromadendrene oxide
CS1790	C4843	heptacosene
CS1791	C1455	1-pentacosene
CS1792	C3271	beta-calacorene
CS1793	C3779	chrysanthenyl propionate
CS1794	C4144	davanol
CS1795	C3146	aristolene
CS1796	C673	isoledene
CS1797	C6894	vulgarone b
CS1798	C6894	vulgarone b
CS1799	C2219	3-methylbut-2-enyl valerate
CS1800	C2885	alpha-bourbonene
CS1801	C5033	isoaromadendrene epoxide
CS1802	C5361	longipinene epoxide
CS1803	C2573	6-methyl-7-octen-2-one
CS1804	C2928	alpha-citronellol
CS1805	C1688	15-hexadecanolide
CS1806	C110	13-tetradecanolide
CS1807	C2150	3-eicosyne
CS1808	C2155	3-ethyl-4-methylpentanol
CS1809	C2963	alpha-fenchocamphorone
CS1810	C3640	caranone
CS1811	C5967	p-menth-1(7)-en-2-one
CS1812	C294	ar-tumerone
CS1813	C5241	khusilol
CS1814	C5968	p-menth-1(7)-en-9-ol
CS1815	C5356	longicyclene
CS1816	C712	longifolenaldehyde
CS1817	C723	menthyl isovalerate
CS1818	C2788	aciphyllene
CS1819	C463	curzerene
CS1820	C463	isofuranogermacrene
CS1821	C4491	ethyl-3-hydroxydodecanoate
CS1822	C5796	nonyl hexanoate
CS1823	C6597	trans-3-caren-2-ol
CS1824	C4685	gamma-himachalene
CS1825	C2934	alpha-copaen-8-ol
CS1826	C3006	alpha-panasinsene
CS1827	C4265	dihydro-beta-ionol
CS1828	C3752	cedr-8-en-15-ol
CS1829	C4312	dill ether
CS1830	C2637	7-ethyl-7-tridecanol
CS1831	C4449	epishyobunone
CS1832	C532	epizonarene
CS1833	C3770	chavibetol
CS1834	C5127	isolongifolen-5-one
CS1835	C2562	6-methoxyelemicin
CS1836	C6312	sandaracopimarinal
CS1837	C4644	furanodiene
CS1838	C6142	petasitene
CS1839	C4662	gamma-asarone
CS1840	C930	(E)-asarone
CS1841	C930	alpha-asarone
CS1842	C27	(E)-cinnamaldehyde
CS1843	C27	(E)-cinnamic aldehyde
CS1844	C27	3-phenyl-2-propenal
CS1845	C27	cinnamaldehyde
CS1846	C27	cinnamic aldehyde
CS1847	C27	trans-cinnamaldehyde
CS1848	C1020	(E)-oleic acid
CS1849	C764	(-)-alpha-thujene
CS1850	C35	(E)-methyl cinnamate
CS1851	C35	methyl (E)-cinnamate
CS1852	C35	methyl cinnamate
CS1853	C642	hexyl tiglate
CS1854	C927	(E)-anethol
CS1855	C927	(E)-anethole
CS1856	C927	anethol
CS1857	C927	anethole
CS1858	C927	trans-anethole
CS1859	C977	(E)-geraniol
CS1860	C977	geraniol
CS1861	C977	geraniol (E)
CS1862	C977	trans-geraniol
CS1863	C971	(E)-ethyl cinnamate
CS1864	C971	ethyl (E)-cinnamate
CS1865	C971	ethyl cinnamate
CS1866	C971	trans-ethyl cinnamate
CS1867	C36	(E)-methyl isoeugenol
CS1868	C5201	isosafrol
CS1869	C5201	isosafrole
CS1870	C907	(E)-3-penten-2-one
CS1871	C907	3-penten-2-one
CS1872	C966	(E)-citral
CS1873	C966	alpha-citral
CS1874	C966	citral
CS1875	C966	geranial
CS1876	C23	(E)-beta-ionone
CS1877	C23	beta-ionone
CS1878	C23	trans-beta-ionone
CS1879	C6443	squalene
CS1880	C6443	trans-squalene
CS1881	C5467	methyl (E)-2-butenoate
CS1882	C2397	4-methoxycinnamaldehyde
CS1883	C2397	p-methoxy cinnamaldehyde
CS1884	C5820	o-methoxy cinnamaldehyde
CS1885	C2418	4-methyleneisophorone
CS1886	C1284	(Z)-lachnophyllum ester
CS1887	C1145	(Z)-3-butylidenephthalide
CS1888	C1145	3-butylidenephthalide
CS1889	C6601	trans-abienol
CS1890	C2164	3-hexenal
CS1891	C1216	(Z)-abienol
CS1892	C1216	cis-abienol
CS1893	C1260	(Z)-citral
CS1894	C1260	beta-citral
CS1895	C1260	neral
CS1896	C5478	methyl (Z)-2-butenoate
CS1897	C5561	methyl palmitoleate
CS1898	C424	cis-geraniol
CS1899	C424	nerol
CS1900	C1151	(Z)-3-hexanal
CS1901	C1151	(Z)-3-hexenal
CS1902	C3629	cannabidiol
CS1903	C4178	dehydrovomifoliol
CS1904	C989	(E)-isoeugenol
CS1905	C989	isoeugenol
CS1906	C991	(E)-isoeugenyl acetate
CS1907	C991	isoeugenylacetate
CS1908	C4402	endo-borneol
CS1909	C4402	l-borneol
CS1910	C4129	d-fenchone
CS1911	C240	alpha-campholenal
CS1912	C6966	nootkatone
CS1913	C1283	(Z)-jasmone
CS1914	C1283	cis-jasmone
CS1915	C1283	jasmone
CS1916	C996	(E)-jasmone
CS1917	C3898	cis-geranyl acetate
CS1918	C3898	nerol acetate
CS1919	C3898	neryl acetate
CS1920	C3898	neryl acetate
CS1921	C3898	trans-geranyl acetate
CS1922	C3341	beta-geranyl acetate
CS1923	C3341	geranyl acetate
CS1924	C3341	geranyl acetate
CS1925	C62	(Z)-anethole
CS1926	C62	cis-anethole
CS1927	C1279	(Z)-isoeugenol
CS1928	C71	(Z)-methyl isoeugenol
CS1929	C423	cis-farnesol
CS1930	C1268	(Z)-Farnesol
CS1931	C4754	geranyl acetone
CS1932	C4754	geranyl acetone
CS1933	C3480	bisabolol
CS1934	C562	farnesyl acetone
CS1935	C3997	cis-rose oxide
CS1936	C33	(E)-geranyl acetone
CS1937	C33	(E)-geranylacetone
CS1938	C5483	methyl (Z)-dihydrojasmonate
CS1939	C769	(-)-caryophyllene oxide
CS1940	C769	(-)-caryophyllene oxide
CS1941	C769	beta-caryophyllene oxide
CS1942	C769	caryophyllene epoxide
CS1943	C769	caryophyllene oxide
CS1944	C769	trans-caryophyllene oxide
CS1945	C5087	isocaryophyllene oxide
CS1946	C5087	isocaryophyllene oxide
CS1947	C5223	junipene
CS1948	C795	(+)-terpinen-4-ol
CS1949	C1405	1-heneicosene
CS1950	C1405	heneicosene
CS1951	C4341	docosanal
CS1952	C2246	3-methylpentyl isobutyrate
CS1953	C4590	eugenol isobutyrate
CS1954	C68	(Z)-gamma-bisabolene
CS1955	C68	bisabolene
CS1956	C68	cis-gamma-bisabolene
CS1957	C68	gamma-bisabolene
CS1958	C715	manool
CS1959	C4365	drimenol
CS1960	C3180	atractylone
CS1961	C464	curzerenone
CS1962	C3631	capillene
CS1963	C5290	leptospermone
CS1964	C5739	neocnidilide
CS1965	C488	delta-cadinol
CS1966	C2958	alpha-epi-muurolol
CS1967	C2958	epi-alpha-Muurolol
CS1968	C2958	t-muurolol
CS1969	C2958	t-muurolol
CS1970	C4595	eugenyl isovalerate
CS1971	C6338	sedanenolide
CS1972	C6338	senkyunolide
CS1973	C4040	citronellyl citronellate
CS1974	C6233	prochamazulene
CS1975	C1694	17-heptadecanolide
CS1976	C5063	isobutylacetate
CS1977	C6339	sedanolide
CS1978	C3645	carissone
CS1979	C3214	benzyl cinnamate
CS1980	C5517	methyl farnesate
CS1981	C4724	geranic acid
CS1982	C4724	neric acid
CS1983	C1026	(E)-phytol
CS1984	C1026	phytol
CS1985	C1026	trans-phytol
CS1986	C709	linoleic acid
CS1987	C709	linolic acid
CS1988	C1258	(Z)-cinnamyl alcohol
CS1989	C866	(E)-2-hexadecenal
CS1990	C866	hexadecenal
CS1991	C4610	farnesal
CS1992	C2669	8-hydroxylinalool
CS1993	C2982	alpha-linolenic acid
CS1994	C2982	linolenic acid
CS1995	C1206	(Z)-6-octadecenoic acid
CS1996	C560	falcarinol
CS1997	C4510	ethyl (E)-2-methyl-2-butenoate
CS1998	C4510	ethyl tiglate
CS1999	C16	(E)-3-hexenol
CS2000	C16	(Z)-3-hexen-1-ol
CS2001	C16	(Z)-3-hexenol
CS2002	C16	(Z)-hex-3-en-1-ol
CS2003	C16	3-hexenol
CS2004	C16	cis-3-hexenol
CS2005	C16	cis-3-hexenol
CS2006	C11	(E)-2-hexenal
CS2007	C11	(E)-hex-2-enal
CS2008	C11	2-hexenal
CS2009	C11	trans-2-hexenal
CS2010	C11	trans-hex-2-enal
CS2011	C4744	geranyl geraniol
CS2012	C5737	neocembrene A
CS2013	C6897	xanthatin
CS2014	C765	(-)-beta-caryophyllene
CS2015	C765	(-)-beta-caryophyllene
CS2016	C765	(E)-beta-caryophyllene
CS2017	C765	(E)-caryophyllene
CS2018	C765	beta-caryophylene
CS2019	C765	beta-caryophyllene
CS2020	C765	beta-caryophyllene
CS2021	C765	beta-caryophyllene
CS2022	C765	beta-caryophyllene
CS2023	C765	caryophyllene
CS2024	C765	trans-beta-caryophyllene
CS2025	C765	trans-beta-caryophyllene
CS2026	C765	trans-beta-caryophyllene
CS2027	C765	trans-caryophyllene
CS2028	C923	(E)-alpha-farnesene
CS2029	C923	alpha-farnesene
CS2030	C923	alpha-farnesene
CS2031	C923	farnesene
CS2032	C22	(E)-beta-farnesene
CS2033	C22	beta-farnesene
CS2034	C22	trans-beta-farnesene
CS2035	C22	trans-beta-farnesene
CS2036	C599	germacrene b
CS2037	C599	germacrene b
CS2038	C3062	alpha-caryophyllene
CS2039	C3062	alpha-caryophyllene
CS2040	C3062	alpha-humulene
CS2041	C3062	alpha-humulene
CS2042	C3062	alpha-humulene
CS2043	C3062	alpha-humulene
CS2044	C3062	alpha-humulene
CS2045	C3062	humulene
CS2046	C3275	beta-caryophyllen
CS2047	C3275	cis-caryophyllene
CS2048	C3275	e-caryophyllene
CS2049	C3275	isocaryophyllene
CS2050	C3024	alpha-santalol
CS2051	C3031	alpha-sinensal
CS2052	C3412	beta-sinensal
CS2053	C932	(E)-beta-ocimene
CS2054	C932	(E)-beta-ocimene
CS2055	C932	(E)-beta-ocimene
CS2056	C932	(E)-ocimene
CS2057	C932	(E)-ocimene
CS2058	C932	beta-ocimene
CS2059	C932	beta-trans-ocimene
CS2060	C932	e-beta-ocimene
CS2061	C932	ocimene
CS2062	C932	p-ocimene
CS2063	C932	trans-beta-ocimene
CS2064	C932	trans-beta-ocimene
CS2065	C932	trans-ocimene
CS2066	C1227	(Z)-asarone
CS2067	C1227	beta-asarone
CS2068	C5542	methyl jasmonate
CS2069	C18	(E)-alpha-ionone
CS2070	C18	alpha-(E)-ionone
CS2071	C18	alpha-ionone
CS2072	C4730	geraniol formate
CS2073	C4730	geranyl formate
CS2074	C28	(E)-cinnamyl acetate
CS2075	C28	cinnamyl acetate
CS2076	C545	ethyl linoleate
CS2077	C870	(E)-2-hexenoic acid
CS2078	C882	(E)-2-octenoic acid
CS2079	C1179	(Z)-3-octenoic acid
CS2080	C1202	(Z)-5-octenoic acid
CS2081	C1728	2-decenoic acid
CS2082	C1732	2-dodecenoic acid
CS2083	C917	(E)-9-hexadecenoic acid
CS2084	C917	(E)-palmitoleic acid
CS2085	C917	9-hexadecenoic acid
CS2086	C2704	9-dodecenol
CS2087	C10	(E)-2-heptenal
CS2088	C10	(E)-hept-2-enal
CS2089	C10	heptenal
CS2090	C881	(E)-2-octenal
CS2091	C881	2-octenal
CS2092	C1019	(E)-oct-3-enal
CS2093	C14	(E)-2-nonenal
CS2094	C14	2-nonenal
CS2095	C5784	nonadienal
CS2096	C8	(E)-2-decenal
CS2097	C8	2-decenal
CS2098	C8	2(E)-decenal
CS2099	C8	decenal
CS2100	C892	(E)-2-undecenal
CS2101	C892	trans-2-undecenal
CS2102	C861	(E)-2-dodecenal
CS2103	C861	2-dodecenal
CS2104	C861	trans-2-dodecenal
CS2105	C15	(E)-2-tridecenal
CS2106	C889	(E)-2-tetradecenal
CS2107	C2721	9-octadecenal
CS2108	C1212	(Z)-9-octadecenamide
CS2109	C5607	monoolein
CS2110	C536	ergost-5-en-3beta-ol
CS2111	C5544	methyl linoleate
CS2112	C2163	3-hexen-1-ol
CS2113	C37	(E)-nerolidol
CS2114	C37	(E)-nerolidol
CS2115	C37	nerolidol
CS2116	C37	trans-nerolidol
CS2117	C37	trans-nerolidol
CS2118	C1266	(Z)-ethyl cinnamate
CS2119	C6183	physeteric acid
CS2120	C880	(E)-2-nonenoic acid
CS2121	C1188	(Z)-4-heptenoic acid
CS2122	C7167	yomogi alcohol
CS2123	C17	(E)-alpha-bisabolene
CS2124	C3142	ar-tumerol
CS2125	C3142	ar-turmerol
CS2126	C5366	m-camphorene
CS2127	C962	(E)-cinnamyl alcohol
CS2128	C962	cinnamic alcohol
CS2129	C66	(Z)-cinnamyl acetate
CS2130	C2938	alpha-corocalene
CS2131	C313	beta-acoradiene
CS2132	C218	acorone
CS2133	C496	dendrolasin
CS2134	C2254	3-nonen-2-one
CS2135	C3840	cis-beta-farnesene
CS2136	C4793	germacrene d
CS2137	C4793	germacrene d
CS2138	C255	alpha-guaiene
CS2139	C255	alpha-guaiene
CS2140	C255	alpha-guaiene
CS2141	C1768	2-heptenol
CS2142	C869	(E)-2-hexen-1-ol
CS2143	C869	(E)-2-hexenol
CS2144	C869	2-hexen-1-ol
CS2145	C869	2-hexenol
CS2146	C6092	pellitorine
CS2147	C5103	isoegomaketone
CS2148	C988	(E)-isoelemicin
CS2149	C988	isoelemicin
CS2150	C1903	2-octenol
CS2151	C70	(Z)-ligustilide
CS2152	C5545	methyl linolenate
CS2153	C5648	myrtenyl isovalerate
CS2154	C3955	cis-nerolidol
CS2155	C925	(E)-alpha-ocimene
CS2156	C925	alpha-ocimene
CS2157	C1229	(Z)-beta-ocimene
CS2158	C1229	(Z)-beta-ocimene
CS2159	C1229	(Z)-beta-ocimene
CS2160	C1229	(Z)-ocimene
CS2161	C1229	cis-beta-ocimene
CS2162	C1229	cis-beta-ocimene
CS2163	C1229	cis-ocimene
CS2164	C3173	artemisia triene
CS2165	C3173	artemisiatriene
CS2166	C6091	patchoulenone
CS2167	C6214	pogostol
CS2168	C846	(E)-1-propenyl propyl disulfide
CS2169	C3021	alpha-santalal
CS2170	C6403	shyobunone
CS2171	C3032	alpha-teresantalic acid
CS2172	C1862	2-methylcrotonaldehyde
CS2173	C5582	methyl tiglate
CS2174	C1132	(Z)-2-hexenol
CS2175	C1132	(Z)-hex-2-en-1-ol
CS2176	C41	(E)-sesquilavandulol
CS2177	C41	trans-sesquilavandulol
CS2178	C1312	(Z)-sesquilavandulol
CS2179	C1312	cis-sesquilavandulol
CS2180	C1172	(Z)-3-hexenyl octanoate
CS2181	C2166	3-hexenyl butyrate
CS2182	C32	(E)-gamma-bisabolene
CS2183	C1165	(Z)-3-hexenyl butanoate
CS2184	C1165	(Z)-3-hexenyl butyrate
CS2185	C4636	fokienol
CS2186	C3541	butyl tiglate
CS2187	C1611	10-demethylsqualene
CS2188	C871	(E)-2-hexenyl benzoate
CS2189	C872	(E)-2-hexenyl isobutyrate
CS2190	C3359	beta-ionone epoxide
CS2191	C1667	14-hydroxy-9-epi-(E)-caryophyllene
CS2192	C1168	(Z)-3-hexenyl isobutyrate
CS2193	C1452	1-octenyl acetate
CS2194	C56	(Z)-3-hexenyl hexanoate
CS2195	C820	(3E)-hexenyl acetate
CS2196	C820	(E)-3-hexenyl acetate
CS2197	C820	3-hexenyl acetate
CS2198	C4872	hex-3-enyl benzoate
CS2199	C59	(Z)-alpha-bisabolene
CS2200	C59	alpha-bisabolene
CS2201	C59	cis-alpha-bisabolene
CS2202	C849	(E)-1-propenyl propyl trisulfide
CS2203	C1118	(Z)-1-propenyl propyl trisulfide
CS2204	C4282	dihydroaplotaxene
CS2205	C3130	aplotaxene
CS2206	C5479	methyl (Z)-4-octenoate
CS2207	C1194	(Z)-4-octenyl acetate
CS2208	C1195	(Z)-4-octenyl butyrate
CS2209	C912	(E)-4-hepten-2-ol
CS2210	C862	(E)-2-dodecenol
CS2211	C862	2-dodecenol
CS2212	C4774	germacren d-4-ol
CS2213	C4774	germacrene-d-4-ol
CS2214	C4774	germacrene d-4-ol
CS2215	C6440	spilanthol
CS2216	C4741	geranyl benzoate
CS2217	C1138	(Z)-2-nonenal
CS2218	C1124	(Z)-2-decenal
CS2219	C6948	neryl formate
CS2220	C1157	(Z)-3-hexenoic acid
CS2221	C3789	cinnamyl butyrate
CS2222	C4750	geranyl propanoate
CS2223	C4750	geranyl propionate
CS2224	C285	amyl cinnamate
CS2225	C405	cinnamyl isovalerate
CS2226	C591	geranyl butyrate
CS2227	C591	geranyl n-butyrate
CS2228	C3215	benzyl crotonate
CS2229	C73	(Z)-nerolidol
CS2230	C73	d-nerolidol
CS2231	C6916	z-nerolidyl acetate
CS2232	C1130	(Z)-2-heptenal
CS2233	C1185	(Z)-4-decenal
CS2234	C1185	4z-decenal
CS2235	C5530	methyl hexadecenoate
CS2236	C1144	(Z)-2-undecene
CS2237	C1209	(Z)-7-dodecenol
CS2238	C1186	(Z)-4-decenol
CS2239	C914	(E)-6-nonenol
CS2240	C1187	(Z)-4-heptenal
CS2241	C4746	geranyl isovalerate
CS2242	C5115	isogeraniol
CS2243	C2411	4-methyl-4-hepten-3-one
CS2244	C2500	5-hepten-2-one
CS2245	C2515	5-methyl-3-hexen-2-one
CS2246	C906	(E)-3-octenyl acetate
CS2247	C859	(E)-2-decenyl acetate
CS2248	C904	(E)-3-octen-2-one
CS2249	C904	3-octen-2-one
CS2250	C547	ethyl oleate
CS2251	C515	dodecenyl acetate
CS2252	C1162	(Z)-3-hexenyl acetate
CS2253	C1013	(E)-nerolidyl acetate
CS2254	C1013	nerolidyl acetate
CS2255	C1199	(Z)-5-decenyl acetate
CS2256	C6543	thunbergol
CS2257	C2712	9-hexacosene
CS2258	C2438	4-oxo-beta-ionone
CS2259	C4511	ethyl (E)-2-octenoate
CS2260	C5468	methyl (E)-2-hexenoate
CS2261	C903	(E)-3-nonene
CS2262	C2664	8-dodecenol
CS2263	C1214	(Z)-9-tetradecenal
CS2264	C2256	3-octen-1-ol
CS2265	C2256	3-octenol
CS2266	C1301	(Z)-octadec-9-enal
CS2267	C5480	methyl (Z)-9-octadecenoate
CS2268	C5480	methyl (Z)-9-oleate
CS2269	C5480	methyl oleate
CS2270	C2665	8-heptadecene
CS2271	C1126	(Z)-2-dodecene
CS2272	C897	(E)-3-hepten-2-one
CS2273	C897	3-hepten-2-one
CS2274	C212	9-octadecene
CS2275	C2490	5-eicosene
CS2276	C1178	(Z)-3-nonenol
CS2277	C885	(E)-2-pentenal
CS2278	C885	pent-2-enal
CS2279	C885	pentenal
CS2280	C4509	ethyl (E)-2-hexenoate
CS2281	C3524	butyl angelate
CS2282	C1141	(Z)-2-pentenol
CS2283	C886	(E)-2-pentenol
CS2284	C886	2-pentenol
CS2285	C879	(E)-2-nonen-1-ol
CS2286	C879	2-nonene-1-ol
CS2287	C9	(E)-2-decenol
CS2288	C9	2-decenol
CS2289	C1174	(Z)-3-hexenyl propanoate
CS2290	C4752	geranyl valerate
CS2291	C4747	geranyl linalool
CS2292	C4747	geranyllinalool
CS2293	C3895	cis-farnesal
CS2294	C1819	2-methyl-2-pentenoic acid
CS2295	C736	methyl geranate
CS2296	C736	methyl geraniate
CS2297	C5553	methyl nerate
CS2298	C5553	methyl nerolate
CS2299	C5770	neryl propionate
CS2300	C5766	neryl isobutyrate
CS2301	C4742	geranyl caproate
CS2302	C4742	geranyl hexanoate
CS2303	C4742	neryl caproate
CS2304	C3527	butyl crotonate
CS2305	C938	(E)-beta-damascenone
CS2306	C938	beta-damascenone
CS2307	C6384	sesquirosefuran
CS2308	C2271	3-pentene-2-ol
CS2309	C4924	hotrienol
CS2310	C1816	2-methyl-2-butenol
CS2311	C4535	ethyl linolenate
CS2312	C1210	(Z)-9-hexadecenol
CS2313	C1170	(Z)-3-hexenyl isovalerate
CS2314	C1170	(Z)-3-hexenyl isovalerate
CS2315	C1170	cis-3-hexenyl isovalerate
CS2316	C1175	(Z)-3-hexenyl valerate
CS2317	C1173	(Z)-3-hexenyl phenylacetate
CS2318	C55	(Z)-3-hexenyl benzoate
CS2319	C55	cis-3-hexenylbenzoate
CS2320	C6252	propyl tiglate
CS2321	C3790	cinnamyl tiglate
CS2322	C596	geranyl tiglate
CS2323	C5473	methyl (E)-dec-2-enoate
CS2324	C5836	ocimenol
CS2325	C225	allo-ocimene
CS2326	C225	alloocimene
CS2327	C225	trans-allo-ocimene
CS2328	C79	(Z)-tagetone
CS2329	C2435	4-octen-3-one
CS2330	C2265	3-oxo-alpha-ionol
CS2331	C4142	davana ether
CS2332	C6713	trans-nuciferol
CS2333	C2977	alpha-irone
CS2334	C6935	neo-allo-ocimene
CS2335	C4130	d-Germacrene
CS2336	C3357	beta-ionol
CS2337	C2180	3-methoxycinnamaldehyde
CS2338	C3783	cinerolone
CS2339	C939	(E)-beta-damascone
CS2340	C939	beta-damascone
CS2341	C2493	5-epi-aristolochene
CS2342	C2568	6-methyl-3-hepten-2-one
CS2343	C1222	(Z)-alpha-ocimene
CS2344	C2198	3-methyl-2-octene
CS2345	C883	(E)-2-octenyl acetate
CS2346	C5275	lavandulol
CS2347	C6921	zerumbone
CS2348	C911	(E)-4-decenal
CS2349	C34	(E)-ligustilide
CS2350	C594	geranyl isobutyrate
CS2351	C2167	3-hexenyl formate
CS2352	C4749	geranyl octanoate
CS2353	C30	(E)-citronellyl tiglate
CS2354	C6680	trans-isolongifolanone
CS2355	C6557	thymoquinol dimethylether
CS2356	C1139	(Z)-2-octenal
CS2357	C4279	dihydroagarofuran
CS2358	C5364	lyratyl acetate
CS2359	C7156	verbenene
CS2360	C3763	cedroxide
CS2361	C442	cis-sabinene hydrate acetate
CS2362	C445	cis-verbenyl acetate
CS2363	C5322	linalool oxide acetate (pyranoid)
CS2364	C5322	trans-linalool oxide acetate (pyranoid)
CS2365	C6756	trans-sabinene hydrate acetate
CS2366	C3167	artedouglosia oxide a
CS2367	C3166	artedouglasia oxide c
CS2368	C1006	(E)-linalool oxide (pyranoid)
CS2369	C7129	trans-pinene hydrate
CS2370	C4298	dihydroedulan ii
CS2371	C4298	dihydroedulan ii
CS2372	C5244	khusimone
CS2373	C4466	eremophyllene
CS2374	C7142	trans-verbenyl acetate
CS2375	C1016	(E)-nuciferyl acetate
CS2376	C1016	n-nuciferyl acetate
CS2377	C43	(E)-tagetenone
CS2378	C78	(Z)-tagetenone
CS2379	C6342	selin-11-en-4-ol
CS2380	C4009	cis-sesquisabinene hydrate
CS2381	C3495	bornyl angelate
CS2382	C1652	11-selinen-4-ol
CS2383	C3496	bornyl benzoate
CS2384	C6194	pinocampheol
CS2385	C1293	(Z)-methyl cinnamate
CS2386	C1293	methyl (Z)-cinnamate
CS2387	C4006	cis-sabinyl acetate
CS2388	C227	alpha-alaskene
CS2389	C6930	zonarene
CS2390	C6186	phytol acetate
CS2391	C3915	cis-linalool oxide (pyranoid)
CS2392	C1131	(Z)-2-hexenal
CS2393	C884	(E)-2-pentadecenal
CS2394	C6277	rosefuran epoxide
CS2395	C5114	isogeranial
CS2396	C2169	3-hydroxy-4-phenyl-2-butanone
CS2397	C6540	thujopsadiene
CS2398	C1620	10-epi-eudesmol
CS2399	C1257	(Z)-cinnamaldehyde
CS2400	C7111	trans-calamenene
CS2401	C4147	davanone b
CS2402	C5767	neryl isovalerate
CS2403	C7136	trans-sabinol
CS2404	C1251	(Z)-calamenene
CS2405	C1251	calamenene
CS2406	C1251	cis-calamenene
CS2407	C1632	10-nor-calamenen-10-one
CS2408	C4798	gleenol
CS2409	C1808	2-methoxy-6-methylacetophenone
CS2410	C5550	methyl myrtenate
CS2411	C6670	trans-epoxyocimene
CS2412	C5091	isocedrol
CS2413	C3837	cis-bejarol
CS2414	C1015	(E)-nuciferal
CS2415	C39	(E)-nuciferol
CS2416	C1017	(E)-nuciferyl formate
CS2417	C74	(Z)-nuciferal
CS2418	C5647	myrtenyl formate
CS2419	C6613	trans-anhydrolinalool oxide
CS2420	C6619	trans-ascaridole
CS2421	C2705	9-epi-(E)-caryophyllene
CS2422	C1255	(Z)-caryophyllene
CS2423	C1255	9-epi-caryophyllene
CS2424	C919	(E)-alpha-bergamotene
CS2425	C919	trans-alpha-Bergamotene
CS2426	C1311	(Z)-salvene
CS2427	C1311	cis-2-methyl-3-methylenehept-5-ene
CS2428	C1035	(E)-salvene
CS2429	C1035	salvene
CS2430	C1035	trans-2-methyl-3-methylenehept-5-ene
CS2431	C4174	dehydroionene
CS2432	C5888	oplopenone
CS2433	C4772	germacren-4-ol
CS2434	C2149	3-dodecenal
CS2435	C7137	trans-sabinyl acetate
CS2436	C559	exo-fenchyl acetate
CS2437	C2710	9-heptacosene
CS2438	C2720	9-nonacosene
CS2439	C2724	9-pentacosene
CS2440	C2725	9-tetracosene
CS2441	C4428	epi-cedrane
CS2442	C5625	muuroladiene
CS2443	C3165	arteannuic alcohol
CS2444	C3165	cis-arteannuic alcohol
CS2445	C1388	1-endo-bourbonanol
CS2446	C105	10-epi-gamma-eudesmol
CS2447	C105	10-epi-gamma-eudesmol
CS2448	C1295	(Z)-methyl jasmonate
CS2449	C3765	cembrene
CS2450	C6027	p-mentha-3-en-8-ol
CS2451	C3992	cis-piperitone epoxide
CS2452	C4163	dehydro-sesquicineole
CS2453	C7131	trans-piperitone oxide
CS2454	C6110	pentyl 2-methyl-2-butenoate
CS2455	C5635	myrcenone
CS2456	C5635	myrcenone
CS2457	C5757	neryl-n-heptanoate
CS2458	C5757	neryl heptanoate
CS2459	C1307	(Z)-phytol
CS2460	C1307	cis-phytol
CS2461	C6892	vulgarone
CS2462	C6715	trans-ocimenol
CS2463	C3080	alpha-cedrene
CS2464	C3080	alpha-cedrene
CS2465	C705	linalool propanoate
CS2466	C3870	cis-chrysanthenyl acetate
CS2467	C6758	trans-sabinenehydrate
CS2468	C575	gamma-eudesmol
CS2469	C575	selinenol
CS2470	C1659	13-epi-manoyl oxide
CS2471	C1659	epi-13-manoyl oxide
CS2472	C1659	manoyl oxide
CS2473	C1659	manoyl oxide
CS2474	C6903	ylangene
CS2475	C4276	dihydroactinidolide
CS2476	C213	abietatriene
CS2477	C213	ar-abietatriene
CS2478	C7115	trans-chrysanthemal
CS2479	C5134	isomenthyl acetate
CS2480	C616	hedycaryol
CS2481	C1004	(E)-linalool oxide
CS2482	C1004	(E)-linalool oxide
CS2483	C1004	linalool oxide a
CS2484	C1004	trans-linalool oxide
CS2485	C1004	trans-linalool oxide (furanoid)
CS2486	C1004	trans-linalool oxide (furanoid)
CS2487	C4638	fragranol
CS2488	C6683	trans-isopulegone
CS2489	C573	gamma-elemene
CS2490	C570	gamma-cadinene
CS2491	C5353	longiborneol
CS2492	C1040	(E)-thujone
CS2493	C4575	eudesm-7(11)-en-4-ol
CS2494	C3931	cis-menthone
CS2495	C3670	carvotanacetone
CS2496	C4794	germacrone
CS2497	C5771	neryl valerate
CS2498	C993	(E)-isomyristicin
CS2499	C993	isomyristicin
CS2500	C993	trans-isomyristicin
CS2501	C5268	lantadene a
CS2502	C3134	apritone
CS2503	C588	geranyl 2-methylbutyrate
CS2504	C6271	reduced lantadene a
CS2505	C4894	hexenyl acetate
CS2506	C6840	valerenic acid
CS2507	C7155	valerenal
CS2508	C4085	curdione
CS2509	C4645	furanodienone
CS2510	C5526	methyl hexadecadienoate
CS2511	C5866	octenol
CS2512	C4351	dodecenol
CS2513	C947	(E)-beta-santalol
CS2514	C947	trans-beta-santalol
CS2515	C4735	geranyl-n-heptanoate
CS2516	C4735	geranyl heptanoate
CS2517	C341	beta-gurjunene
CS2518	C341	beta-gurjunene
CS2519	C6887	vitispirane
CS2520	C6434	solanone
CS2521	C3075	alpha thujene
CS2522	C5220	junenol
CS2523	C2950	alpha-cyperone
CS2524	C6708	trans-myrtanol
CS2525	C6387	Sesquiterpene
CS2526	C3908	cis-lanceol
CS2527	C946	(E)-beta-ocimene epoxide
CS2528	C946	(E)-myroxide
CS2529	C5720	neo-isopulegol
CS2530	C4429	epi-cedrol
CS2531	C3831	cis-alpha-santalol
CS2532	C3403	beta-santalol
CS2533	C3403	cis-beta-santalol
CS2534	C3182	avocadenofuran
CS2535	C3185	avocadynofuran
CS2536	C3237	beta-elemene
CS2537	C3237	beta-elemene
CS2538	C3237	beta-elemene
CS2539	C6648	trans-carvyl acetate
CS2540	C338	beta-fenchol
CS2541	C338	beta-fenchyl alcohol
CS2542	C338	exo-fenchol
CS2543	C6332	sclareol oxide
CS2544	C1032	(E)-rose oxide
CS2545	C1032	trans-rose oxide
CS2546	C531	epi-globulol
CS2547	C3758	cedrane
CS2548	C4464	eremophilane
CS2549	C598	germacrene a
CS2550	C2812	aliphatics
CS2551	C7154	valencene
CS2552	C6845	valerianol
CS2553	C824	(3Z)-hexenol
CS2554	C3996	cis-pulegol
CS2555	C315	beta-bisabolene
CS2556	C2390	4-isopropylsalicylaldehyde
CS2557	C2376	4-hydroxy-beta-ionone
CS2558	C789	(+)-beta-pinene
CS2559	C3061	alpha-cadinol
CS2560	C3061	alpha-cadinol
CS2561	C3061	alpha-cadinol
CS2562	C5095	isocurcumenol
CS2563	C6985	oplopanone
CS2564	C4943	humulene epoxide ii
CS2565	C4943	humulene epoxide ii
CS2566	C4943	humulene oxide ii
CS2567	C205	7-epi-alpha-selinene
CS2568	C6643	trans-calamenen-10-ol
CS2569	C3137	ar-curcumen-15-al
CS2570	C272	alpha-selinene
CS2571	C272	alpha-selinene
CS2572	C3090	ambrox
CS2573	C646	hinesol
CS2574	C794	(+)-sabinene
CS2575	C794	alpha-sabinene
CS2576	C352	beta-santalene
CS2577	C1658	13-epi-manool
CS2578	C758	(-)-alloaromadendrene
CS2579	C791	(+)-ledene
CS2580	C791	ledene
CS2581	C791	viridiflorene
CS2582	C5379	maaliol
CS2583	C3326	beta-elemenone
CS2584	C4363	drimenal
CS2585	C5292	liguloxide
CS2586	C6991	patchouli alcohol
CS2587	C5121	isoitalicene
CS2588	C5000	iso-isopulegol
CS2589	C5832	occidol
CS2590	C4283	dihydroartemisinic acid
CS2591	C1243	(Z)-beta-santalol
CS2592	C5470	methyl (E)-2-octenoate
CS2593	C783	(-)-sabinene
CS2594	C6143	pethybrene
CS2595	C60	(Z)-alpha-santalol
CS2596	C787	(+)-aromadendrene
CS2597	C527	epi-beta-santalene
CS2598	C323	beta-cedrene
CS2599	C3913	cis-linalool oxide
CS2600	C3913	linalool oxide b
CS2601	C3141	ar-himachalene
CS2602	C5128	isolongifolene
CS2603	C3069	alpha-zingiberene
CS2604	C3069	alpha-zingiberene
CS2605	C3069	alpha-zingiberene
CS2606	C5827	occidentalol
CS2607	C5009	isoabienol
CS2608	C4065	cubebol
CS2609	C4065	cubebol
CS2610	C7139	trans-theaspirane
CS2611	C7139	trans-theaspirane
CS2612	C4918	hinesene
CS2613	C691	kessane
CS2614	C6331	sclarene
CS2615	C6510	tetrahydroaplotaxene
CS2616	C5385	mayurone
CS2617	C2203	3-methyl-3-butenal
CS2618	C1119	(Z)-1-propenyl sec-butyl disulfide
CS2619	C4165	dehydroabietal
CS2620	C1367	1-bisabolone
CS2621	C6326	sativene
CS2622	C2972	alpha-himachalene
CS2623	C4448	epiglobulol
CS2624	C4058	cryptomerione
CS2625	C1147	(Z)-3-dodecenoic acid
CS2626	C6575	torreyol
CS2627	C7161	viridiflorol
CS2628	C530	epi-cubenol
CS2629	C4838	heneicosanal
CS2630	C1238	(Z)-beta-ionone
CS2631	C3862	cis-carvotanacetol
CS2632	C4017	cis-totarol
CS2633	C4536	ethyl methylthioacetate
CS2634	C7104	trans-beta-bergamotene
CS2635	C3254	beta-bergamotene
CS2636	C1668	14-hydroxy-9-epi-caryophyllene
CS2637	C835	(-)-epi-beta-bisabolol
CS2638	C835	epi-beta-bisabolol
CS2639	C835	epi-beta-bisabolol
CS2640	C4401	endo-1-bourbonanol
CS2641	C3268	beta-bulnesene
CS2642	C4823	guaioxide
CS2643	C3269	beta-cadinol
CS2644	C5079	isocalamendiol
CS2645	C237	alpha-calacorene
CS2646	C3304	beta-costol
CS2647	C2623	7-epi-alpha-eudesmol
CS2648	C2358	4-epi-cubebol
CS2649	C4709	gamma-curcumene
CS2650	C4709	gamma-curcumene
CS2651	C5203	isoshyobunone
CS2652	C6452	sylvestrene
CS2653	C1315	(Z)-thujone
CS2654	C6220	preisocalamendiol
CS2655	C6929	zizanene
CS2656	C3078	alpha-muurolene
CS2657	C3078	alpha-muurolene
CS2658	C3078	muurolene
CS2659	C235	alpha-cadinene
CS2660	C2863	alpha-amyrenone
CS2661	C4126	cyperotundone
CS2662	C470	Cyperene
CS2663	C1234	(Z)-beta-damascenone
CS2664	C4355	dolabradiene
CS2665	C491	delta-elemene
CS2666	C4465	eremophilene
CS2667	C4632	filifolone
CS2668	C584	geijerene
CS2669	C5130	isolongifolol
CS2670	C5614	mustakone
CS2671	C577	gamma-muurolene
CS2672	C6313	sandaracopimarinol
CS2673	C5036	isoascaridole
CS2674	C6754	trans-pulegol
CS2675	C6275	rimuene
CS2676	C6598	trans-4-thujanol
CS2677	C6776	trans-sabinene hydrate
CS2678	C6776	trans-sabinene hydrate
CS2679	C6776	trans-sabinene hydrate
CS2680	C4023	cis-sabinene hydrate
CS2681	C4023	cis-sabinene hydrate
CS2682	C4023	cis-sabinene hydrate
CS2683	C443	cis-sabinol
CS2684	C354	beta-sesquiphellandrene
CS2685	C4988	ipsenone
CS2686	C4520	ethyl 5-hydroxyhexanoate
CS2687	C786	(+)-alpha-thujene
CS2688	C2797	acorenone
CS2689	C6751	trans-piperitone epoxide
CS2690	C5204	isothujanol
CS2691	C5764	neryl hexanoate
CS2692	C5961	p-menth-1-en-7-ol
CS2693	C2516	5-methyl-5-hepten-2-one
CS2694	C1730	2-decylfuran
CS2695	C1744	2-ethyl-3-methylnaphthalene
CS2696	C3482	bisabolol oxide a
CS2697	C4647	furanogermenone
CS2698	C6925	zingiberenol
CS2699	C4302	dihydroencecalin
CS2700	C3962	cis-p-menth-2-en-7-ol
CS2701	C780	(-)-spathulenol
CS2702	C780	(-)-spathulenol
CS2703	C780	(-)-spathulenol
CS2704	C1608	10-acetoxyneryl acetate
CS2705	C179	3-thujopsanone
CS2706	C359	bicyclogermacrene
CS2707	C359	bicyclogermacrene
CS2708	C76	(Z)-p-menth-2-en-1-ol
CS2709	C76	cis-p-menth-2-ene-1-ol
CS2710	C76	cis-p-mentha-2-en-1-ol
CS2711	C76	cis-para-menth-2-en-1-ol
CS2712	C76	cis-para-menth-2-ene-1-ol
CS2713	C6412	silphin-1-ene
CS2714	C5164	isopimaradiene
CS2715	C5774	nezukol
CS2716	C3442	beta-curcumene
CS2717	C3442	beta-curcumene
CS2718	C3442	beta-curcumene
CS2719	C4856	hepten-2-ol
CS2720	C2868	alpha-barbatene
CS2721	C4686	gamma-humulene
CS2722	C4669	gamma-calacorene
CS2723	C3377	beta-oplopenone
CS2724	C685	isospathulenol
CS2725	C4124	cyperol
CS2726	C2550	6-camphenone
CS2727	C771	(-)-italicene ether
CS2728	C771	(-)-italicene ether
CS2729	C771	italicene ether
CS2730	C2501	5-hydroxy-p-menth-6-en-2-one
CS2731	C3253	beta-barbatene
CS2732	C4333	dipropyl pentasulfide
CS2733	C5565	methyl perillate
CS2734	C6406	sibirene
CS2735	C4079	curcumanolide a
CS2736	C4083	curcumol
CS2737	C5918	p-coumaryl acetate
CS2738	C7034	premnaspirodiene
CS2739	C875	(E)-2-methyl-2-butenyl angelate
CS2740	C3424	beta-vetivenene
CS2741	C4990	ishwarane
CS2742	C3055	alpha-turmerone
CS2743	C4240	deodarone
CS2744	C72	(Z)-myroxide
CS2745	C660	isobazzanene
CS2746	C2458	4(14)-salvialen-1-one
CS2747	C3439	beta farnesene
CS2748	C3439	E-beta-farnesene
CS2749	C3401	beta-santaldiol
CS2750	C2805	albene
CS2751	C605	germacrene-b
CS2752	C1285	(Z)-lanceol
CS2753	C5269	lantadene b
CS2754	C4828	gurjunene
CS2755	C256	alpha-gurjunene
CS2756	C6341	Selin-11-en-4alpha-ol
CS2757	C2495	5-epi-paradisol
CS2758	C4985	intermedeol
CS2759	C4166	dehydroabietol
CS2760	C5970	p-menth-2-en-8-ol
CS2761	C6888	vitispirane a
CS2762	C5214	italicene
CS2763	C4634	flavesone
CS2764	C2813	alismol
CS2765	C1163	(Z)-3-hexenyl angelate
CS2766	C6709	trans-myrtanyl acetate
CS2767	C5230	kaurene
CS2768	C3510	bulnesene
CS2769	C2655	8-acetoxylinalool
CS2770	C3983	cis-pinane
CS2771	C2178	3-mercaptohexylacetate
CS2772	C6157	phenoxy ethanol
CS2773	C2214	3-methylamyl methacrylate
CS2774	C1036	(E)-sesquisabinene hydrate
CS2775	C1036	sesquisabinene hydrate
CS2776	C1036	trans-sesquisabinene hydrate
CS2777	C5979	p-menth-6-en-3-one
CS2778	C6219	pregeijerene
CS2779	C4463	eremoligenol
CS2780	C3834	cis-arbusculone
CS2781	C7053	santolinyl acetate
CS2782	C2803	agarospirol
CS2783	C6165	phenyl ethyl butyrate
CS2784	C3494	bornyl 2-methylbutyrate
CS2785	C4316	dimethoxycoumarin
CS2786	C1754	2-ethylhexenol
CS2787	C3724	caryophylladienol i
CS2788	C6805	trimethylindoline
CS2789	C5841	octadecadienyl acetate
CS2790	C4901	hexyl angelate
CS2791	C4933	humulene epoxide
CS2792	C4933	humulene oxide
CS2793	C4933	humulene oxide i
CS2794	C1849	2-methylbutylacetate
CS2795	C663	isobornyl formate
CS2796	C663	isobornyl formate
CS2797	C6395	sh1
CS2798	C5119	isohumulene
CS2799	C7103	trans-alpha-bisabolene
CS2800	C4955	hydroxy calamenene
CS2801	C6385	sesquisabinene
CS2802	C4203	delta-cuprenene
CS2803	C3364	beta-longipinene
CS2804	C7041	rotundene
CS2805	C357	beta-ylangene
CS2806	C4781	germacrene c
CS2807	C229	alpha-aromadendrene
CS2808	C223	allo-aromadendrene
CS2809	C223	allo-aromadendrene
CS2810	C7049	salvial-4(14)-en-1-one
CS2811	C7049	salvial-4(14)-en-1-one
CS2812	C6181	phyllocladanol
CS2813	C4303	dihydroeudesmol
CS2814	C6182	phyllocladene
CS2815	C6413	silphinene
CS2816	C5098	isocyperol
CS2817	C3022	alpha-santaldiol
CS2818	C6920	zedoarol
CS2819	C1619	10-epi-cubebol
CS2820	C6038	p-menthadienol
CS2821	C6391	sesquithujene
CS2822	C540	ethyl dodecenoate
CS2823	C6100	pentadecenoic acid
CS2824	C358	bicycloelemene
CS2825	C2631	7-epi-sesquithujene
CS2826	C1207	(Z)-6-pentadecen-2-one
CS2827	C3302	beta-copaene
CS2828	C3302	beta-copaene
CS2829	C5118	isohibaene
CS2830	C5124	isoleptospermone
CS2831	C4472	estragole (methyl chavicol)
CS2832	C7075	terpinen-4-ol acetate
CS2833	C1380	1-cyclohexenylmethylketone
CS2834	C5409	menthyl chavicol
CS2835	C6615	trans-arbusculone
CS2836	C244	alpha-copaene
CS2837	C244	alpha-copaene
CS2838	C244	alpha-copaene
CS2839	C244	copaene
CS2840	C5840	octadecadienol
CS2841	C3985	cis-pinene
CS2842	C6321	santalone
CS2843	C5897	oxidohimachalene
CS2844	C6272	reduced lantadene b
CS2845	C197	6-hydroxycarvotanacetone
CS2846	C5848	octadienyl formate
CS2847	C5099	isodaucene
CS2848	C6893	vulgarone a
CS2849	C776	(-)-pacifigorgiol
CS2850	C2632	7-epi-silphiperfol-5-ene
CS2851	C5051	isobornyl isovalerate
CS2852	C1960	2-propenylpropyltrisulfide
CS2853	C5358	longifolol
CS2854	C2196	3-methyl-2-butenylacetate
CS2855	C3132	apodophyllone
CS2856	C6461	teresantalal
CS2857	C5768	neryl methacrylate
CS2858	C877	(E)-2-methyl-2-butenyl methacrylate
CS2859	C4630	filifolide a
CS2860	C3885	cis-dihydroagarofuran
CS2861	C3360	beta-isocomene
CS2862	C6741	trans-pinane
CS2863	C876	(E)-2-methyl-2-butenyl isobutyrate
CS2864	C6841	valerenol
CS2865	C3485	bisabolone oxide a
CS2866	C850	(E)-1-propenyl sec-butyl disulfide
CS2867	C4061	cubeban-11-ol
CS2868	C689	italicene epoxide
CS2869	C399	caryophyllenyl alcohol
CS2870	C4116	cycloseychellene
CS2871	C4127	cyprotene
CS2872	C606	germacrene-d
CS2873	C606	isogermacrene d
CS2874	C6231	prezizaene
CS2875	C6090	patchoulene
CS2876	C3675	caryolan-8-ol
CS2877	C3848	cis-cadin-4-en-7-ol
CS2878	C6691	trans-longipinanol
CS2879	C4438	epi-longipinanol
CS2880	C4012	cis-threo-davanafuran
CS2881	C4297	dihydroedulan i
CS2882	C5246	khusinol acetate
CS2883	C6226	presilphiperfol-7-ene
CS2884	C4168	dehydroaromadendrene
CS2885	C224	allo-aromadendrene epoxide
CS2886	C3116	anastreptene
CS2887	C528	epi-bicyclosesquiphellandrene
CS2888	C1651	11-norbourbonan-1-one
CS2889	C7098	torilenol
CS2890	C4063	cubebene
CS2891	C5355	longicamphenylone
CS2892	C6875	viridifloral
CS2893	C1039	(E)-sesquithujene-12-ol
CS2894	C4832	helifolen-12-al
CS2895	C7166	y-curcumenal
CS2896	C2498	5-guaiene-11-ol
CS2897	C4926	humuladienol
CS2898	C6228	presilphiperfolan-8-ol
CS2899	C6422	silphiperfol-6-ene
CS2900	C6416	silphiperfol-5-en-3-ol a
CS2901	C6417	silphiperfol-5-en-3-ol b
CS2902	C1690	15-nor-labdan-8-ol
CS2903	C1623	10-epi-italicene ether
CS2904	C6328	savial-4(14)-en-1-one
CS2905	C6087	paradisiol
CS2906	C832	(-) italicene ether
CS2907	C1037	(E)-sesquithujen-12-al
CS2908	C4837	helifolen-15-al
CS2909	C2461	4(15)-dehydroglobulol
CS2910	C3613	campherenol
CS2911	C5081	isocalamenediol
CS2912	C4573	eudesm-3-en-7-ol
CS2913	C3633	capnellane-8-one
CS2914	C392	caryophylladienol
CS2915	C5209	isotorquatone
CS2916	C2554	6-epi-cubenol
CS2917	C6863	verboccidentafuran
CS2918	C360	bicyclovetivenol
CS2919	C1282	(Z)-isomyristicin
CS2920	C4388	elemenal
CS2921	C5139	isomustakone
CS2922	C6891	vulgarol b
CS2923	C374	calamusenone
CS2924	C5240	khusian-2-ol
CS2925	C3117	androencecalinol
CS2926	C1654	12-nor-caryophyll-5-en-2-one
CS2927	C508	dimyrcene ii-a
CS2928	C3857	cis-calamenen-10-ol
CS2929	C3505	bourbon-11-ene
CS2930	C4574	eudesm-4(15)-ene-6-ol
CS2931	C1041	(E)-thujopsene
CS2932	C5113	isogeijerene
CS2933	C5599	mintoxide
CS2934	C6392	sesquithuriferol
CS2935	C452	clovenol
CS2936	C3777	chrysanthenone epoxide
CS2937	C6421	silphiperfol-6-en-5-one
CS2938	C3886	cis-dihydrocarveol
CS2939	C1609	10-acetoxyneryl isobutyrate
CS2940	C6562	thymyl methacrylate
CS2941	C5321	linalool oxide acetate
CS2942	C371	cadinol
CS2943	C4436	epi-laurenene
CS2944	C5031	isoaromadendrene
CS2945	C1250	(Z)-calacorene
CS2946	C1394	1-epi-cubebol
CS2947	C529	epi-cubebol
CS2948	C2764	abienol
CS2949	C5034	isoaromadendrene oxide
CS2950	C5200	isorotundene
CS2951	C5221	junicedranol
CS2952	C2555	6-epi-shyobunone
CS2953	C6305	salviadienol
CS2954	C4983	indipone
CS2955	C4927	humuladienone
CS2956	C3400	beta-santalal
CS2957	C3365	beta-maaliene
CS2958	C5825	occidenol
CS2959	C4572	eudesm-3-en-6-ol
CS2960	C4682	gamma-eudesmol acetate
CS2961	C250	alpha-eudesmol acetate
CS2962	C1715	2-butenyl angelate
CS2963	C3183	avocadienofuran
CS2964	C4621	faurinone
CS2965	C4218	delta-patchoulene
CS2966	C2489	5-cedranone