Compound_identifier	original_name	clean_name	cid
C214	acetate	acetate	175
C215	acetic acid	acetic acid	176
C2776	acetaldehyde	acetaldehyde	177
C170	3-hydroxy-2-butanone	3-hydroxy-2-butanone	179
C2780	acetone	acetone	180
C298	benzaldehyde	benzaldehyde	240
C3196	benzene	benzene	241
C3201	benzoic acid	benzoic acid	243
C302	benzyl alcohol	benzyl alcohol	244
C3516	butanal	butanal	261
C1369	1-butanol	1-butanol	263
C3544	butyric acid	butyric acid	264
C454	coumarin	coumarin	323
C459	cumin alcohol	cumin alcohol	325
C460	cumin aldehyde	cumin aldehyde	326
C1806	2-methoxy-4-vinylphenol	2-methoxy-4-vinylphenol	332
C1878	2-methylphenol	2-methylphenol	335
C6299	salicylic acid	salicylic acid	338
C717	m-cresol	m-cresol	342
C5683	n-octane	n-octane	356
C3635	caprylic acid	caprylic acid	379
C6959	n-octanal	n-octanal	454
C1811	2-methoxyphenol	2-methoxyphenol	460
C4251	dibenzofuran	dibenzofuran	568
C4246	diacetyl	diacetyl	650
C4292	dihydrocoumarin	dihydrocoumarin	660
C4321	dimethyl sulfoxide	dimethyl sulfoxide	679
C2807	alcohol	alcohol	702
C4637	formamide	formamide	713
C4954	hydroquinone	hydroquinone	785
C119	1-h-indole	1-h-indole	798
C5415	methanethiol	methanethiol	878
C6933	naphthalene	naphthalene	931
C6956	ni	ni	935
C123	1-octanol	1-octanol	957
C4875	hexadecanal	hexadecanal	984
C627	hexadecanoic acid	hexadecanoic acid	985
C6147	phenanthrene	phenanthrene	995
C6150	phenol	phenol	996
C1929	2-phenylacetaldehyde	2-phenylacetaldehyde	998
C6160	phenyl acetic acid	phenyl acetic acid	999
C1471	1-propanol	1-propanol	1031
C6237	propanoic acid	propanoic acid	1032
C6267	pyridine	pyridine	1049
C4320	dimethyl sulfide	dimethyl sulfide	1068
C6571	toluene	toluene	1140
C6850	vanillin	vanillin	1183
C720	menthol	menthol	1254
C6134	perillic acid	perillic acid	1256
C2783	acetovanillone	acetovanillone	2214
C303	benzyl benzoate	benzyl benzoate	2345
C3222	benzyl isothiocyanate	benzyl isothiocyanate	2346
C311	bergapten	bergapten	2355
C378	camphor	camphor	2537
C117	1-hexadecanol	1-hexadecanol	2682
C1604	1.8-cineole	1.8-cineole	2758
C2429	4-methylphenol	4-methylphenol	2879
C3634	capric acid	capric acid	2969
C3537	butyl phthalate	butyl phthalate	3026
C3203	benzophenone	benzophenone	3102
C557	eugenol	eugenol	3314
C612	guaiazulene	guaiazulene	3515
C3416	beta-thujaplicin	beta-thujaplicin	3611
C5177	isopropanol	isopropanol	3776
C513	dodecanoic acid	dodecanoic acid	3893
C741	methyl salicylate	methyl salicylate	4133
C751	myristicin	myristicin	4276
C5912	p-benzoquinone	p-benzoquinone	4650
C6296	safrol	safrol	5144
C6975	octadecanoic acid	octadecanoic acid	5281
C6791	tribromomethane	tribromomethane	5558
C155	2-phenethyl alcohol	2-phenethyl alcohol	6054
C633	hexanal	hexanal	6184
C1458	1-pentanol	1-pentanol	6276
C1815	2-methyl-2-butanol	2-methyl-2-butanol	6405
C362	bornyl acetate	bornyl acetate	6448
C707	linalyl isobutyrate	linalyl isobutyrate	6532
C2978	alpha-isophorone	alpha-isophorone	6544
C6512	tetrahydrolinalool	tetrahydrolinalool	6548
C5311	linalol	linalol	6549
C1814	2-methyl-1-propanol	2-methyl-1-propanol	6560
C1879	2-methylpropanal	2-methylpropanal	6561
C137	2-butanol	2-butanol	6568
C1714	2-butanone	2-butanone	6569
C2140	3-buten-2-one	3-buten-2-one	6570
C6793	triclene	triclene	6575
C727	methyl acetate	methyl acetate	6584
C1880	2-methylpropanoic acid	2-methylpropanoic acid	6590
C376	camphene	camphene	6616
C2849	alpha- pinene	alpha-pinene	6654
C2774	acenaphthene	acenaphthene	6734
C5613	musk ambrette	musk ambrette	6753
C5062	isobutyl phthalate	isobutyl phthalate	6782
C4318	dimethyl anthranilate	dimethyl anthranilate	6826
C5814	o-cumenol	o-cumenol	6943
C340	beta-guaiene	beta-guaiene	6949
C5410	menthyl salicylate	menthyl salicylate	6970
C677	iso-menthone	iso-menthone	6986
C5174	isopiperitone	isopiperitone	6987
C7038	pulegone	pulegone	6988
C5930	p-cymen-3-ol	p-cymen-3-ol	6989
C1758	2-ethylphenol	2-ethylphenol	6997
C6298	salicyladehyde	salicyladehyde	6998
C5551	methyl naphthalene	methyl naphthalene	7002
C1432	1-naphthalenol	1-naphthalenol	7005
C5521	methyl guaiacol	methyl guaiacol	7043
C4150	decahydronaphthalene	decahydronaphthalene	7044
C7039	quinoline	quinoline	7047
C1872	2-methylnaphthalene	2-methylnaphthalene	7055
C4107	cyclohexyl cyclohexane	cyclohexyl cyclohexane	7094
C3472	biphenyl	biphenyl	7095
C6516	thianthrene	thianthrene	7109
C4591	eugenol methyl ether	eugenol methyl ether	7127
C5539	methyl isoeugenol	methyl isoeugenol	7128
C2777	aceteugenol	aceteugenol	7136
C1805	2-methoxy-4-methylphenol	2-methoxy-4-methylphenol	7144
C1470	1-phenylpropanol	1-phenylpropanol	7147
C6239	propiophenone	propiophenone	7148
C730	methyl benzoate	methyl benzoate	7150
C4562	ethylbenxzoate	ethylbenzoate	7165
C3206	Benzoyl acetone	Benzoyl acetone	7166
C4563	ethylbenzoylacetate	ethylbenzoylacetate	7170
C5013	isoamyl benzoate	isoamyl benzoate	7193
C1939	2-phenylethylbenzoate	2-phenylethylbenzoate	7194
C3205	benzothiazole	benzothiazole	7222
C5824	o-xylene	o-xylene	7237
C1843	2-methylbutanal	2-methylbutanal	7284
C2268	3-pentanone	3-pentanone	7288
C733	methyl cyclopentane	methyl cyclopentane	7296
C4665	gamma-butyrolactone	gamma-butyrolactone	7302
C3673	carvyl acetate	carvyl acetate	7335
C4532	ethyl isobutyrate	ethyl isobutyrate	7342
C4534	ethyl lactate	ethyl lactate	7344
C5059	isobutyl isobutyrate	isobutyl isobutyrate	7351
C5070	isobutylmethacrylate	isobutylmethacrylate	7352
C3532	butyl isobutyrate	butyl isobutyrate	7353
C1760	2-furanmethanol	2-furanmethanol	7361
C1759	2-formylfuran	2-formylfuran	7362
C4068	cumene	cumene	7406
C126	1-phenylethanol	1-phenylethanol	7409
C2782	acetophenone	acetophenone	7410
C4103	cyclohexanecarboxylic acid	cyclohexanecarboxylic acid	7413
C6517	thiobenzoic acid	thiobenzoic acid	7414
C385	carveol	carveol	7438
C386	carvone	carvone	7439
C5465	methyl-p-hydroxybenzoate	methyl-p-hydroxybenzoate	7456
C2848	alpha- phellandrene	alpha-phellandrene	7460
C4697	gamma-terpinen	gamma-terpinen	7461
C3035	alpha-terpinen	alpha-terpinen	7462
C4118	cymene	cymene	7463
C183	4-isopropyl phenol	4-isopropyl phenol	7465
C2394	4-methoxy acetophenone	4-methoxy acetophenone	7476
C3123	anisic acid	anisic acid	7478
C4522	ethyl benzene	ethyl benzene	7500
C6450	styrene	styrene	7501
C3202	benzonitrile	benzonitrile	7505
C3125	anisole	anisole	7519
C5567	methyl phenylacetate	methyl phenylacetate	7559
C3473	biphenyl oxide	biphenyl oxide	7583
C1927	2-phenyl ethyl acetate	2-phenyl ethyl acetate	7590
C5025	isoamyl phenylacetate	isoamyl phenylacetate	7600
C1904	2-octylacetate	2-octylacetate	7635
C5447	methyl-3-phenylpropionate	methyl-3-phenylpropionate	7643
C3221	benzyl isobutyrate	benzyl isobutyrate	7646
C3213	benzyl butanoate	benzyl butanoate	7650
C305	benzyl isovalerate	benzyl isovalerate	7651
C157	2-phenylethylacetate	2-phenylethylacetate	7654
C5689	n-propyl benzene	n-propyl benzene	7668
C5496	methyl anisole	methyl anisole	7674
C2402	4-methoxyphenylacetic acid	4-methoxyphenylacetic acid	7690
C1422	1-methoxy-4-propylbenzene	1-methoxy-4-propylbenzene	7702
C4691	gamma-octalactone	gamma-octalactone	7704
C5654	n-butylbenzene	n-butylbenzene	7705
C177	3-phenylpropanal	3-phenylpropanal	7707
C3219	benzyl formate	benzyl formate	7708
C4690	gamma-nonalactone	gamma-nonalactone	7710
C4706	gamma-undecalactone	gamma-undecalactone	7714
C4157	decylbenzene	decylbenzene	7716
C1741	2-ethyl-1-hexanol	2-ethyl-1-hexanol	7720
C2415	4-methylbenzaldehyde	4-methylbenzaldehyde	7725
C5921	p-cresyl methyl ether	p-cresyl methyl ether	7731
C5949	p-diethylbenzene	p-diethylbenzene	7734
C1813	2-methyl-1-pentanol	2-methyl-1-pentanol	7745
C4545	ethyl propanoate	ethyl propanoate	7749
C2249	3-methylvaleric acid	3-methylvaleric acid	7755
C4255	diethyl malonate	diethyl malonate	7761
C4565	ethylbutyrate	ethylbutyrate	7762
C6245	propyl butyrate	propyl butyrate	7770
C2231	3-methylbutyl propanoate	3-methylbutyl propanoate	7772
C1881	2-methylpropyl hexanoate	2-methylpropyl hexanoate	7775
C4041	citronellyl formate	citronellyl formate	7778
C4291	dihydrocitronellol	dihydrocitronellol	7792
C447	citronellal	citronellal	7794
C2225	3-methylbutyl butyrate	3-methylbutyl butyrate	7795
C4529	ethyl heptanoate	ethyl heptanoate	7797
C4541	ethyl octanoate	ethyl octanoate	7799
C539	ethyl dodecanoate	ethyl dodecanoate	7800
C167	3-heptanone	3-heptanone	7802
C6076	p-xylene	p-xylene	7809
C192	5-methyl-3-heptanone	5-methyl-3-heptanone	7822
C5531	methyl hexanoate	methyl hexanoate	7824
C5524	methyl heptanoate	methyl heptanoate	7826
C1910	2-pentanal	2-pentanal	7895
C5535	methyl isobutyl ketone	methyl isobutyl ketone	7909
C5378	m-xylene	m-xylene	7929
C544	ethyl isopentanoate	ethyl isopentanoate	7945
C724	mesitylene	mesitylene	7947
C5591	methylcyclohexane	methylcyclohexane	7962
C2430	4-methylpyridine	4-methylpyridine	7963
C4105	cyclohexanol	cyclohexanol	7966
C467	cyclohexanone	cyclohexanone	7967
C5574	methyl pyrazine	methyl pyrazine	7976
C3534	butyl isovalerate	butyl isovalerate	7981
C3526	butyl butyrate	butyl butyrate	7983
C1692	16-hexadecanolide	16-hexadecanolide	7984
C7004	pentanoic acid	pentanoic acid	7991
C6254	propylacetate	propylacetate	7997
C5687	n-pentane	n-pentane	8003
C4527	ethyl formate	ethyl formate	8025
C6511	tetrahydrofuran	tetrahydrofuran	8028
C2513	5-methyl-2-hexanone	5-methyl-2-hexanone	8034
C5191	isopropyl myristate	isopropyl myristate	8042
C538	ethyl decanoate	ethyl decanoate	8048
C5509	methyl decanoate	methyl decanoate	8050
C1767	2-heptanone	2-heptanone	8051
C5018	isoamyl formate	isoamyl formate	8052
C5672	n-hexane	n-hexane	8058
C6104	pentanal	pentanal	8063
C4526	ethyl disulphide	ethyl disulphide	8077
C466	cyclohexane	cyclohexane	8078
C739	methyl octanoate	methyl octanoate	8091
C153	2-octanone	2-octanone	8093
C4853	heptanoic acid	heptanoic acid	8094
C1409	1-hexanol	1-hexanol	8103
C4540	ethyl octadecanoate	ethyl octadecanoate	8122
C1450	1-octene	1-octene	8125
C1407	1-heptanol	1-heptanol	8129
C624	heptanal	heptanal	8130
C5511	methyl dodecanoate	methyl dodecanoate	8139
C5676	n-nonane	n-nonane	8141
C5855	octanethiol	octanethiol	8144
C5789	nonanoic? acid	nonanoic acid	8158
C4860	heptyl acetate	heptyl acetate	8159
C162	2-undecanone	2-undecanone	8163
C1453	1-octyl acetate	1-octyl acetate	8164
C4154	decyl acetate	decyl acetate	8167
C476	decanol	decanol	8174
C473	decanal	decanal	8175
C5875	octyl formate	octyl formate	8176
C6807	undecanoic acid	undecanoic acid	8180
C5529	methyl hexadecanoate	methyl hexadecanoate	8181
C512	dodecane	dodecane	8182
C4349	dodecene	dodecene	8183
C7152	undecanol	undecanol	8184
C7150	undecanal	undecanal	8186
C1385	1-dodecanol	1-dodecanol	8193
C511	dodecanal	dodecanal	8194
C5559	methyl octadecanoate	methyl octadecanoate	8201
C4352	dodecyl acetate	dodecyl acetate	8205
C5695	n-tridecanol	n-tridecanol	8207
C1483	1-tetradecanol	1-tetradecanol	8209
C3190	behenic acid	behenic acid	8215
C1442	1-octadecane	1-octadecane	8217
C1443	1-octadecanol	1-octadecanol	8221
C517	eicosane	eicosane	8222
C1823	2-methyl-3-buten-2-ol	2-methyl-3-buten-2-ol	8257
C5315	linalool acetate	linalool acetate	8294
C1860	2-methylbutyrate	2-methylbutyrate	8314
C4329	dioctyl phthalate	dioctyl phthalate	8346
C307	benzyl salicylate	benzyl salicylate	8363
C4547	ethyl salicylate	ethyl salicylate	8365
C5380	maltol	maltol	8369
C3127	anthracene	anthracene	8418
C6853	veratraldehyde	veratraldehyde	8419
C4499	ethyl-4-hydroxybenzoate	ethyl-4-hydroxybenzoate	8434
C6209	piperonal	piperonal	8438
C5464	methyl-p-anisate	methyl-p-anisate	8499
C2414	4-methylacetophenone	4-methylacetophenone	8500
C729	methyl anthranilate	methyl anthranilate	8635
C1752	2-ethylhexanoic acid	2-ethylhexanoic acid	8697
C365	butyl benzoate	butyl benzoate	8698
C1842	2-methylbutan-1-ol	2-methylbutan-1-ol	8723
C933	(e)-beta- terpineol	(E)-beta-terpineol	8748
C3211	benzyl acetate	benzyl acetate	8785
C3217	benzyl dodecanoate	benzyl dodecanoate	8791
C3216	benzyl cyanide	benzyl cyanide	8794
C6071	p-tolyl acetate	p-tolyl acetate	8797
C3773	chavicol methyl ether	chavicol methyl ether	8815
C4042	citronellyl propionate	citronellyl propionate	8834
C451	citronellyl butyrate	citronellyl butyrate	8835
C3292	beta-citronellol	beta-citronellol	8842
C4521	ethyl acetate	ethyl acetate	8857
C2410	4-methyl-3-penten-2-one	4-methyl-3-penten-2-one	8858
C634	hexanoic acid	hexanoic acid	8892
C4851	heptane	heptane	8900
C5187	isopropyl hexadecanoate	isopropyl hexadecanoate	8907
C637	hexyl acetate	hexyl acetate	8908
C1437	1-nonanol	1-nonanol	8914
C5795	nonyl acetate	nonyl acetate	8918
C2722	9-octadecenol	9-octadecenol	8927
C5823	o-vanillin	o-vanillin	8991
C2182	3-methoxyphenol	3-methoxyphenol	9007
C2401	4-methoxyphenol	4-methoxyphenol	9015
C450	citronellyl acetate	citronellyl acetate	9017
C2775	acenaphthylene	acenaphthylene	9161
C3200	benzofuran	benzofuran	9223
C297	azulene	azulene	9231
C6266	pyrazine	pyrazine	9261
C4097	cyclododecane	cyclododecane	9268
C6125	perfluorotributylamine	perfluorotributylamine	9397
C6856	verbanol	verbanol	9469
C200	6-methyl-5-hepten-2-one	6-methyl-5-hepten-2-one	9862
C329	beta-cyclocitral	beta-cyclocitral	9895
C2648	7-tridecanone	7-tridecanone	10015
C3504	bornylene	bornylene	10047
C833	(â€“)-alpha-selinene	(-)-alpha-selinene	10123
C6274	retene	retene	10222
C4191	delta-amorphene	delta-amorphene	10223
C366	cadalene	cadalene	10225
C5889	osthol	osthol	10228
C505	dill apiole	dill apiole	10231
C518	elemicin	elemicin	10248
C7095	thymoquinone	thymoquinone	10281
C2159	3-furfural	3-furfural	10351
C3657	carvenone	carvenone	10363
C384	carvacrol	carvacrol	10364
C2267	3-p-menthene	3-p-menthene	10369
C2380	4-hydroxyphenethyl alcohol	4-hydroxyphenethyl alcohol	10393
C448	citronellic acid	citronellic acid	10402
C631	hexahydrofarnesyl acetone	hexahydrofarnesyl acetone	10408
C4111	cyclopentadecanone	cyclopentadecanone	10409
C2221	3-methylbutanoic acid	3-methylbutanoic acid	10430
C6177	phorone	phorone	10438
C5744	neophytadiene	neophytadiene	10446
C5155	isophytol	isophytol	10453
C1780	2-hexen-1-al	2-hexen-1-al	10460
C4846	heptadecanoic acid	heptadecanoic acid	10465
C3144	arachidic acid	arachidic acid	10467
C6502	tetracosanol	tetracosanol	10472
C3178	ascaridol	ascaridol	10545
C5205	isothujol	isothujol	10550
C1958	2-pinen-10-ol	2-pinen-10-ol	10582
C3236	beta- cadinene	beta-cadinene	10657
C3120	angelicin	angelicin	10658
C286	apiole	apiole	10659
C6804	trimethylbenzene	trimethylbenzene	10686
C6982	o-cymene	o-cymene	10703
C403	chamazulene	chamazulene	10719
C6322	santene	santene	10720
C1838	2-methylbenzaldehyde	2-methylbenzaldehyde	10722
C4870	herniarine	herniarine	10748
C1866	2-methylfuran	2-methylfuran	10797
C1424	1-methyl-3-(1-methylethyl)-benzene	1-methyl-3-(1-methylethyl)-benzene	10812
C4293	dihydrocuminyl alcohol	dihydrocuminyl alcohol	10819
C6113	pentyl benzene	pentyl benzene	10864
C4553	ethyl valerate	ethyl valerate	10882
C5065	isobutylbutyrate	isobutylbutyrate	10885
C3104	amyl hexanoate	amyl hexanoate	10886
C6115	pentyl butyrate	pentyl butyrate	10890
C2193	3-methyl-2-butenoic acid	3-methyl-2-butenoic acid	10931
C5612	muscone	muscone	10947
C6508	tetrahydro-2h-pyran-2-one	tetrahydro-2h-pyran-2-one	10953
C750	myrcenol	myrcenol	10975
C143	2-heptanol	2-heptanol	10976
C5023	isoamyl nitrate	isoamyl nitrate	10985
C4871	hex-3-en-1-ol	hex-3-en-1-ol	10993
C465	cycloheptatriene	cycloheptatriene	11000
C5638	myristic acid	myristic acid	11005
C626	hexadecane	hexadecane	11006
C4356	dotriacontane	dotriacontane	11008
C2283	3-thujanone	3-thujanone	11027
C1029	(e)-pinocamphone	(E)-pinocamphone	11038
C5536	methyl isobutyrate	methyl isobutyrate	11039
C5570	methyl propanoate	methyl propanoate	11124
C3426	beta - phellandrene	beta-phellandrene	11142
C738	methyl isovalerate	methyl isovalerate	11160
C2190	3-methyl-2-buten-1-ol	3-methyl-2-buten-1-ol	11173
C188	4-terpineol	4-terpineol	11230
C2199	3-methyl-2-pentanol	3-methyl-2-pentanol	11261
C1877	2-methylpentan-3-one	2-methylpentan-3-one	11265
C4326	dimethylnaphthalene	dimethylnaphthalene	11317
C2133	3-acetylanisole	3-acetylanisole	11460
C3067	alpha -terpinolene	alpha-terpinolene	11463
C582	gamma-terpineol	gamma-terpineol	11467
C1482	1-terpineol	1-terpineol	11468
C2217	3-methylbenzyl alcohol	3-methylbenzyl alcohol	11476
C4331	diphenylamine	diphenylamine	11487
C6063	p-methylbenzyl alcohol	p-methylbenzyl alcohol	11505
C2239	3-methylhexane	3-methylhexane	11507
C2244	3-methylpentan-1-ol	3-methylpentan-1-ol	11508
C2162	3-hexanone	3-hexanone	11509
C2365	4-heptanol	4-heptanol	11513
C5069	isobutylisovalerate	isobutylisovalerate	11514
C3536	butyl octanoate	butyl octanoate	11517
C2238	3-methylheptane	3-methylheptane	11519
C2160	3-heptanol	3-heptanol	11520
C174	3-octanol	3-octanol	11527
C3539	butyl propionate	butyl propionate	11529
C2209	3-methyl-butanal	3-methyl-butanal	11552
C2210	3-methyl-cyclohexanone	3-methyl-cyclohexanone	11567
C1869	2-methylhexane	2-methylhexane	11582
C1777	2-hexanal	2-hexanal	11583
C1867	2-methylheptane	2-methylheptane	11594
C4248	diallyl sulfide	diallyl sulfide	11617
C160	2-tridecanone	2-tridecanone	11622
C5681	n-octadecane	n-octadecane	11635
C619	heptacosane	heptacosane	11636
C2139	3-buten-2-ol	3-buten-2-ol	11716
C2189	3-methyl-2-butanol	3-methyl-2-butanol	11732
C5485	methyl 2-furoate	methyl 2-furoate	11902
C4090	cyanophenol	cyanophenol	11907
C1709	2-aminoacetophenone	2-aminoacetophenone	11952
C4481	ethyl-2-furoate	ethyl-2-furoate	11980
C1460	1-penten-3-ol	1-penten-3-ol	12020
C1962	2-pyrrolidinone	2-pyrrolidinone	12025
C682	isopropyl isobutyrate	isopropyl isobutyrate	12044
C4285	dihydrocarveol	dihydrocarveol	12072
C2511	5-methyl-2-furfural	5-methyl-2-furfural	12097
C1401	1-ethyl-3-methylbenzene	1-ethyl-3-methylbenzene	12100
C2158	3-ethylphenol	3-ethylphenol	12101
C2216	3-methylbenzaldehyde	3-methylbenzaldehyde	12105
C5212	isovanillin	isovanillin	12127
C1402	1-ethyl-4-methylbenzene	1-ethyl-4-methylbenzene	12160
C2161	3-hexanol	3-hexanol	12178
C5499	methyl butanoate	methyl butanoate	12180
C5584	methyl valerate	methyl valerate	12206
C2252	3-nonanol	3-nonanol	12216
C3107	amyl propionate	amyl propionate	12217
C4319	dimethyl disulfide	dimethyl disulfide	12232
C151	2-nitroethanol	2-nitroethanol	12252
C6248	propyl hexanoate	propyl hexanoate	12293
C3530	butyl hexanoate	butyl hexanoate	12294
C2423	4-methylpentan-1-ol	4-methylpentan-1-ol	12296
C1778	2-hexanol	2-hexanol	12297
C4552	ethyl undecanoate	ethyl undecanoate	12327
C3101	amyl acetate	amyl acetate	12348
C541	ethyl hexadecanoate	ethyl hexadecanoate	12366
C1890	2-nonanol	2-nonanol	12367
C4332	dipropyl disulfide	dipropyl disulfide	12377
C5694	n-tridecane	n-tridecane	12388
C5691	n-tetradecane	n-tetradecane	12389
C6969	n-pentadecane	n-pentadecane	12391
C630	hexadecyl acetate	hexadecyl acetate	12393
C118	1-hexadecene	1-hexadecene	12395
C7003	pentadecanol	pentadecanol	12397
C621	heptadecane	heptadecane	12398
C6957	n-nonadecane	n-nonadecane	12401
C618	heneicosane	heneicosane	12403
C4383	eicosanol	eicosanol	12404
C510	docosane	docosane	12405
C5686	n-pentacosane	n-pentacosane	12406
C625	hexacosane	hexacosane	12407
C5680	n-octacosane	n-octacosane	12408
C6960	nonacosane	nonacosane	12409
C4841	hentriacontane	hentriacontane	12410
C7148	tritriacontane	tritriacontane	12411
C4892	hexatriacontane	hexatriacontane	12412
C6108	pentatriacontane	pentatriacontane	12413
C6184	phytan	phytan	12523
C7146	tridecanoic acid	tridecanoic acid	12530
C752	myristyl acetate	myristyl acetate	12531
C5842	octadecanal	octadecanal	12533
C5693	n-tricosane	n-tricosane	12534
C6790	triacontane	triacontane	12535
C2804	ageratochromene	ageratochromene	12565
C6249	propyl isobutyrate	propyl isobutyrate	12571
C2277	3-phenylpropionitrile	3-phenylpropionitrile	12581
C5690	n-tetracosane	n-tetracosane	12592
C657	isoamyl isovalerate	isoamyl isovalerate	12613
C4343	docosanol	docosanol	12620
C4705	gamma-thujaplicin	gamma-thujaplicin	12649
C138	2-decanone	2-decanone	12741
C4684	gamma-hexalactone	gamma-hexalactone	12756
C4216	delta-octalactone	delta-octalactone	12777
C4204	delta-decalactone	delta-decalactone	12810
C4679	gamma-decalactone	gamma-decalactone	12813
C4206	delta-dodecalactone	delta-dodecalactone	12844
C2202	3-methyl-3-buten-1-ol	3-methyl-3-buten-1-ol	12988
C152	2-nonanone	2-nonanone	13187
C127	1-undecene	1-undecene	13190
C5431	methyl-2-methyl butyrate	methyl-2-methyl butyrate	13357
C1874	2-methylnonane	2-methylnonane	13379
C1382	1-decene	1-decene	13381
C5376	m-pyrol	m-pyrol	13387
C2566	6-methyl-2-heptanone	6-methyl-2-heptanone	13572
C2146	3-decanone	3-decanone	13576
C6096	pentadecanoic? acid	pentadecanoic acid	13849
C3218	benzyl ethyl ketone	benzyl ethyl ketone	13879
C2281	3-phenylpyridine	3-phenylpyridine	13886
C1955	2-phenylpyridine	2-phenylpyridine	13887
C6802	tridecylacetate	tridecylacetate	14071
C6555	thymol? methyl? ether	thymol methyl ether	14104
C641	hexyl octanoate	hexyl octanoate	14228
C1725	2-decanol	2-decanol	14254
C4345	dodecanamide	dodecanamide	14256
C6970	n-undecane	n-undecane	14257
C5513	methyl eicosanoate	methyl eicosanoate	14259
C1484	1-tetradecene	1-tetradecene	14260
C2234	3-methylcyclopentene	3-methylcyclopentene	14263
C2151	3-ethenylpyridine	3-ethenylpyridine	14272
C1706	2-acetylpyridine	2-acetylpyridine	14286
C1403	1-ethylnaphthalene	1-ethylnaphthalene	14315
C3677	caryophylene oxide	caryophylene oxide	14350
C6223	prenyl acetate	prenyl acetate	14489
C1705	2-acetylfuran	2-acetylfuran	14505
C6393	seudenone	seudenone	14511
C1704	2-acetyl-5-methylfuran	2-acetyl-5-methylfuran	14514
C2965	alpha-fenchone	alpha-fenchone	14525
C4117	cymen-8-ol	cymen-8-ol	14529
C349	beta-pinene	beta-pinene	14896
C6886	vitamin e	vitamin e	14985
C4847	heptadecanol	heptadecanol	15076
C342	beta-himachalene	beta-himachalene	15095
C2504	5-indanol	5-indanol	15118
C2148	3-dodecanone	3-dodecanone	15229
C1875	2-methyloctadecane	2-methyloctadecane	15264
C1868	2-methylhexadecane	2-methylhexadecane	15266
C2269	3-penten-2-ol	3-penten-2-ol	15289
C1461	1-penten-3-one	1-penten-3-one	15394
C1412	1-hexen-3-one	1-hexen-3-one	15395
C564	fenchol	fenchol	15406
C1971	2-undecanol	2-undecanol	15448
C1965	2-tridecanol	2-tridecanol	15449
C2580	6-methylheptanol	6-methylheptanol	15450
C4566	ethylcyclohexane	ethylcyclohexane	15504
C6257	propylcyclohexane	propylcyclohexane	15505
C1662	13-tridecanolide	13-tridecanolide	15596
C474	decane	decane	15600
C5555	methyl nonanoate	methyl nonanoate	15606
C5583	methyl tridecanoate	methyl tridecanoate	15608
C5523	methyl heptadecanoate	methyl heptadecanoate	15609
C2520	5-methylhexanal	5-methylhexanal	15827
C5514	methyl eudesmate	methyl eudesmate	15956
C4188	delta-9-tetrahydrocannabinol	delta-9-tetrahydrocannabinol	16078
C2230	3-methylbutyl octanoate	3-methylbutyl octanoate	16255
C3102	amyl benzoate	amyl benzoate	16296
C4250	diallyl trisulfide	diallyl trisulfide	16315
C6127	perilla aldehyde	perilla aldehyde	16441
C277	alpha-terpinyl formate	alpha-terpinyl formate	16537
C172	3-methylbutyl hexanoate	3-methylbutyl hexanoate	16617
C6250	propyl methacrylate	propyl methacrylate	16638
C2242	3-methyloctane	3-methyloctane	16664
C5252	l-(-)menthol	l-(-)-menthol	16666
C1423	1-methoxynaphthalene	1-methoxynaphthalene	16668
C3661	carvol	carvol	16724
C1947	2-phenylethylisothiocyanate	2-phenylethylisothiocyanate	16741
C1917	2-pentylpyridine	2-pentylpyridine	16800
C4681	gamma-dodecalactone	gamma-dodecalactone	16821
C5188	isopropyl hexanoate	isopropyl hexanoate	16832
C6244	propyl benzoate	propyl benzoate	16846
C4905	hexyl isobutanoate	hexyl isobutanoate	16872
C2275	3-phenyldodecane	3-phenyldodecane	16979
C1487	1-tridecene	1-tridecene	17095
C1365	1-alpha-terpineol	1-alpha-terpineol	17100
C1447	1-octen-3-yl acetate	1-octen-3-yl acetate	17121
C2443	4-phenyl-2-butanone	4-phenyl-2-butanone	17355
C4898	hexyl butanoate	hexyl butanoate	17525
C1740	2-ethoxybutane	2-ethoxybutane	17586
C1931	2-phenyldodecane	2-phenyldodecane	17628
C2583	6-phenyldodecane	6-phenyldodecane	17629
C2530	5-phenyldodecane	5-phenyldodecane	17630
C2449	4-phenyldodecane	4-phenyldodecane	17631
C7000	pentadecanal	pentadecanal	17697
C2451	4-propylguaiacol	4-propylguaiacol	17739
C2840	allyl isovalerate	allyl isovalerate	17816
C178	3-thujene	3-thujene	17868
C1749	2-ethyl? m-xylene	2-ethyl-m-xylene	17877
C142	2-heptadecanone	2-heptadecanone	18027
C1750	2-ethylfuran	2-ethylfuran	18554
C1837	2-methyl octane	2-methyl octane	18591
C173	3-methylthiopropanal	3-methylthiopropanal	18635
C7043	sabinene	sabinene	18818
C124	1-octen-3-ol	1-octen-3-ol	18827
C1386	1-eicosene	1-eicosene	18936
C1950	2-phenylethylmethylether	2-phenylethylmethylether	19089
C4324	dimethyl trisulfide	dimethyl trisulfide	19310
C1711	2-amylfuran	2-amylfuran	19602
C5572	methyl propyl sulphide	methyl propyl sulphide	19754
C1901	2-octanol	2-octanol	20083
C6501	tetracontane	tetracontane	20149
C2503	5-hydroxypentanal	5-hydroxypentanal	20205
C2841	allyl octanoate	allyl octanoate	20219
C1839	2-methylbenzofuran	2-methylbenzofuran	20263
C1755	2-ethylhexyl hydrogen phthalate	2-ethylhexyl hydrogen phthalate	20393
C1748	2-ethyl-cyclohexanone	2-ethyl-cyclohexanone	20474
C1718	2-butylfuran	2-butylfuran	20534
C2531	5-phenyltridecane	5-phenyltridecane	20633
C1956	2-phenyltridecane	2-phenyltridecane	20636
C1870	2-methylhexanoic acid	2-methylhexanoic acid	20653
C199	6-methyl-5-hepten-2-ol	6-methyl-5-hepten-2-ol	20745
C1411	1-hexen-3-ol	1-hexen-3-ol	20928
C6475	terpinen-4-yl acetate	terpinen-4-yl acetate	20960
C4348	dodecenal	dodecenal	20967
C5877	octyl hexanoate	octyl hexanoate	21006
C1408	1-hepten-3-ol	1-hepten-3-ol	21057
C4134	damascenine	damascenine	21368
C3625	Camphoric acid	Camphoric acid	21491
C5192	isopropyl octanoate	isopropyl octanoate	21606
C7023	p-menth-1-ene	p-menth-1-ene	21671
C4368	duraldehyde	duraldehyde	22013
C2211	3-methyl nonane	3-methyl nonane	22202
C2433	4-nonanol	4-nonanol	22217
C1290	(z)-linalool oxide (furanoid)	(Z)-linalool oxide (furanoid)	22310
C4340	dl-limonene	dl-limonene	22311
C4335	dipropyl trisulfide	dipropyl trisulfide	22383
C1911	2-pentanol	2-pentanol	22386
C2409	4-methyl-3-heptanone	4-methyl-3-heptanone	22512
C139	2-dodecanone	2-dodecanone	22556
C4914	hexyl salicylate	hexyl salicylate	22629
C639	hexyl hexanoate	hexyl hexanoate	22873
C1406	1-heptadecene	1-heptadecene	23217
C4902	hexyl benzoate	hexyl benzoate	23235
C3220	benzyl hexanoate	benzyl hexanoate	23367
C1864	2-methyldecane	2-methyldecane	23415
C1885	2-methylundecane	2-methylundecane	23459
C5562	methyl pentadecanoate	methyl pentadecanoate	23518
C5702	nd	nd	23934
C4480	ethyl-2- methyl butyrate	ethyl-2-methyl butyrate	24020
C500	dihydrocarvone	dihydrocarvone	24473
C4757	geranyltiglate	geranyltiglate	24578
C5004	iso-pulegol	iso-pulegol	24585
C3531	butyl hydroxyanisole	butyl hydroxyanisole	24667
C4899	hexyl 2-methyl butyrate	hexyl 2-methyl butyrate	24838
C5185	isopropyl dodecanoate	isopropyl dodecanoate	25068
C6800	tridecanal	tridecanal	25311
C2701	9-decen-1-ol	9-decen-1-ol	25612
C125	1-pentadecene	1-pentadecene	25913
C1747	2-ethyl-5-methylpyrazine	2-ethyl-5-methylpyrazine	25915
C2801	?-3-carene	3-carene	26049
C141	2-ethyl-6-methylpyrazine	2-ethyl-6-methylpyrazine	26332
C4528	ethyl heptadecanoate	ethyl heptadecanoate	26397
C1421	1-menthone	1-menthone	26447
C6514	tetratriacontane	tetratriacontane	26519
C316	beta-bisabolol	beta-bisabolol	27208
C4274	dihydroactindiolide	dihydroactindiolide	27209
C1745	2-ethyl-3-methylpyrazine	2-ethyl-3-methylpyrazine	27457
C722	menthyl acetate	menthyl acetate	27867
C4500	ethyl-4-hydroxyphenylacetate	ethyl-4-hydroxyphenylacetate	28310
C2422	4-methylnonane	4-methylnonane	28455
C375	calarene	calarene	28481
C5392	mellein	mellein	28516
C4236	demethoxyageratochromene	demethoxyageratochromene	28619
C252	alpha-fenchene	alpha-fenchene	28930
C7158	verbenone	verbenone	29025
C2447	4-phenylbutanal	4-phenylbutanal	29030
C1435	1-nonadecene	1-nonadecene	29075
C4306	dihydromyrcenol	dihydromyrcenol	29096
C1775	2-hexadecanone	2-hexadecanone	29251
C4874	hexacosene	hexacosene	29303
C3628	cannabichromene	cannabichromene	30219
C693	lavandulyl acetate	lavandulyl acetate	30247
C4286	dihydrocarveol acetate	dihydrocarveol acetate	30248
C2201	3-methyl-2(5h)-furanone	3-methyl-2(5h)-furanone	30945
C6924	zingerone	zingerone	31211
C3227	benzyl propanoate	benzyl propanoate	31219
C159	2-phenylethylpropionate	2-phenylethylpropionate	31225
C6159	phenyl acetate	phenyl acetate	31229
C3124	anisketone	anisketone	31231
C2276	3-phenylpropanol	3-phenylpropanol	31234
C1922	2-phenoxy-ethanol	2-phenoxy-ethanol	31236
C2363	4-ethylphenol	4-ethylphenol	31242
C2396	4-methoxybenzaldehyde	4-methoxybenzaldehyde	31244
C2366	4-heptanone	4-heptanone	31246
C4254	diethyl butanedioate	diethyl butanedioate	31249
C4539	ethyl nonanoate	ethyl nonanoate	31251
C345	beta-myrcene	beta-myrcene	31253
C2372	4-hydroxy-4-methyl-2-pentanone	4-hydroxy-4-methyl-2-pentanone	31256
C2185	3-methyl-1-butanol	3-methyl-1-butanol	31260
C542	ethyl hexanoate	ethyl hexanoate	31265
C2842	allylhexanoate	allylhexanoate	31266
C1374	1-butylacetate	1-butylacetate	31272
C2224	3-methylbutyl acetate	3-methylbutyl acetate	31276
C4537	ethyl myristate	ethyl myristate	31283
C5549	methyl myristate	methyl myristate	31284
C1438	1-nonene	1-nonene	31285
C1436	1-nonanal	1-nonanal	31289
C7081	tetradecanal	tetradecanal	31291
C6444	stearamide	stearamide	31292
C6500	tetrachloroethylene	tetrachloroethylene	31373
C3542	butylated hydroxytoluene	butylated hydroxytoluene	31404
C6967	nopinone	nopinone	32735
C5463	methyl-o-methyl benzoate	methyl-o-methyl benzoate	33094
C1800	2-isopropyl-3-methoxypyrazine	2-isopropyl-3-methoxypyrazine	33166
C5821	o-methyl anisole	o-methyl anisole	33637
C1746	2-ethyl-4-hydroxy-5-methyl-3(2h)-furanone	2-ethyl-4-hydroxy-5-methyl-3(2h)-furanone	33931
C202	6-pentyl-alpha-pyrone	6-pentyl-alpha-pyrone	33960
C5195	isopulegone	isopulegone	34645
C3529	butyl decanoate	butyl decanoate	35408
C4263	dihydro-alpha-ionone	dihydro-alpha-ionone	35821
C2420	4-methylhexanal	4-methylhexanal	38756
C4542	ethyl pentadecanoate	ethyl pentadecanoate	38762
C3535	butyl nonanoate	butyl nonanoate	39742
C2702	9-decenyl acetate	9-decenyl acetate	39801
C5383	massoia lactone	massoia lactone	39914
C2646	7-octen-4-ol	7-octen-4-ol	40923
C1650	11-hexadecen-1-ol	11-hexadecen-1-ol	41965
C1765	2-heptadecanol	2-heptadecanol	42263
C2532	5-tridecanone	5-tridecanone	42549
C674	isomenthol	isomenthol	45056
C3498	bornyl isovalerate	bornyl isovalerate	60968
C6882	viridine	viridine	60995
C5061	isobutyl phenylacetate	isobutyl phenylacetate	60998
C2343	4-(4-methoxyphenyl)-2-butanone	4-(4-methoxyphenyl)-2-butanone	61007
C3233	bergamal	bergamal	61016
C2191	3-methyl-2-butenal	3-methyl-2-butenal	61020
C6980	octyl isobutyrate	octyl isobutyrate	61024
C5873	octyl butyrate	octyl butyrate	61030
C5334	linalyl formate	linalyl formate	61040
C6295	safranal	safranal	61041
C5043	isobomyl acetate	isobomyl acetate	61061
C5883	octyl propionate	octyl propionate	61096
C5336	linalyl propanoate	linalyl propanoate	61098
C3354	beta-homocyclocitral	beta-homocyclocitral	61124
C320	beta-caryophyllene alcohol	beta-caryophyllene alcohol	61125
C1046	(e)-verbenol	(E)-verbenol	61126
C754	myrtenal	myrtenal	61130
C5184	isopropyl butyrate	isopropyl butyrate	61184
C6851	vanillinacetate	vanillinacetate	61229
C2253	3-nonanone	3-nonanone	61235
C757	myrtenyl acetate	myrtenyl acetate	61262
C6943	nerol oxide	nerol oxide	61275
C2908	alpha-campholenol	alpha-campholenol	61284
C5507	methyl citronellate	methyl citronellate	61290
C4492	ethyl-3-hydroxyhexanoate	ethyl-3-hydroxyhexanoate	61293
C6981	octyl octanoate	octyl octanoate	61294
C1907	2-pentadecanone	2-pentadecanone	61303
C4865	heptyl isobutyrate	heptyl isobutyrate	61304
C4868	heptyl octanoate	heptyl octanoate	61342
C1446	1-octen-3-one	1-octen-3-one	61346
C2144	3-butylphthalide	3-butylphthalide	61361
C2227	3-methylbutyl dodecanoate	3-methylbutyl dodecanoate	61386
C4043	citronellyl valerate	citronellyl valerate	61416
C4486	ethyl-2-nonynoate	ethyl-2-nonynoate	61451
C640	hexyl isovalerate	hexyl isovalerate	61455
C2514	5-methyl-2-thiophenecarboxaldehyde	5-methyl-2-thiophenecarboxaldehyde	61663
C3833	cis-anhydro linalool oxide	cis-anhydro linalool oxide	61665
C6126	perilla acetate	perilla acetate	61780
C3521	butyl-2-methylbutyrate	butyl-2-methylbutyrate	61812
C5190	isopropyl isovalerate	isopropyl isovalerate	61914
C1703	2-acetyl-3-ethylpyrazine	2-acetyl-3-ethylpyrazine	61918
C728	methyl allyl trisulfide	methyl allyl trisulfide	61926
C6204	piperitenone oxide	piperitenone oxide	61942
C4011	cis-theaspirane	cis-theaspirane	61953
C4651	furfuryl octanoate	furfuryl octanoate	61985
C3730	caryophyllene acetate	caryophyllene acetate	62127
C3045	alpha-terpinyl propionate	alpha-terpinyl propionate	62328
C1308	(z)-sabinene hydrate	(Z)-sabinene hydrate	62367
C2392	4-ketoisophorone	4-ketoisophorone	62374
C481	dehydro-p-cymene	dehydro-p-cymene	62385
C3108	amyl valerate	amyl valerate	62433
C5494	methyl allyl disulfide	methyl allyl disulfide	62434
C1846	2-methylbutyl-3-methyl butyrate	2-methylbutyl-3-methyl butyrate	62445
C2457	4-vinylphenol	4-vinylphenol	62453
C2361	4-ethylguaiacol	4-ethylguaiacol	62465
C317	beta-bourbonene	beta-bourbonene	62566
C4490	ethyl-3-hydroxybutyrate	ethyl-3-hydroxybutyrate	62572
C4861	heptyl butyrate	heptyl butyrate	62592
C361	borneol	borneol	64685
C3046	alpha-terthiophene	alpha-terthiophene	65067
C2920	alpha-cedrol	alpha-cedrol	65575
C6848	valerophenone	valerophenone	66093
C4109	cyclooctasulfur	cyclooctasulfur	66348
C4315	dimethoxybenzaldehyde	dimethoxybenzaldehyde	66581
C3508	brevifolin	brevifolin	66654
C5675	n-methyl-n-phenylformamide	n-methyl-n-phenylformamide	66737
C5872	octyl benzoate	octyl benzoate	66751
C355	beta-terpinene	beta-terpinene	66841
C6060	p-methoxypropiophenone	p-methoxypropiophenone	67144
C793	(+)-linalool	(+)-linalool	67179
C1739	2-ethoxybenzoic acid	2-ethoxybenzoic acid	67252
C6253	propyl valerate	propyl valerate	67328
C4099	cyclohexadecane	cyclohexadecane	67526
C5040	isobergapten	isobergapten	68082
C6260	pseudolimonene	pseudolimonene	68140
C3772	chavicol	chavicol	68148
C4873	hexacosanol	hexacosanol	68171
C6381	seselin	seselin	68229
C7093	thymol acetate	thymol acetate	68252
C6380	sesamol	sesamol	68289
C7009	perillene	perillene	68316
C3170	artemesia ketone	artemesia ketone	68346
C6131	perillaketone	perillaketone	68381
C6451	suberosin	suberosin	68486
C1798	2-hydroxyacetophenone	2-hydroxyacetophenone	68490
C3235	berol	berol	69182
C546	ethyl nicotinate	ethyl nicotinate	69188
C1825	2-methyl-4-heptanone	2-methyl-4-heptanone	69378
C2141	3-butenol	3-butenol	69389
C4876	hexadecanamide	hexadecanamide	69421
C1889	2-nonadecanone	2-nonadecanone	69423
C1793	2-hydroxy-4-methoxybenzaldehyde	2-hydroxy-4-methoxybenzaldehyde	69600
C301	benzocyclobutane	benzocyclobutane	69667
C2400	4-methoxyphenethyl alcohol	4-methoxyphenethyl alcohol	69705
C1457	1-pentadecyne	1-pentadecyne	69825
C5845	octadecanol acetate	octadecanol acetate	69968
C643	hexyl valerate	hexyl valerate	70694
C718	m-cymenene	m-cymenene	70759
C620	heptadecanal	heptadecanal	71552
C3250	beta-amyrin	beta-amyrin	73145
C2864	alpha-amyrin	alpha-amyrin	73170
C4171	dehydrocostus lactone	dehydrocostus lactone	73174
C2286	3-tridecanone	3-tridecanone	73751
C1383	1-docosene	1-docosene	74138
C5028	isoamyl valerate	isoamyl valerate	74901
C2287	3-undecanone	3-undecanone	75189
C5189	isopropyl isothiocyanate	isopropyl isothiocyanate	75263
C2226	3-methylbutyl decanoate	3-methylbutyl decanoate	75320
C5874	octyl decanoate	octyl decanoate	75321
C1963	2-tetradecanone	2-tetradecanone	75364
C4382	eicosanal	eicosanal	75458
C4249	diallyl tetrasulfide	diallyl tetrasulfide	75552
C3105	amyl isobutyrate	amyl isobutyrate	75554
C5096	isocyanatomethylbenzene	isocyanatomethylbenzene	76639
C2445	4-phenylbenzaldehyde	4-phenylbenzaldehyde	76689
C1790	2-hexylfuran	2-hexylfuran	77408
C1905	2-octylfuran	2-octylfuran	77845
C1961	2-propylfuran	2-propylfuran	77907
C6335	sec-butylisothiocyanate	sec-butylisothiocyanate	78151
C5878	octyl isothiocyanate	octyl isothiocyanate	78161
C2434	4-nonanone	4-nonanone	78236
C6788	Tremetone	Tremetone	78673
C1719	2-butylpyridine	2-butylpyridine	78750
C2206	3-methyl-3-butenyl acetate	3-methyl-3-butenyl acetate	78879
C1883	2-methylthioethanol	2-methylthioethanol	78925
C1799	2-hydroxypiperitone	2-hydroxypiperitone	79023
C1896	2-norbornanol	2-norbornanol	79028
C7144	tricyclene	tricyclene	79035
C681	isopiperitenone	isopiperitenone	79036
C1720	2-carene	2-carene	79044
C4155	decyl isobutyrate	decyl isobutyrate	79555
C4323	dimethyl tetrasulfide	dimethyl tetrasulfide	79828
C1770	2-heptyl acetate	2-heptyl acetate	80018
C5579	Methyl thiobenzoate	Methyl thiobenzoate	80024
C1434	1-nonadecanol	1-nonadecanol	80281
C3649	Carvacrol methyl ether	Carvacrol methyl ether	80790
C3650	carvacrol? acetate	carvacrol acetate	80792
C306	benzyl nonanoate	benzyl nonanoate	80960
C5910	p-anisyl hexanoate	p-anisyl hexanoate	81102
C4863	heptyl hexanoate	heptyl hexanoate	81464
C5755	nerolidyl propionate	nerolidyl propionate	81573
C495	delta-terpineol	delta-terpineol	81722
C5021	isoamyl methacrylate	isoamyl methacrylate	81788
C5178	isopropenyl toluene	isopropenyl toluene	81886
C784	(+)-alpha-pinene	(+)-alpha-pinene	82227
C6503	tetracosene	tetracosene	82436
C4703	gamma-terpinyl acetate	gamma-terpinyl acetate	82480
C3231	benzyl valerate	benzyl valerate	82584
C6251	propyl tetradecanoate	propyl tetradecanoate	84338
C2455	4-undecanone	4-undecanone	84467
C3814	cis-3-pinanone	cis-3-pinanone	84532
C6276	rosefuran	rosefuran	84825
C5547	methyl methylthioacetate	methyl methylthioacetate	85522
C436	cis-piperitol	cis-piperitol	85567
C6749	trans-piperitol	trans-piperitol	85568
C4987	ipsenol	ipsenol	85712
C4986	ipsdienol	ipsdienol	85734
C1774	2-hexadecanol	2-hexadecanol	85779
C1894	2-nonyl acetate	2-nonyl acetate	85788
C2719	9-methylnonadecane	9-methylnonadecane	86566
C230	alpha-bergamotene	alpha-bergamotene	86608
C2942	alpha-cubenene	alpha-cubenene	86609
C2247	3-methyltetradecane	3-methyltetradecane	86735
C5974	p-menth-3-en-8-ol	p-menth-3-en-8-ol	86752
C5395	menth-1-en-9-ol	menth-1-en-9-ol	86753
C2567	6-methyl-3-heptanol	6-methyl-3-heptanol	86783
C462	cuparene	cuparene	86895
C5838	octacosene	octacosene	87821
C444	cis-verbenol	cis-verbenol	87839
C5226	karahanaenone	karahanaenone	88268
C3988	cis-pinocarveol	cis-pinocarveol	88297
C4913	hexyl propionate	hexyl propionate	88454
C3499	bornyl propionate	bornyl propionate	89306
C5960	p-menth-1-en-7-al	p-menth-1-en-7-al	89488
C121	1-nonen-3-ol	1-nonen-3-ol	89560
C7141	trans-verbenol	trans-verbenol	89664
C217	acoradiene	acoradiene	90351
C364	bulnesol	bulnesol	90785
C576	gamma-gurjunene	gamma-gurjunene	90805
C760	(-)-alpha-bisabolol oxide a	(-)-alpha-bisabolol oxide a	90806
C2186	3-methyl-1-octyn-3-ol	3-methyl-1-octyn-3-ol	90956
C7149	umbellulone	umbellulone	91195
C3502	bornyl? isobutyrate	bornyl isobutyrate	91226
C2834	alloaromadendrene	alloaromadendrene	91354
C356	beta-thujone	beta-thujone	91456
C336	beta-eudesmol	beta-eudesmol	91457
C4641	friedelan-3-one	friedelan-3-one	91472
C5305	limonene oxide	limonene oxide	91496
C3013	alpha-pinene epoxide	alpha-pinene epoxide	91508
C5363	lyral	lyral	91604
C3208	benzyl-2-methylbutyrate	benzyl-2-methylbutyrate	91849
C4410	epi-13-manool	epi-13-manool	92131
C2956	alpha-elemol	alpha-elemol	92138
C247	alpha-curcumene	alpha-curcumene	92139
C7066	spathulenol	spathulenol	92231
C2235	3-methyldecane	3-methyldecane	92239
C3812	cis-3-hexenylvalerate	cis-3-hexenylvalerate	92573
C249	alpha-eudesmol	alpha-eudesmol	92762
C5745	nepetalactone	nepetalactone	92770
C7170	zingiberene	zingiberene	92776
C455	cryptone	cryptone	92780
C6285	sabina ketone	sabina ketone	92784
C5742	neoiso-isopulegol	neoiso-isopulegol	92793
C697	ledol	ledol	92812
C5466	methyl-p-methoxycinnamate	methyl-p-methoxycinnamate	92841
C6208	piperitone oxide	piperitone oxide	92998
C768	(-)-bornyl acetate	(-)-bornyl acetate	93009
C1425	1-methyl-4-acetyl-1-cyclohexene	1-methyl-4-acetyl-1-cyclohexene	93019
C350	beta-pinene0oxide	beta-pinene oxide	93046
C2517	5-methyldecane	5-methyldecane	93071
C3610	camphenilone	camphenilone	93073
C327	beta-cubebene	beta-cubebene	93081
C6899	xanthorrhizol	xanthorrhizol	93135
C2947	alpha-cyclocitral	alpha-cyclocitral	94143
C7045	sabinol	sabinol	94147
C270	alpha-santalene	alpha-santalene	94164
C956	(e)-carveol	(E)-carveol	94221
C6294	sabinyl? acetate	sabinyl acetate	94266
C234	alpha-bulnesene	alpha-bulnesene	94275
C2237	3-methylheptadecane	3-methylheptadecane	94321
C2240	3-methylnonadecane	3-methylnonadecane	94322
C7164	widdrol	widdrol	94334
C5597	mint lactone	mint lactone	94349
C2581	6-paradol	6-paradol	94378
C4615	farnesyl acetate	farnesyl acetate	94403
C2403	4-methoxysafrole	4-methoxysafrole	95289
C5939	p-cymen-9-ol	p-cymen-9-ol	95376
C7091	thymohydroquinone	thymohydroquinone	95779
C3106	amyl isovalerate	amyl isovalerate	95978
C2565	6-methyl-2-heptanol	6-methyl-2-heptanol	96476
C1906	2-pentadecanol	2-pentadecanol	96687
C4704	gamma-tetradecalactone	gamma-tetradecalactone	97746
C4692	gamma-palmitolactone	gamma-palmitolactone	97747
C1316	(z)-thujopsene	(Z)-thujopsene	97829
C2949	alpha-cyclogeraniol	alpha-cyclogeraniol	97932
C4538	ethyl nerolate	ethyl nerolate	98008
C1888	2-nonadecanol	2-nonadecanol	98188
C4259	dihydro-3-methyl-2(3h)-furanone	dihydro-3-methyl-2(3h)-furanone	98323
C2407	4-methyl-1-hexanol	4-methyl-1-hexanol	98346
C2904	alpha-campholene aldehyde	alpha-campholene aldehyde	98497
C5010	isoacorone	isoacorone	98934
C6809	undecanol-3	undecanol-3	98970
C5166	isopinocampheol	isopinocampheol	99038
C291	artemisia alcohol	artemisia alcohol	100197
C4462	eremanthine	eremanthine	100572
C4239	demethylencecalin	demethylencecalin	100768
C4074	cuminyl acetate	cuminyl acetate	100990
C3608	Camphene hydrate	Camphene hydrate	101680
C608	globulol	globulol	101716
C3379	beta-patchoulene	beta-patchoulene	101731
C3863	cis-carvyl acetate	cis-carvyl acetate	102024
C687	isoterpinolene	isoterpinolene	102443
C5278	lavender lactone	lavender lactone	102550
C3989	cis-pinocarvyl acetate	cis-pinocarvyl acetate	102553
C6198	pinocarveol	pinocarveol	102667
C499	dihydro tagetone	dihydro tagetone	102706
C1859	2-methylbutylpropionate	2-methylbutylpropionate	102817
C4517	ethyl 2-hydroxyhexanoate	ethyl 2-hydroxyhexanoate	103589
C1751	2-ethylhexadecanoic acid	2-ethylhexadecanoic acid	103882
C4334	dipropyl tetrasulfide	dipropyl tetrasulfide	104285
C5543	methyl lavender ketone	methyl lavender ketone	105510
C6111	pentyl 2-methylbutyrate	pentyl 2-methylbutyrate	107059
C2971	alpha-guajene	alpha-guajene	107152
C254	alpha-fenchyl acetate	alpha-fenchyl acetate	107217
C5977	p-menth-4-en-3-one	p-menth-4-en-3-one	107372
C3449	beyerene	beyerene	107412
C3868	cis-chrysanthemol	cis-chrysanthemol	110685
C6989	palustrol	palustrol	110745
C3500	bornyl valerate	bornyl valerate	110801
C5301	limonene aldehyde	limonene aldehyde	110923
C276	alpha-terpinyl acetate	alpha-terpinyl acetate	111037
C3760	cedranone	cedranone	111402
C5337	linalyl valerate	linalyl valerate	112045
C4039	citronellyl caproate	citronellyl caproate	114416
C5237	ketones	ketones	114522
C1399	1-ethoxy-1-pentoxyethane	1-ethoxy-1-pentoxyethane	114523
C2288	3-undecen-2-one	3-undecen-2-one	114577
C4400	encecalin	encecalin	114703
C3126	anisyl isobutyrate	anisyl isobutyrate	117035
C761	(-)-alpha-bisabolol oxide b	(-)-alpha-bisabolol oxide b	117301
C3953	cis-myrtanol	cis-myrtanol	117419
C4597	euparin	euparin	119039
C400	cedr-8(15)-en-9-ol	cedr-8(15)-en-9-ol	119831
C4551	ethyl tridecanoate	ethyl tridecanoate	119908
C5651	n-acetyltyramine	n-acetyltyramine	121051
C1930	2-phenylbenzaldehyde	2-phenylbenzaldehyde	121052
C645	himachalol	himachalol	121536
C7018	pinocarvone	pinocarvone	121719
C4460	epoxymyrcene	epoxymyrcene	122371
C40	(e)-p-menth-2-en-1-ol	(E)-p-menth-2-en-1-ol	122484
C2918	alpha-cedrene epoxide	alpha-cedrene epoxide	122510
C4084	curcuphenol	curcuphenol	122836
C3207	benzyl	benzyl	123147
C2448	4-phenylbutylisothiocyanate	4-phenylbutylisothiocyanate	124881
C1863	2-methylcrotonic acid	2-methylcrotonic acid	125468
C6441	spiro(2.5)octane	spiro(2.5)octane	135988
C4569	eucarvone	eucarvone	136330
C3226	benzyl nitrite	benzyl nitrite	136744
C5270	lantadene c	lantadene c	137381
C6156	phenoprene	phenoprene	137524
C5508	methyl cyclohexadiene	methyl cyclohexadiene	140568
C3957	cis-p-2-menthen-1-ol	cis-p-2-menthen-1-ol	141999
C2388	4-isopropylheptane	4-isopropylheptane	142981
C2413	4-methyl-5h-furan-2-one	4-methyl-5h-furan-2-one	145832
C2192	3-methyl-2-butene-1-thiol	3-methyl-2-butene-1-thiol	146586
C6561	thymyl isovalerate	thymyl isovalerate	155224
C5780	nonacosene	nonacosene	156989
C3623	camphora	camphora	159055
C4094	cyclocolorenone	cyclocolorenone	160491
C3143	ar-turmerone	ar-turmerone	160512
C6898	xanthinin	xanthinin	160533
C453	cnidilide	cnidilide	160710
C106	10-epi-alpha-cadinol	10-epi-alpha-cadinol	160799
C3148	aristolochene	aristolochene	161533
C5208	isothymol methyl ether	isothymol methyl ether	161716
C3778	chrysanthenyl acetate	chrysanthenyl acetate	162747
C1349	[6]-gingerdione	[6]-gingerdione	162952
C7055	sclareol	sclareol	163263
C4057	cryptomeridiol	cryptomeridiol	165258
C5640	myrtanal	myrtanal	165266
C288	aristolone	aristolone	165536
C5243	khusimol	khusimol	167519
C4082	curcumenol	curcumenol	167812
C4802	grandisol	grandisol	169202
C683	isopulegol	isopulegol	170833
C1381	1-decen-3-ol	1-decen-3-ol	170977
C6839	valeranone	valeranone	171455
C6224	prenyl isobutyrate	prenyl isobutyrate	173535
C5050	isobornyl isobutyrate	isobornyl isobutyrate	174490
C4600	exo-2-hydroxycineole acetate	exo-2-hydroxycineole acetate	175002
C5781	nonadecanal	nonadecanal	176926
C6048	p-menthatriene	p-menthatriene	176983
C4237	demethoxyencecalin	demethoxyencecalin	177040
C4173	dehydrofukinone	dehydrofukinone	177072
C5272	latifolone	latifolone	177099
C471	daucene	daucene	177773
C2549	6-camphenol	6-camphenol	180537
C1486	1-tricosene	1-tricosene	181154
C3252	beta-atlantone	beta-atlantone	181580
C5800	nootkatol	nootkatol	182645
C6869	vinylguaiacol	vinylguaiacol	183539
C610	gossonorol	gossonorol	185199
C2558	6-Hydroxytremetone	6-Hydroxytremetone	186059
C5606	modhephene	modhephene	188073
C670	isocomene	isocomene	188113
C2243	3-methylpentacosane	3-methylpentacosane	189001
C4467	erythrocentaurin	erythrocentaurin	191120
C3422	beta-turmerone	beta-turmerone	196216
C6740	trans-pinan-2-ol	trans-pinan-2-ol	220076
C3025	alpha-santonin	alpha-santonin	221071
C6446	stigmast-5-en-3beta-ol	stigmast-5-en-3beta-ol	222284
C613	guaiol	guaiol	227829
C6548	thymol isobutyrate	thymol isobutyrate	228738
C5880	octyl isovalerate	octyl isovalerate	228769
C6247	propyl heptanoate	propyl heptanoate	229377
C1936	2-phenylethyl-n-octanoate	2-phenylethyl-n-octanoate	229888
C3624	camphore	camphore	230921
C5302	limonene diepoxide	limonene diepoxide	232703
C1691	15-pentadecanolide	15-pentadecanolide	235414
C4496	ethyl-3-oxohexanoate	ethyl-3-oxohexanoate	238498
C5799	nootkatin	nootkatin	238797
C5335	linalyl isovalerate	linalyl isovalerate	240119
C175	3-octanone	3-octanone	246728
C662	isobornyl acetate	isobornyl acetate	247573
C1833	2-methyl-6-propylphenol	2-methyl-6-propylphenol	248475
C4014	cis-thujone	cis-thujone	249286
C3230	benzyl tiglate	benzyl tiglate	250096
C1472	1-propenylbenzene	1-propenylbenzene	252325
C2563	6-methoxyquinoline-1-oxide	6-methoxyquinoline-1-oxide	253821
C5370	m-cymen-8-ol	m-cymen-8-ol	255195
C6574	torquatone	torquatone	256516
C2518	5-methylene-2-norbornene	5-methylene-2-norbornene	260380
C279	alpha-thujone	alpha-thujone	261491
C5357	longifolene	longifolene	289151
C1379	1-cyclohexene-1-methanol	1-cyclohexene-1-methanol	317542
C2981	alpha-kessyl alcohol	alpha-kessyl alcohol	318771
C3264	beta-bourbenene	beta-bourbenene	324224
C484	Dehydrotremetone	Dehydrotremetone	324281
C6768	trans-totarol	trans-totarol	326995
C719	menthofuran	menthofuran	329983
C1253	(z)-carveol	(Z)-carveol	330573
C6382	sesquicineole	sesquicineole	341779
C6576	torulosol	torulosol	349315
C2557	6-hydroxycarvone	6-hydroxycarvone	380816
C7019	piperitenone	piperitenone	381152
C6460	teferdine	teferdine	389015
C4508	ethyl (e)-2-butenoate	ethyl (E)-2-butenoate	429065
C2416	4-methylbenzoylacetone	4-methylbenzoylacetone	432651
C773	(-)-limonene	(-)-limonene	439250
C6939	neo-menthol	neo-menthol	439263
C253	alpha-fenchol	alpha-fenchol	439711
C6192	pimaradiene	pimaradiene	440909
C792	(+)-limonene	(+)-limonene	440917
C767	(-)-beta-pinene	(-)-beta-pinene	440967
C762	(-)-alpha-pinene	(-)-alpha-pinene	440968
C4128	d-cadinene	d-cadinene	441005
C4624	ferruginol	ferruginol	442027
C4642	fukinanolide	fukinanolide	442173
C2948	alpha-cyclocostunolide	alpha-cyclocostunolide	442191
C3312	beta-cyclocostunolide	beta-cyclocostunolide	442192
C759	(-)-alpha-bisabolol	(-)-alpha-bisabolol	442343
C383	carotol	carotol	442347
C2923	alpha-chamigrene	alpha-chamigrene	442351
C3289	beta-chamigrene	beta-chamigrene	442353
C3082	alpha?-cubebene	alpha-cubebene	442359
C4137	daucol	daucol	442363
C3330	beta-eudesmene	beta-eudesmene	442393
C4016	cis-thujopsene	cis-thujopsene	442402
C3057	alpha-vetivone	alpha-vetivone	442405
C3425	beta-vetivone	beta-vetivone	442406
C282	alpha-ylangene	alpha-ylangene	442409
C3668	carvone oxide	carvone oxide	442462
C404	chrysanthenone	chrysanthenone	442463
C785	(+)-alpha-terpineol	(+)-alpha-terpineol	442501
C1350	[6]-gingerol	[6]-gingerol	442793
C774	(-)-linalool	(-)-linalool	443158
C763	(-)-alpha-terpineol	(-)-alpha-terpineol	443162
C5712	neo-dihydrocarveol	neo-dihydrocarveol	443166
C1262	(z)-dihydrocarvone	(Z)-dihydrocarvone	443167
C7118	trans-dihydrocarvone	trans-dihydrocarvone	443181
C2769	abietadiene	abietadiene	443470
C2772	abietol	abietol	443474
C2770	abietal	abietal	443479
C959	(e)-cinnamic acid	(E)-cinnamic acid	444539
C973	(e)-farnesol	(E)-farnesol	445070
C5898	oxiranone	oxiranone	445391
C58	(z)-9-hexadecenoic acid	(Z)-9-hexadecenoic acid	445638
C6983	oleic acid	oleic acid	445639
C857	(e)-2-butenal	(E)-2-butenal	447466
C2644	7-isoquinolinol	7-isoquinolinol	459767
C5198	isopulegyl? acetate	isopulegyl acetate	494311
C2272	3-pentenol	3-pentenol	510370
C4091	cyclamen aldehyde	cyclamen aldehyde	517827
C363	bornyl formate	bornyl formate	518472
C716	manool oxide	manool oxide	518574
C4650	furfuryl methyl sulfide	furfuryl methyl sulfide	518937
C6984	o-menth-8-ene	o-menth-8-ene	519074
C2995	alpha-myrcene	alpha-myrcene	519324
C4266	dihydro-beta-ionone	dihydro-beta-ionone	519382
C2663	8-cedren-13-ol	8-cedren-13-ol	519545
C3556	cadin-4-en-10-ol	cadin-4-en-10-ol	519662
C7064	seychellene	seychellene	519743
C4392	elemenone	elemenone	519762
C6383	sesquiphellandrene	sesquiphellandrene	519764
C472	davanone	davanone	519782
C5019	isoamyl isobutyrate	isoamyl isobutyrate	519786
C6323	santolina alcohol	santolina alcohol	519843
C115	1-epi-cubenol	1-epi-cubenol	519857
C7051	santolina triene	santolina triene	519872
C1489	1-undecyn-4-ol	1-undecyn-4-ol	519920
C3905	cis-isopulegone	cis-isopulegone	519954
C468	cyclosativene	cyclosativene	519960
C144	2-methoxy-3-(1-methylpropyl)-pyrazine	2-methoxy-3-(1-methylpropyl)-pyrazine	520098
C1707	2-acetylthiazole	2-acetylthiazole	520108
C2431	4-methyltetradecane	4-methyltetradecane	520179
C2417	4-methyldocosane	4-methyldocosane	520181
C4224	delta-tetradecalactone	delta-tetradecalactone	520296
C494	delta-selinene	delta-selinene	520383
C3418	beta-thujene	beta-thujene	520384
C5963	p-menth-1-en-9-al	p-menth-1-en-9-al	520440
C5489	methyl 2-hydroxybutanoate	methyl 2-hydroxybutanoate	520445
C5868	octyl-2-methylbutyrate	octyl-2-methylbutyrate	520455
C4461	epsilon-muurolene	epsilon-muurolene	520461
C5861	octen-1-ol,? acetate	octen-1-ol acetate	520583
C5486	methyl 2-hydroxy-2-methylbutanoate	methyl 2-hydroxy-2-methylbutanoate	520593
C1693	16-kaurene	16-kaurene	520687
C5186	isopropyl heptanoate	isopropyl heptanoate	520710
C6402	shyobunol	shyobunol	520758
C261	alpha-longipinene	alpha-longipinene	520957
C5487	methyl 2-hydroxy-3-methylpentanoate	methyl 2-hydroxy-3-methylpentanoate	521064
C4380	edulan i	edulan i	521066
C2915	alpha-caryophyllene alcohol	alpha-caryophyllene alcohol	521185
C5224	juniper camphor	juniper camphor	521214
C2255	3-Octanol acetate	3-Octanol acetate	521238
C521	elsholtzia ketone	elsholtzia ketone	521240
C5978	p-menth-6-en-2-one	p-menth-6-en-2-one	521267
C5125	isolimonene	isolimonene	521268
C578	gamma-patchoulene	gamma-patchoulene	521302
C753	myrtanol	myrtanol	521314
C672	isokaurene	isokaurene	521318
C5876	octyl heptanoate	octyl heptanoate	521326
C579	gamma-selinene	gamma-selinene	521334
C2177	3-mercaptohexanol	3-mercaptohexanol	521348
C1391	1-epi-bicyclosesquiphellandrene	1-epi-bicyclosesquiphellandrene	521496
C309	bergamotene	bergamotene	521569
C3007	alpha-patchoulene	alpha-patchoulene	521710
C3171	artemiseole	artemiseole	521927
C1812	2-methyl-1-octadecene	2-methyl-1-octadecene	521996
C2509	5-methyl-1-undecene	5-methyl-1-undecene	522550
C3043	alpha-terpinyl isobutyrate	alpha-terpinyl isobutyrate	522673
C4170	dehydrocineole	dehydrocineole	523035
C3175	artemisyl acetate	artemisyl acetate	524254
C2381	4-hydroxypiperitone	4-hydroxypiperitone	525916
C437	cis-p-menth-2-en-1-ol	cis-p-menth-2-en-1-ol	526657
C3036	alpha-terpinen-7-al	alpha-terpinen-7-al	526762
C5293	lilac alcohol	lilac alcohol	526973
C418	cis-chrysanthenol	cis-chrysanthenol	527032
C5299	limonen-10-ol	limonen-10-ol	527143
C5964	p-menth-1-en-9-yl acetate	p-menth-1-en-9-yl acetate	527144
C6928	zizanal	zizanal	527191
C6363	selina-6-en-4-ol	selina-6-en-4-ol	527220
C4654	furopelargone b	furopelargone b	527226
C2831	allo-cedrol	allo-cedrol	527227
C6866	vetiselinenol	vetiselinenol	527240
C6927	zizaene	zizaene	527247
C7040	rosifoliol	rosifoliol	527256
C2282	3-thujanol	3-thujanol	527259
C694	lavandulyl isobutyrate	lavandulyl isobutyrate	527270
C695	lavandulyl isovalerate	lavandulyl isovalerate	527271
C3725	caryophylladienol ii	caryophylladienol ii	527418
C5300	limonen-4-ol	limonen-4-ol	527428
C2432	4-methyltricosane	4-methyltricosane	527471
C5123	isokessane	isokessane	527491
C5170	isopiperitenol	isopiperitenol	527822
C2578	6-methylheptadecane	6-methylheptadecane	528498
C3159	aromadendrene epoxide	aromadendrene epoxide	528759
C4843	heptacosene	heptacosene	528971
C1455	1-pentacosene	1-pentacosene	528972
C3271	beta-calacorene	beta-calacorene	529621
C3779	chrysanthenyl propionate	chrysanthenyl propionate	529752
C4144	davanol	davanol	529918
C3146	aristolene	aristolene	530421
C673	isoledene	isoledene	530426
C6894	vulgarone b	vulgarone b	530428
C2219	3-methylbut-2-enyl valerate	3-methylbut-2-enyl valerate	530629
C2885	alpha-bourbonene	alpha-bourbonene	530816
C5033	isoaromadendrene epoxide	isoaromadendrene epoxide	534398
C5361	longipinene epoxide	longipinene epoxide	534552
C2573	6-methyl-7-octen-2-one	6-methyl-7-octen-2-one	538139
C2928	alpha-citronellol	alpha-citronellol	543323
C1688	15-hexadecanolide	15-hexadecanolide	543385
C110	13-tetradecanolide	13-tetradecanolide	543405
C2150	3-eicosyne	3-eicosyne	549159
C2155	3-ethyl-4-methylpentanol	3-ethyl-4-methylpentanol	549664
C2963	alpha-fenchocamphorone	alpha-fenchocamphorone	550030
C3640	caranone	caranone	557564
C5967	p-menth-1(7)-en-2-one	p-menth-1(7)-en-2-one	557612
C294	ar-tumerone	ar-tumerone	558221
C5241	khusilol	khusilol	561710
C5968	p-menth-1(7)-en-9-ol	p-menth-1(7)-en-9-ol	564610
C5356	longicyclene	longicyclene	564934
C712	longifolenaldehyde	longifolenaldehyde	565584
C723	menthyl isovalerate	menthyl isovalerate	565690
C2788	aciphyllene	aciphyllene	565709
C463	curzerene	curzerene	572766
C4491	ethyl-3-hydroxydodecanoate	ethyl-3-hydroxydodecanoate	575843
C5796	nonyl hexanoate	nonyl hexanoate	576021
C6597	trans-3-caren-2-ol	trans-3-caren-2-ol	576906
C4685	gamma-himachalene	gamma-himachalene	577062
C2934	alpha-copaen-8-ol	alpha-copaen-8-ol	577203
C3006	alpha-panasinsene	alpha-panasinsene	578929
C4265	dihydro-beta-ionol	dihydro-beta-ionol	579336
C3752	cedr-8-en-15-ol	cedr-8-en-15-ol	584507
C4312	dill ether	dill ether	586292
C2637	7-ethyl-7-tridecanol	7-ethyl-7-tridecanol	588528
C4449	epishyobunone	epishyobunone	591309
C532	epizonarene	epizonarene	595385
C3770	chavibetol	chavibetol	596375
C5127	isolongifolen-5-one	isolongifolen-5-one	600416
C2562	6-methoxyelemicin	6-methoxyelemicin	617233
C6312	sandaracopimarinal	sandaracopimarinal	620819
C4644	furanodiene	furanodiene	636458
C6142	petasitene	petasitene	636697
C4662	gamma-asarone	gamma-asarone	636750
C930	(e)-asarone	(E)-asarone	636822
C27	(e)-cinnamaldehyde	(E)-cinnamaldehyde	637511
C1020	(e)-oleic acid	(E)-oleic acid	637517
C764	(-)-alpha-thujene	(-)-alpha-thujene	637518
C35	(e)-methyl cinnamate	(E)-methyl cinnamate	637520
C642	hexyl tiglate	hexyl tiglate	637523
C927	(e)-anethol	(E)-anethol	637563
C977	(e)-geraniol	(E)-geraniol	637566
C971	(e)-ethyl cinnamate	(E)-ethyl cinnamate	637758
C36	(e)-methyl isoeugenol	(E)-methyl isoeugenol	637776
C5201	isosafrol	isosafrol	637796
C907	(e)-3-penten-2-one	(E)-3-penten-2-one	637920
C966	(e)-citral	(E)-citral	638011
C23	(e)-beta-ionone	(E)-beta-ionone	638014
C6443	squalene	squalene	638072
C5467	methyl (e)-2-butenoate	methyl (E)-2-butenoate	638132
C2397	4-methoxycinnamaldehyde	4-methoxycinnamaldehyde	641294
C5820	o-methoxy cinnamaldehyde	o-methoxy cinnamaldehyde	641298
C2418	4-methyleneisophorone	4-methyleneisophorone	641351
C1284	(z)-lachnophyllum ester	(Z)-lachnophyllum ester	642290
C1145	(z)-3-butylidenephthalide	(Z)-3-butylidenephthalide	642376
C6601	trans-abienol	trans-abienol	643003
C2164	3-hexenal	3-hexenal	643139
C1216	(z)-abienol	(Z)-abienol	643723
C1260	(z)-citral	(Z)-citral	643779
C5478	methyl (z)-2-butenoate	methyl (Z)-2-butenoate	643800
C5561	methyl palmitoleate	methyl palmitoleate	643801
C424	cis-geraniol	cis-geraniol	643820
C1151	(z)-3-hexanal	(Z)-3-hexanal	643941
C3629	cannabidiol	cannabidiol	644019
C6283	sa3	sa3	657084
C4178	dehydrovomifoliol	dehydrovomifoliol	688492
C989	(e)-isoeugenol	(E)-isoeugenol	853433
C991	(e)-isoeugenyl acetate	(E)-isoeugenyl acetate	876160
C4402	endo-borneol	endo-borneol	1201518
C4129	d-fenchone	d-fenchone	1201521
C240	alpha-campholenal	alpha-campholenal	1252759
C6966	nootkatone	nootkatone	1268142
C1283	(z)-jasmone	(Z)-jasmone	1549018
C996	(e)-jasmone	(E)-jasmone	1549019
C3898	cis-geranyl acetate	cis-geranyl acetate	1549025
C3341	beta-geranyl acetate	beta-geranyl acetate	1549026
C62	(z)-anethole	(Z)-anethole	1549040
C1279	(z)-isoeugenol	(Z)-isoeugenol	1549041
C71	(z)-methyl isoeugenol	(Z)-methyl isoeugenol	1549045
C423	cis-farnesol	cis-farnesol	1549107
C1268	(Z)-Farnesol	(Z)-Farnesol	1549108
C4754	geranyl? acetone	geranyl acetone	1549778
C3480	bisabolol	bisabolol	1549992
C562	farnesyl acetone	farnesyl acetone	1711945
C3997	cis-rose oxide	cis-rose oxide	1712087
C33	(e)-geranyl acetone	(E)-geranyl acetone	1713001
C5483	methyl (z)-dihydrojasmonate	methyl (Z)-dihydrojasmonate	1738124
C769	(-)-caryophyllene oxide	(-)-caryophyllene oxide	1742210
C5087	isocaryophyllene? oxide	isocaryophyllene oxide	1742211
C5223	junipene	junipene	1796220
C795	(+)terpinen-4-ol	(+)-terpinen-4-ol	2724161
C1405	1-heneicosene	1-heneicosene	3015374
C4341	docosanal	docosanal	3017068
C2246	3-methylpentyl isobutyrate	3-methylpentyl isobutyrate	3019777
C4590	eugenol isobutyrate	eugenol isobutyrate	3019983
C68	(z)-gamma-bisabolene	(Z)-gamma-bisabolene	3033866
C715	manool	manool	3034394
C4365	drimenol	drimenol	3080551
C3180	atractylone	atractylone	3080635
C464	curzerenone	curzerenone	3081930
C3631	capillene	capillene	3083613
C5290	leptospermone	leptospermone	3083632
C5739	neocnidilide	neocnidilide	3083857
C488	delta-cadinol	delta-cadinol	3084311
C2958	alpha-epi-muurolol	alpha-epi-muurolol	3084331
C4595	eugenyl isovalerate	eugenyl isovalerate	3085213
C6338	sedanenolide	sedanenolide	3085257
C4040	citronellyl citronellate	citronellyl citronellate	3086155
C6233	prochamazulene	prochamazulene	3483298
C1694	17-heptadecanolide	17-heptadecanolide	3639916
C5063	isobutylacetate	isobutylacetate	4275592
C6339	sedanolide	sedanolide	5018391
C3645	carissone	carissone	5086419
C3214	benzyl cinnamate	benzyl cinnamate	5273469
C5517	methyl farnesate	methyl farnesate	5275508
C4724	geranic acid	geranic acid	5275520
C1026	(e)-phytol	(E)-phytol	5280435
C709	linoleic acid	linoleic acid	5280450
C1258	(z)-cinnamyl alcohol	(Z)-cinnamyl alcohol	5280511
C866	(e)-2-hexadecenal	(E)-2-hexadecenal	5280541
C4610	farnesal	farnesal	5280598
C2669	8-hydroxylinalool	8-hydroxylinalool	5280678
C2982	alpha-linolenic acid	alpha-linolenic acid	5280934
C1206	(z)-6-octadecenoic acid	(Z)-6-octadecenoic acid	5281125
C560	falcarinol	falcarinol	5281149
C4510	ethyl (e)-2-methyl-2-butenoate	ethyl (E)-2-methyl-2-butenoate	5281163
C16	(e)-3-hexenol	(E)-3-hexenol	5281167
C11	(e)-2-hexenal	(E)-2-hexenal	5281168
C4744	geranyl geraniol	geranyl geraniol	5281365
C5737	neocembrene A	neocembrene A	5281384
C6897	xanthatin	xanthatin	5281511
C765	(-)-beta-caryophyllene	(-)-beta-caryophyllene	5281515
C923	(e)-alpha-farnesene	(E)-alpha-farnesene	5281516
C22	(e)-beta-farnesene	(E)-beta-farnesene	5281517
C599	germacrene b	germacrene b	5281519
C3062	alpha -caryophyllene	alpha-caryophyllene	5281520
C3275	beta-caryophyllen	beta-caryophyllen	5281522
C3024	alpha-santalol	alpha-santalol	5281531
C3031	alpha-sinensal	alpha-sinensal	5281534
C3412	beta-sinensal	beta-sinensal	5281535
C932	(E)-beta--ocimene	(E)-beta-ocimene	5281553
C1227	(z)-asarone	(Z)-asarone	5281758
C5542	methyl jasmonate	methyl jasmonate	5281929
C18	(e)-alpha-ionone	(E)-alpha-ionone	5282108
C4730	geraniol formate	geraniol formate	5282109
C28	(e)-cinnamyl acetate	(E)-cinnamyl acetate	5282110
C545	ethyl linoleate	ethyl linoleate	5282184
C870	(e)-2-hexenoic acid	(E)-2-hexenoic acid	5282707
C882	(e)-2-octenoic acid	(E)-2-octenoic acid	5282714
C1179	(z)-3-octenoic acid	(Z)-3-octenoic acid	5282715
C1202	(z)-5-octenoic acid	(Z)-5-octenoic acid	5282718
C1728	2-decenoic acid	2-decenoic acid	5282724
C1732	2-dodecenoic acid	2-dodecenoic acid	5282729
C917	(e)-9-hexadecenoic acid	(E)-9-hexadecenoic acid	5282745
C2704	9-dodecenol	9-dodecenol	5283277
C10	(e)-2-heptenal	(E)-2-heptenal	5283316
C881	(e)-2-octenal	(E)-2-octenal	5283324
C1019	(e)-oct-3-enal	(E)-oct-3-enal	5283325
C14	(e)-2-nonenal	(E)-2-nonenal	5283335
C5784	nonadienal	nonadienal	5283339
C8	(e)-2-decenal	(E)-2-decenal	5283345
C892	(e)-2-undecenal	(E)-2-undecenal	5283356
C861	(e)-2-dodecenal	(E)-2-dodecenal	5283361
C15	(e)-2-tridecenal	(E)-2-tridecenal	5283363
C889	(e)-2-tetradecenal	(E)-2-tetradecenal	5283366
C2721	9-octadecenal	9-octadecenal	5283381
C1212	(z)-9-octadecenamide	(Z)-9-octadecenamide	5283387
C5607	monoolein	monoolein	5283468
C536	ergost-5-en-3beta-ol	ergost-5-en-3beta-ol	5283637
C5544	methyl linoleate	methyl linoleate	5284421
C2163	3-hexen-1-ol	3-hexen-1-ol	5284503
C37	(e)-nerolidol	(E)-nerolidol	5284507
C1266	(z)-ethyl cinnamate	(Z)-ethyl cinnamate	5284656
C6398	sh4	sh4	5289359
C6183	physeteric acid	physeteric acid	5312400
C880	(e)-2-nonenoic acid	(E)-2-nonenoic acid	5312586
C1188	(z)-4-heptenoic acid	(Z)-4-heptenoic acid	5312595
C7167	yomogi alcohol	yomogi alcohol	5315406
C17	(e)-alpha-bisabolene	(E)-alpha-bisabolene	5315468
C3142	ar-tumerol	ar-tumerol	5315469
C5366	m-camphorene	m-camphorene	5315649
C962	(e)-cinnamyl alcohol	(E)-cinnamyl alcohol	5315892
C66	(z)-cinnamyl acetate	(Z)-cinnamyl acetate	5315912
C2938	alpha-corocalene	alpha-corocalene	5316074
C313	beta-acoradiene	beta-acoradiene	5316209
C218	acorone	acorone	5316254
C496	dendrolasin	dendrolasin	5316534
C2254	3-nonen-2-one	3-nonen-2-one	5317045
C3840	cis-beta-farnesene	cis-beta-farnesene	5317319
C4793	germacrene? d	germacrene d	5317570
C255	alpha-guaiene	alpha-guaiene	5317844
C1768	2-heptenol	2-heptenol	5318017
C869	(e)-2-hexen-1-ol	(E)-2-hexen-1-ol	5318042
C6092	pellitorine	pellitorine	5318516
C5103	isoegomaketone	isoegomaketone	5318556
C988	(e)-isoelemicin	(E)-isoelemicin	5318557
C1903	2-octenol	2-octenol	5318599
C70	(z)-ligustilide	(Z)-ligustilide	5319022
C5545	methyl linolenate	methyl linolenate	5319706
C5648	myrtenyl isovalerate	myrtenyl isovalerate	5319992
C3955	cis-nerolidol	cis-nerolidol	5320128
C925	(e)-alpha-ocimene	(E)-alpha-ocimene	5320249
C1229	(z)-beta- ocimene	(Z)-beta-ocimene	5320250
C3173	artemisia triene	artemisia triene	5320377
C6091	patchoulenone	patchoulenone	5320424
C6214	pogostol	pogostol	5320651
C846	(e)-1-propenyl propyl disulfide	(E)-1-propenyl propyl disulfide	5320722
C3021	alpha-santalal	alpha-santalal	5321103
C6403	shyobunone	shyobunone	5321293
C3032	alpha-teresantalic acid	alpha-teresantalic acid	5321816
C1862	2-methylcrotonaldehyde	2-methylcrotonaldehyde	5321950
C5582	methyl tiglate	methyl tiglate	5323652
C1132	(z)-2-hexenol	(Z)-2-hexenol	5324489
C41	(e)-sesquilavandulol	(E)-sesquilavandulol	5352145
C1312	(z)-sesquilavandulol	(Z)-sesquilavandulol	5352147
C1172	(z)-3-hexenyl octanoate	(Z)-3-hexenyl octanoate	5352267
C2166	3-hexenyl butyrate	3-hexenyl butyrate	5352331
C32	(e)-gamma-bisabolene	(E)-gamma-bisabolene	5352437
C1165	(z)-3-hexenyl butanoate	(Z)-3-hexenyl butanoate	5352438
C4636	fokienol	fokienol	5352449
C3541	butyl tiglate	butyl tiglate	5352450
C1611	10-demethylsqualene	10-demethylsqualene	5352455
C871	(e)-2-hexenyl benzoate	(E)-2-hexenyl benzoate	5352456
C872	(e)-2-hexenyl isobutyrate	(E)-2-hexenyl isobutyrate	5352462
C3359	beta-ionone epoxide	beta-ionone epoxide	5352481
C1667	14-hydroxy-9-epi-(e)-caryophyllene	14-hydroxy-9-epi-(E)-caryophyllene	5352484
C1168	(z)-3-hexenyl isobutyrate	(Z)-3-hexenyl isobutyrate	5352539
C1452	1-octenyl acetate	1-octenyl acetate	5352540
C56	(z)-3-hexenyl hexanoate	(Z)-3-hexenyl hexanoate	5352543
C820	(3E)-hexenyl acetate	(3E)-hexenyl acetate	5352557
C4872	hex-3-enyl benzoate	hex-3-enyl benzoate	5352601
C59	(z)-alpha-bisabolene	(Z)-alpha-bisabolene	5352653
C849	(e)-1-propenyl propyl trisulfide	(E)-1-propenyl propyl trisulfide	5352693
C1118	(z)-1-propenyl propyl trisulfide	(Z)-1-propenyl propyl trisulfide	5352694
C4282	dihydroaplotaxene	dihydroaplotaxene	5352709
C3130	aplotaxene	aplotaxene	5352710
C5479	methyl (z)-4-octenoate	methyl (Z)-4-octenoate	5352774
C1194	(z)-4-octenyl acetate	(Z)-4-octenyl acetate	5352819
C1195	(z)-4-octenyl butyrate	(Z)-4-octenyl butyrate	5352820
C912	(e)-4-hepten-2-ol	(E)-4-hepten-2-ol	5352825
C862	(e)-2-dodecenol	(E)-2-dodecenol	5352845
C4774	germacren d-4-ol	germacren d-4-ol	5352847
C6440	spilanthol	spilanthol	5353001
C4741	geranyl benzoate	geranyl benzoate	5353011
C1138	(z)-2-nonenal	(Z)-2-nonenal	5354833
C1124	(z)-2-decenal	(Z)-2-decenal	5354834
C6948	neryl formate	neryl formate	5354882
C1157	(z)-3-hexenoic acid	(Z)-3-hexenoic acid	5355152
C3789	cinnamyl butyrate	cinnamyl butyrate	5355254
C4750	geranyl propanoate	geranyl propanoate	5355853
C285	amyl cinnamate	amyl cinnamate	5355854
C405	cinnamyl isovalerate	cinnamyl isovalerate	5355855
C591	geranyl butyrate	geranyl butyrate	5355856
C3215	benzyl crotonate	benzyl crotonate	5356259
C73	(z)-nerolidol	(Z)-nerolidol	5356544
C6916	z-nerolidyl acetate	z-nerolidyl acetate	5357157
C1130	(z)-2-heptenal	(Z)-2-heptenal	5362616
C1185	(z)-4-decenal	(Z)-4-decenal	5362620
C5530	methyl hexadecenoate	methyl hexadecenoate	5362679
C1144	(z)-2-undecene	(Z)-2-undecene	5362715
C1209	(z)-7-dodecenol	(Z)-7-dodecenol	5362794
C1186	(z)-4-decenol	(Z)-4-decenol	5362798
C914	(e)-6-nonenol	(E)-6-nonenol	5362811
C1187	(z)-4-heptenal	(Z)-4-heptenal	5362814
C4746	geranyl isovalerate	geranyl isovalerate	5362830
C5115	isogeraniol	isogeraniol	5362876
C2411	4-methyl-4-hepten-3-one	4-methyl-4-hepten-3-one	5362893
C2500	5-hepten-2-one	5-hepten-2-one	5363108
C2515	5-methyl-3-hexen-2-one	5-methyl-3-hexen-2-one	5363140
C906	(e)-3-octenyl acetate	(E)-3-octenyl acetate	5363205
C859	(e)-2-decenyl acetate	(E)-2-decenyl acetate	5363207
C904	(e)-3-octen-2-one	(E)-3-octen-2-one	5363229
C547	ethyl oleate	ethyl oleate	5363269
C515	dodecenyl acetate	dodecenyl acetate	5363334
C1162	(z)-3-hexenyl acetate	(Z)-3-hexenyl acetate	5363388
C1013	(e)-nerolidyl acetate	(E)-nerolidyl acetate	5363426
C1199	(z)-5-decenyl acetate	(Z)-5-decenyl acetate	5363513
C6543	thunbergol	thunbergol	5363523
C2712	9-hexacosene	9-hexacosene	5363630
C2438	4-oxo-beta-ionone	4-oxo-beta-ionone	5363876
C4511	ethyl (e)-2-octenoate	ethyl (E)-2-octenoate	5364399
C5468	methyl (e)-2-hexenoate	methyl (E)-2-hexenoate	5364409
C903	(e)-3-nonene	(E)-3-nonene	5364453
C2664	8-dodecenol	8-dodecenol	5364469
C1214	(z)-9-tetradecenal	(Z)-9-tetradecenal	5364471
C2256	3-octen-1-ol	3-octen-1-ol	5364475
C1301	(z)-octadec-9-enal	(Z)-octadec-9-enal	5364492
C5480	methyl (z)-9-octadecenoate	methyl (Z)-9-octadecenoate	5364509
C2665	8-heptadecene	8-heptadecene	5364555
C1126	(z)-2-dodecene	(Z)-2-dodecene	5364558
C897	(e)-3-hepten-2-one	(E)-3-hepten-2-one	5364578
C212	9-octadecene	9-octadecene	5364599
C2490	5-eicosene	5-eicosene	5364600
C1178	(z)-3-nonenol	(Z)-3-nonenol	5364631
C885	(e)-2-pentenal	(E)-2-pentenal	5364752
C4509	ethyl (e)-2-hexenoate	ethyl (E)-2-hexenoate	5364778
C3524	butyl angelate	butyl angelate	5364789
C1141	(z)-2-pentenol	(Z)-2-pentenol	5364919
C886	(e)-2-pentenol	(E)-2-pentenol	5364920
C879	(e)-2-nonen-1-ol	(E)-2-nonen-1-ol	5364941
C9	(e)-2-decenol	(E)-2-decenol	5364942
C1174	(z)-3-hexenyl propanoate	(Z)-3-hexenyl propanoate	5365049
C4752	geranyl valerate	geranyl valerate	5365850
C4747	geranyl linalool	geranyl linalool	5365872
C3895	cis-farnesal	cis-farnesal	5365890
C1819	2-methyl-2-pentenoic acid	2-methyl-2-pentenoic acid	5365909
C736	methyl geranate	methyl geranate	5365910
C5553	methyl nerate	methyl nerate	5365912
C5770	neryl propionate	neryl propionate	5365982
C5766	neryl isobutyrate	neryl isobutyrate	5365991
C4742	geranyl caproate	geranyl caproate	5365992
C3527	butyl crotonate	butyl crotonate	5366039
C938	(e)-beta-damascenone	(E)-beta-damascenone	5366074
C6384	sesquirosefuran	sesquirosefuran	5366078
C2271	3-pentene-2-ol	3-pentene-2-ol	5366239
C4924	hotrienol	hotrienol	5366264
C1816	2-methyl-2-butenol	2-methyl-2-butenol	5366266
C4535	ethyl linolenate	ethyl linolenate	5367460
C1210	(z)-9-hexadecenol	(Z)-9-hexadecenol	5367661
C1170	(z)-3-hexenyl isovalerate	(Z)-3-hexenyl isovalerate	5367681
C1175	(z)-3-hexenyl valerate	(Z)-3-hexenyl valerate	5367682
C1173	(z)-3-hexenyl phenylacetate	(Z)-3-hexenyl phenylacetate	5367698
C55	(z)-3-hexenyl benzoate	(Z)-3-hexenyl benzoate	5367706
C6252	propyl tiglate	propyl tiglate	5367762
C3790	cinnamyl tiglate	cinnamyl tiglate	5367766
C596	geranyl tiglate	geranyl tiglate	5367785
C5473	methyl (e)-dec-2-enoate	methyl (E)-dec-2-enoate	5368064
C5836	ocimenol	ocimenol	5368785
C225	allo-ocimene	allo-ocimene	5368821
C79	(z)-tagetone	(Z)-tagetone	5368956
C2435	4-octen-3-one	4-octen-3-one	5369061
C2265	3-oxo-alpha-ionol	3-oxo-alpha-ionol	5370052
C4142	davana ether	davana ether	5370105
C6713	trans-nuciferol	trans-nuciferol	5370837
C2977	alpha-irone	alpha-irone	5371002
C6935	neo-allo-ocimene	neo-allo-ocimene	5371125
C4130	d-Germacrene	d-Germacrene	5373727
C3357	beta-ionol	beta-ionol	5373729
C2180	3-methoxycinnamaldehyde	3-methoxycinnamaldehyde	5373819
C3783	cinerolone	cinerolone	5374041
C939	(e)-beta-damascone	(E)-beta-damascone	5374527
C2493	5-epi-aristolochene	5-epi-aristolochene	5460659
C2568	6-methyl-3-hepten-2-one	6-methyl-3-hepten-2-one	5462986
C1222	(z)-alpha-ocimene	(Z)-alpha-ocimene	5463455
C2198	3-methyl-2-octene	3-methyl-2-octene	5463609
C883	(e)-2-octenyl acetate	(E)-2-octenyl acetate	5463875
C5275	lavandulol	lavandulol	5464156
C6921	zerumbone	zerumbone	5470187
C911	(e)-4-decenal	(E)-4-decenal	5702654
C34	(e)-ligustilide	(E)-ligustilide	5877292
C594	geranyl isobutyrate	geranyl isobutyrate	6086514
C2167	3-hexenyl formate	3-hexenyl formate	6306732
C4749	geranyl octanoate	geranyl octanoate	6365696
C30	(e)-citronellyl tiglate	(E)-citronellyl tiglate	6386037
C6680	trans-isolongifolanone	trans-isolongifolanone	6427070
C6557	thymoquinol dimethylether	thymoquinol dimethylether	6427071
C1139	(z)-2-octenal	(Z)-2-octenal	6427080
C4279	dihydroagarofuran	dihydroagarofuran	6427117
C5364	lyratyl acetate	lyratyl acetate	6427141
C7156	verbenene	verbenene	6427476
C3763	cedroxide	cedroxide	6427485
C442	cis-sabinene hydrate acetate	cis-sabinene hydrate acetate	6427493
C445	cis-verbenyl acetate	cis-verbenyl acetate	6427494
C5322	linalool oxide acetate (pyranoid)	linalool oxide acetate (pyranoid)	6427501
C6756	trans-sabinene hydrate acetate	trans-sabinene hydrate acetate	6427504
C3167	artedouglosia oxide a	artedouglosia oxide a	6427513
C3166	artedouglasia oxide c	artedouglasia oxide c	6427515
C1006	(e)-linalool oxide (pyranoid)	(E)-linalool oxide (pyranoid)	6427788
C7129	trans-pinene hydrate	trans-pinene hydrate	6428289
C4298	dihydroedulan ii	dihydroedulan ii	6428308
C5244	khusimone	khusimone	6428327
C4466	eremophyllene	eremophyllene	6428416
C7142	trans-verbenyl acetate	trans-verbenyl acetate	6428417
C1016	(e)-nuciferyl acetate	(E)-nuciferyl acetate	6428427
C43	(e)-tagetenone	(E)-tagetenone	6428431
C78	(z)-tagetenone	(Z)-tagetenone	6428432
C6342	selin-11-en-4-ol	selin-11-en-4-ol	6428433
C4009	cis-sesquisabinene hydrate	cis-sesquisabinene hydrate	6428435
C3495	bornyl angelate	bornyl angelate	6428437
C1652	11-selinen-4-ol	11-selinen-4-ol	6428439
C3496	bornyl benzoate	bornyl benzoate	6428443
C6194	pinocampheol	pinocampheol	6428456
C1293	(z)-methyl cinnamate	(Z)-methyl cinnamate	6428458
C4006	cis-sabinyl acetate	cis-sabinyl acetate	6428460
C227	alpha-alaskene	alpha-alaskene	6428487
C6930	zonarene	zonarene	6428488
C6186	phytol acetate	phytol acetate	6428538
C3915	cis-linalool oxide (pyranoid)	cis-linalool oxide (pyranoid)	6428574
C1131	(z)-2-hexenal	(Z)-2-hexenal	6428782
C884	(e)-2-pentadecenal	(E)-2-pentadecenal	6428898
C6277	rosefuran epoxide	rosefuran epoxide	6428926
C5114	isogeranial	isogeranial	6428928
C2169	3-hydroxy-4-phenyl-2-butanone	3-hydroxy-4-phenyl-2-butanone	6428929
C6540	thujopsadiene	thujopsadiene	6428961
C1620	10-epi-eudesmol	10-epi-eudesmol	6428994
C1257	(z)-cinnamaldehyde	(Z)-cinnamaldehyde	6428995
C7111	trans-calamenene	trans-calamenene	6429022
C4147	davanone b	davanone b	6429031
C5767	neryl isovalerate	neryl isovalerate	6429039
C7136	trans-sabinol	trans-sabinol	6429076
C1251	(z)-calamenene	(Z)-calamenene	6429077
C1632	10-nor-calamenen-10-one	10-nor-calamenen-10-one	6429078
C4798	gleenol	gleenol	6429080
C1808	2-methoxy-6-methylacetophenone	2-methoxy-6-methylacetophenone	6429092
C5550	methyl myrtenate	methyl myrtenate	6429099
C6670	trans-epoxyocimene	trans-epoxyocimene	6429141
C5091	isocedrol	isocedrol	6429152
C3837	cis-bejarol	cis-bejarol	6429172
C1015	(e)-nuciferal	(E)-nuciferal	6429176
C39	(e)-nuciferol	(E)-nuciferol	6429177
C1017	(e)-nuciferyl formate	(E)-nuciferyl formate	6429178
C74	(z)-nuciferal	(Z)-nuciferal	6429179
C5647	myrtenyl formate	myrtenyl formate	6429195
C6613	trans-anhydrolinalool oxide	trans-anhydrolinalool oxide	6429213
C6619	trans-ascaridole	trans-ascaridole	6429269
C2705	9-epi-(e)-caryophyllene	9-epi-(E)-caryophyllene	6429274
C1255	(z)-caryophyllene	(Z)-caryophyllene	6429301
C919	(e)-alpha-bergamotene	(E)-alpha-bergamotene	6429302
C1311	(z)-salvene	(Z)-salvene	6429323
C1035	(e)-salvene	(E)-salvene	6429324
C4174	dehydroionene	dehydroionene	6429341
C5888	oplopenone	oplopenone	6429350
C4772	germacren-4-ol	germacren-4-ol	6429375
C2149	3-dodecenal	3-dodecenal	6430159
C7137	trans-sabinyl acetate	trans-sabinyl acetate	6430313
C559	exo-fenchyl acetate	exo-fenchyl acetate	6430689
C2710	9-heptacosene	9-heptacosene	6430701
C2720	9-nonacosene	9-nonacosene	6430702
C2724	9-pentacosene	9-pentacosene	6430704
C2725	9-tetracosene	9-tetracosene	6430705
C4428	epi-cedrane	epi-cedrane	6430718
C5625	muuroladiene	muuroladiene	6430720
C3165	arteannuic alcohol	arteannuic alcohol	6430725
C1388	1-endo-bourbonanol	1-endo-bourbonanol	6430727
C105	10-epi- gamma-eudesmol	10-epi-gamma-eudesmol	6430754
C1295	(z)-methyl jasmonate	(Z)-methyl jasmonate	6430765
C3765	cembrene	cembrene	6430770
C6027	p-mentha-3-en-8-ol	p-mentha-3-en-8-ol	6430773
C3992	cis-piperitone epoxide	cis-piperitone epoxide	6430796
C4163	dehydro-sesquicineole	dehydro-sesquicineole	6430797
C7131	trans-piperitone oxide	trans-piperitone oxide	6430800
C6110	pentyl 2-methyl-2-butenoate	pentyl 2-methyl-2-butenoate	6430804
C5635	myrcenone*	myrcenone	6430826
C5757	neryl-n-heptanoate	neryl-n-heptanoate	6430829
C1307	(z)-phytol	(Z)-phytol	6430833
C6892	vulgarone	vulgarone	6430834
C6715	trans-ocimenol	trans-ocimenol	6430998
C3080	alpha?-cedrene	alpha-cedrene	6431015
C705	linalool propanoate	linalool propanoate	6431132
C3870	cis-chrysanthenyl acetate	cis-chrysanthenyl acetate	6431301
C6758	trans-sabinenehydrate	trans-sabinenehydrate	6431628
C575	gamma-eudesmol	gamma-eudesmol	6432005
C1659	13-epi-manoyl oxide	13-epi-manoyl oxide	6432025
C6903	ylangene	ylangene	6432119
C4276	dihydroactinidolide	dihydroactinidolide	6432173
C213	abietatriene	abietatriene	6432211
C7115	trans-chrysanthemal	trans-chrysanthemal	6432223
C5134	isomenthyl acetate	isomenthyl acetate	6432225
C616	hedycaryol	hedycaryol	6432240
C1004	(e)-linalool oxide	(E)-linalool oxide	6432254
C4638	fragranol	fragranol	6432285
C6683	trans-isopulegone	trans-isopulegone	6432305
C573	gamma-elemene	gamma-elemene	6432312
C570	gamma-cadinene	gamma-cadinene	6432404
C5353	longiborneol	longiborneol	6432447
C1040	(e)-thujone	(E)-thujone	6432452
C4575	eudesm-7(11)-en-4-ol	eudesm-7(11)-en-4-ol	6432454
C3931	cis-menthone	cis-menthone	6432469
C3670	carvotanacetone	carvotanacetone	6432475
C4794	germacrone	germacrone	6436348
C5771	neryl valerate	neryl valerate	6436375
C993	(e)-isomyristicin	(E)-isomyristicin	6436484
C5268	lantadene a	lantadene a	6436598
C3134	apritone	apritone	6437428
C588	geranyl 2-methylbutyrate	geranyl 2-methylbutyrate	6437648
C6271	reduced lantadene a	reduced lantadene a	6438155
C4894	hexenyl acetate	hexenyl acetate	6438320
C6840	valerenic acid	valerenic acid	6440940
C7155	valerenal	valerenal	6440942
C4085	curdione	curdione	6441391
C4645	furanodienone	furanodienone	6442374
C5526	methyl hexadecadienoate	methyl hexadecadienoate	6443015
C5866	octenol	octenol	6443047
C4351	dodecenol	dodecenol	6443191
C947	(e)-beta-santalol	(E)-beta-santalol	6450269
C4735	geranyl-n-heptanoate	geranyl-n-heptanoate	6450452
C341	beta-gurjunene	beta-gurjunene	6450812
C6887	vitispirane	vitispirane	6450832
C6434	solanone	solanone	6451337
C3075	alpha thujene	alpha thujene	6451618
C5220	junenol	junenol	6452077
C2950	alpha-cyperone	alpha-cyperone	6452086
C6708	trans-myrtanol	trans-myrtanol	6452351
C6387	Sesquiterpene	Sesquiterpene	6473767
C3908	cis-lanceol	cis-lanceol	6536796
C946	(e)-beta-ocimene epoxide	(E)-beta-ocimene epoxide	6538431
C5720	neo-isopulegol	neo-isopulegol	6553885
C4429	epi-cedrol	epi-cedrol	6713078
C3831	cis-alpha-santalol	cis-alpha-santalol	6857559
C3403	beta-santalol	beta-santalol	6857681
C3182	avocadenofuran	avocadenofuran	6857792
C3185	avocadynofuran	avocadynofuran	6857797
C3237	beta- elemene	beta-elemene	6918391
C6648	trans-carvyl acetate	trans-carvyl acetate	6951358
C338	beta-fenchol	beta-fenchol	6973643
C6332	sclareol oxide	sclareol oxide	7057250
C1032	(e)-rose? oxide	(E)-rose oxide	7093102
C531	epi-globulol	epi-globulol	7308311
C3758	cedrane	cedrane	9548702
C4464	eremophilane	eremophilane	9548704
C598	germacrene a	germacrene a	9548706
C2812	aliphatics	aliphatics	9582190
C7154	valencene	valencene	9855795
C6845	valerianol	valerianol	9859337
C824	(3Z)-hexenol	(3Z)-hexenol	10057450
C3996	cis-pulegol	cis-pulegol	10080594
C315	beta-bisabolene	beta-bisabolene	10104370
C2390	4-isopropylsalicylaldehyde	4-isopropylsalicylaldehyde	10149024
C2376	4-hydroxy-beta-ionone	4-hydroxy-beta-ionone	10176665
C789	(+)-beta-pinene	(+)-beta-pinene	10290825
C3061	alpha -cadinol	alpha-cadinol	10398656
C5095	isocurcumenol	isocurcumenol	10399139
C6985	oplopanone	oplopanone	10466745
C4943	humulene? epoxide? ii	humulene epoxide ii	10704181
C205	7-epi-alpha-selinene	7-epi-alpha-selinene	10726905
C6643	trans-calamenen-10-ol	trans-calamenen-10-ol	10798883
C3137	ar-curcumen-15-al	ar-curcumen-15-al	10846393
C272	alpha-selinene	alpha-selinene	10856614
C3090	ambrox	ambrox	10857465
C646	hinesol	hinesol	10878761
C794	(+)sabinene	(+)-sabinene	10887971
C352	beta-santalene	beta-santalene	10889018
C1658	13-epi-manool	13-epi-manool	10891602
C758	(-)-alloaromadendrene	(-)-alloaromadendrene	10899740
C791	(+)-ledene	(+)-ledene	10910653
C5379	maaliol	maaliol	10944069
C3326	beta-elemenone	beta-elemenone	10955018
C4363	drimenal	drimenal	10955102
C5292	liguloxide	liguloxide	10955170
C6991	patchouli alcohol	patchouli alcohol	10955174
C5121	isoitalicene	isoitalicene	10987385
C5000	iso-isopulegol	iso-isopulegol	11008146
C5832	occidol	occidol	11020369
C4283	dihydroartemisinic acid	dihydroartemisinic acid	11020893
C1243	(z)-beta-santalol	(Z)-beta-santalol	11031396
C5470	methyl (e)-2-octenoate	methyl (E)-2-octenoate	11040937
C783	(-)sabinene	(-)-sabinene	11051711
C6143	pethybrene	pethybrene	11052748
C60	(z)-alpha-santalol	(Z)-alpha-santalol	11085337
C787	(+)-aromadendrene	(+)-aromadendrene	11095734
C527	epi-beta-santalene	epi-beta-santalene	11106484
C323	beta-cedrene	beta-cedrene	11106485
C3913	cis-linalool oxide	cis-linalool oxide	11116492
C3141	ar-himachalene	ar-himachalene	11117119
C5128	isolongifolene	isolongifolene	11127402
C3069	alpha -zingiberene	alpha-zingiberene	11127403
C5827	occidentalol	occidentalol	11138655
C5009	isoabienol	isoabienol	11220007
C4065	cubebol*	cubebol	11276107
C7139	trans-theaspirane	trans-theaspirane	11298500
C4918	hinesene	hinesene	11310242
C691	kessane	kessane	11310616
C6331	sclarene	sclarene	11323257
C6510	tetrahydroaplotaxene	tetrahydroaplotaxene	11413696
C5385	mayurone	mayurone	11481130
C2203	3-methyl-3-butenal	3-methyl-3-butenal	11622328
C1119	(z)-1-propenyl sec-butyl disulfide	(Z)-1-propenyl sec-butyl disulfide	11636857
C4165	dehydroabietal	dehydroabietal	11694869
C1367	1-bisabolone	1-bisabolone	11736155
C6326	sativene	sativene	11830550
C2972	alpha-himachalene	alpha-himachalene	11830551
C4448	epiglobulol	epiglobulol	11858788
C4058	cryptomerione	cryptomerione	11964091
C1147	(z)-3-dodecenoic acid	(Z)-3-dodecenoic acid	11966238
C6575	torreyol	torreyol	11990360
C7161	viridiflorol	viridiflorol	11996452
C530	epi-cubenol	epi-cubenol	12046149
C4838	heneicosanal	heneicosanal	12052911
C1238	(z)-beta-ionone	(Z)-beta-ionone	12224082
C3862	cis-carvotanacetol	cis-carvotanacetol	12233170
C4017	cis-totarol	cis-totarol	12281309
C4536	ethyl methylthioacetate	ethyl methylthioacetate	12284386
C7104	trans-beta-bergamotene	trans-beta-bergamotene	12300069
C3254	beta-bergamotene	beta-bergamotene	12300073
C1668	14-hydroxy-9-epi-caryophyllene	14-hydroxy-9-epi-caryophyllene	12300118
C835	(?)-epi-beta -bisabolol	(-)-epi-beta-bisabolol	12300148
C4401	endo-1-bourbonanol	endo-1-bourbonanol	12301996
C3268	beta-bulnesene	beta-bulnesene	12302131
C4823	guaioxide	guaioxide	12302138
C3269	beta-cadinol	beta-cadinol	12302231
C5079	isocalamendiol	isocalamendiol	12302240
C237	alpha-calacorene	alpha-calacorene	12302243
C3304	beta-costol	beta-costol	12304104
C2623	7-epi-alpha-eudesmol	7-epi-alpha-eudesmol	12304196
C2358	4-epi-cubebol	4-epi-cubebol	12304217
C4709	gamma -curcumene	gamma-curcumene	12304273
C5203	isoshyobunone	isoshyobunone	12304470
C6452	sylvestrene	sylvestrene	12304570
C1315	(z)-thujone	(Z)-thujone	12304612
C6220	preisocalamendiol	preisocalamendiol	12305705
C6929	zizanene	zizanene	12306046
C3078	alphaâ€”muurolene	alpha-muurolene	12306047
C235	alpha-cadinene	alpha-cadinene	12306048
C2863	alpha-amyrenone	alpha-amyrenone	12306155
C4126	cyperotundone	cyperotundone	12308615
C470	Cyperene	Cyperene	12308843
C1234	(z)-beta-damascenone	(Z)-beta-damascenone	12309006
C4355	dolabradiene	dolabradiene	12309316
C491	delta-elemene	delta-elemene	12309449
C4465	eremophilene	eremophilene	12309744
C4632	filifolone	filifolone	12309890
C584	geijerene	geijerene	12310053
C5130	isolongifolol	isolongifolol	12311096
C5614	mustakone	mustakone	12313013
C577	gamma-muurolene	gamma-muurolene	12313020
C6313	sandaracopimarinol	sandaracopimarinol	12314286
C5036	isoascaridole	isoascaridole	12314661
C6754	trans-pulegol	trans-pulegol	12314755
C6275	rimuene	rimuene	12314971
C6598	trans-4-thujanol	trans-4-thujanol	12315149
C6776	trans - sabinene hydrate	trans-sabinene hydrate	12315151
C4023	cis - sabinene hydrate	cis-sabinene hydrate	12315152
C443	cis-sabinol	cis-sabinol	12315160
C354	beta-sesquiphellandrene	beta-sesquiphellandrene	12315492
C4988	ipsenone	ipsenone	12402006
C4520	ethyl 5-hydroxyhexanoate	ethyl 5-hydroxyhexanoate	12429702
C786	(+)-alpha-thujene	(+)-alpha-thujene	12444324
C2797	acorenone	acorenone	12480741
C6751	trans-piperitone epoxide	trans-piperitone epoxide	12492569
C5204	isothujanol	isothujanol	12558032
C5764	neryl hexanoate	neryl hexanoate	12571389
C5961	p-menth-1-en-7-ol	p-menth-1-en-7-ol	12642427
C2516	5-methyl-5-hepten-2-one	5-methyl-5-hepten-2-one	12663436
C1730	2-decylfuran	2-decylfuran	12762300
C1744	2-ethyl-3-methylnaphthalene	2-ethyl-3-methylnaphthalene	13070203
C3482	bisabolol oxide a	bisabolol oxide a	13092559
C4647	furanogermenone	furanogermenone	13118284
C6925	zingiberenol	zingiberenol	13213649
C4302	dihydroencecalin	dihydroencecalin	13721211
C3962	cis-p-menth-2-en-7-ol	cis-p-menth-2-en-7-ol	13747942
C780	(-) -spathulenol	(-)-spathulenol	13854255
C1608	10-acetoxyneryl acetate	10-acetoxyneryl acetate	13857176
C179	3-thujopsanone	3-thujopsanone	13893399
C359	bicyclogermacrene	bicyclogermacrene	13894537
C76	(z)-p-menth-2-en-1-ol	(Z)-p-menth-2-en-1-ol	13918681
C6412	silphin-1-ene	silphin-1-ene	13919649
C5164	isopimaradiene	isopimaradiene	13969536
C5774	nezukol	nezukol	13969544
C3442	beta?curcumene	beta-curcumene	14014430
C4856	hepten-2-ol	hepten-2-ol	14015996
C2868	alpha-barbatene	alpha-barbatene	14037349
C4686	gamma-humulene	gamma-humulene	14038477
C4669	gamma-calacorene	gamma-calacorene	14038842
C3377	beta-oplopenone	beta-oplopenone	14038847
C685	isospathulenol	isospathulenol	14038848
C4124	cyperol	cyperol	14076601
C2550	6-camphenone	6-camphenone	14088350
C771	(-)-italicene ether	(-)-italicene ether	14105916
C2501	5-hydroxy-p-menth-6-en-2-one	5-hydroxy-p-menth-6-en-2-one	14106048
C3253	beta-barbatene	beta-barbatene	14109421
C4333	dipropyl pentasulfide	dipropyl pentasulfide	14123238
C5565	methyl perillate	methyl perillate	14159029
C6406	sibirene	sibirene	14167644
C4079	curcumanolide a	curcumanolide a	14191393
C4083	curcumol	curcumol	14240392
C5918	p-coumaryl acetate	p-coumaryl acetate	14320459
C7034	premnaspirodiene	premnaspirodiene	14355861
C875	(e)-2-methyl-2-butenyl angelate	(E)-2-methyl-2-butenyl angelate	14446957
C3424	beta-vetivenene	beta-vetivenene	14475467
C4990	ishwarane	ishwarane	14619932
C3055	alpha-turmerone	alpha-turmerone	14632996
C4240	deodarone	deodarone	14657303
C72	(z)-myroxide	(Z)-myroxide	14701631
C660	isobazzanene	isobazzanene	14830703
C2458	4(14)-salvialen-1-one	4(14)-salvialen-1-one	15118057
C3439	beta farnesene	beta farnesene	15228937
C3401	beta-santaldiol	beta-santaldiol	15276127
C2805	albene	albene	15558667
C605	germacrene-b	germacrene-b	15559495
C1285	(z)-lanceol	(Z)-lanceol	15560069
C5269	lantadene b	lantadene b	15560077
C4828	gurjunene	gurjunene	15560275
C256	alpha-gurjunene	alpha-gurjunene	15560276
C6341	Selin-11-en--4alpha-ol	Selin-11-en-4alpha-ol	15560330
C2495	5-epi-paradisol	5-epi-paradisol	15560332
C4985	intermedeol	intermedeol	15560333
C4166	dehydroabietol	dehydroabietol	15586718
C5970	p-menth-2-en-8-ol	p-menth-2-en-8-ol	15593948
C6888	vitispirane a	vitispirane a	15624540
C5214	italicene	italicene	15690922
C4634	flavesone	flavesone	15800949
C2813	alismol	alismol	15934381
C1163	(z)-3-hexenyl angelate	(Z)-3-hexenyl angelate	16220109
C6709	trans-myrtanyl acetate	trans-myrtanyl acetate	16656318
C5230	kaurene	kaurene	16667389
C3510	bulnesene	bulnesene	16679399
C2655	8-acetoxylinalool	8-acetoxylinalool	17755054
C3983	cis-pinane	cis-pinane	17755566
C2178	3-mercaptohexylacetate	3-mercaptohexylacetate	17774879
C6157	phenoxy ethanol	phenoxy ethanol	17848643
C2214	3-methylamyl methacrylate	3-methylamyl methacrylate	18361659
C1036	(E)-sesquisabinene hydrate	(E)-sesquisabinene hydrate	20055539
C5979	p-menth-6-en-3-one	p-menth-6-en-3-one	21069710
C6219	pregeijerene	pregeijerene	21160126
C4463	eremoligenol	eremoligenol	21591456
C3834	cis-arbusculone	cis-arbusculone	21630868
C7053	santolinyl acetate	santolinyl acetate	21630872
C2803	agarospirol	agarospirol	21675005
C6165	phenyl ethyl butyrate	phenyl ethyl butyrate	22012775
C3494	bornyl 2-methylbutyrate	bornyl 2-methylbutyrate	22082179
C4316	dimethoxycoumarin	dimethoxycoumarin	22114756
C1754	2-ethylhexenol	2-ethylhexenol	22116484
C3724	caryophylladienol i	caryophylladienol i	22212001
C6805	trimethylindoline	trimethylindoline	22266808
C5841	octadecadienyl acetate	octadecadienyl acetate	22292269
C4901	hexyl angelate	hexyl angelate	22297788
C4933	humulene epoxide	humulene epoxide	22559443
C1849	2-methylbutylacetate	2-methylbutylacetate	22716858
C663	isobornyl formate	isobornyl formate	23623868
C6395	sh1	sh1	24794391
C5119	isohumulene	isohumulene	24798696
C7103	trans-alpha-bisabolene	trans-alpha-bisabolene	24798703
C4955	hydroxy calamenene	hydroxy calamenene	24970829
C6385	sesquisabinene	sesquisabinene	25202482
C4203	delta-cuprenene	delta-cuprenene	25202927
C3364	beta-longipinene	beta-longipinene	25203064
C7041	rotundene	rotundene	25203405
C357	beta-ylangene	beta-ylangene	25244198
C4781	germacrene c	germacrene c	25244915
C229	alpha-aromadendrene	alpha-aromadendrene	42608156
C223	allo-aromadendrene	allo-aromadendrene	42608158
C7049	salvial-4(14)-en-1-one	salvial-4(14)-en-1-one	42608172
C6181	phyllocladanol	phyllocladanol	44237348
C4303	dihydroeudesmol	dihydroeudesmol	44559303
C6182	phyllocladene	phyllocladene	44559813
C6413	silphinene	silphinene	44567200
C5098	isocyperol	isocyperol	44576209
C3022	alpha-santaldiol	alpha-santaldiol	44583958
C6920	zedoarol	zedoarol	46173920
C1619	10-epi-cubebol	10-epi-cubebol	46187190
C6282	sa2	sa2	53245653
C6038	p-menthadienol	p-menthadienol	53249447
C6391	sesquithujene	sesquithujene	53359349
C540	ethyl dodecenoate	ethyl dodecenoate	53401860
C6100	pentadecenoic acid	pentadecenoic acid	53887649
C358	bicycloelemene	bicycloelemene	56842786
C2631	7-epi-sesquithujene	7-epi-sesquithujene	56927990
C1207	(z)-6-pentadecen-2-one	(Z)-6-pentadecen-2-one	56936219
C3302	beta-copaene*	beta-copaene	57339298
C5118	isohibaene	isohibaene	59284349
C5124	isoleptospermone	isoleptospermone	59518515
C4472	estragole (methyl chavicol)	estragole (methyl chavicol)	66957732
C7075	terpinen-4-ol acetate	terpinen-4-ol acetate	68749986
C1380	1-cyclohexenylmethylketone	1-cyclohexenylmethylketone	69688560
C5409	menthyl chavicol	menthyl chavicol	70235324
C6615	trans-arbusculone	trans-arbusculone	70555932
C244	alpha-copaene	alpha-copaene	70678558
C5840	octadecadienol	octadecadienol	71317672
C3985	cis-pinene	cis-pinene	71400046
C6321	santalone	santalone	71438766
C5897	oxidohimachalene	oxidohimachalene	71439330
C6272	reduced lantadene b	reduced lantadene b	71699285
C6396	sh2	sh2	72943177
C197	6-hydroxycarvotanacetone	6-hydroxycarvotanacetone	72993385
C6397	sh3	sh3	73010392
C5848	octadienyl formate	octadienyl formate	73472835
C5099	isodaucene	isodaucene	73809332
C6893	vulgarone a	vulgarone a	73809947
C776	(-)-pacifigorgiol	(-)-pacifigorgiol	73828281
C2632	7-epi-silphiperfol-5-ene	7-epi-silphiperfol-5-ene	74819460
C5051	isobornyl isovalerate	isobornyl isovalerate	76957121
C1960	2-propenylpropyltrisulfide	2-propenylpropyltrisulfide	77068263
C5358	longifolol	longifolol	78265163
C2196	3-methyl-2-butenylacetate	3-methyl-2-butenylacetate	78442153
C3132	apodophyllone	apodophyllone	85768975
C6461	teresantalal	teresantalal	85861298
C5768	neryl methacrylate	neryl methacrylate	87359211
C877	(e)-2-methyl-2-butenyl methacrylate	(E)-2-methyl-2-butenyl methacrylate	88242027
C4630	filifolide a	filifolide a	90472998
C3885	cis-dihydroagarofuran	cis-dihydroagarofuran	90478975
C3360	beta-isocomene	beta-isocomene	90658163
C6741	trans-pinane	trans-pinane	91015300
C876	(e)-2-methyl-2-butenyl isobutyrate	(E)-2-methyl-2-butenyl isobutyrate	91691590
C6841	valerenol	valerenol	91699505
C3485	bisabolone oxide a	bisabolone oxide a	91700388
C850	(e)-1-propenyl sec-butyl disulfide	(E)-1-propenyl sec-butyl disulfide	91704044
C4061	cubeban-11-ol	cubeban-11-ol	91704131
C689	italicene epoxide	italicene epoxide	91704566
C399	caryophyllenyl alcohol	caryophyllenyl alcohol	91704770
C4116	cycloseychellene	cycloseychellene	91711829
C4127	cyprotene	cyprotene	91715050
C606	germacrene-d	germacrene-d	91723653
C6231	prezizaene	prezizaene	91746458
C6090	patchoulene	patchoulene	91746471
C3675	caryolan-8-ol	caryolan-8-ol	91746499
C3848	cis-cadin-4-en-7-ol	cis-cadin-4-en-7-ol	91746528
C6691	trans-longipinanol	trans-longipinanol	91746582
C4438	epi-longipinanol	epi-longipinanol	91746617
C4012	cis-threo-davanafuran	cis-threo-davanafuran	91746618
C4297	dihydroedulan i	dihydroedulan i	91746670
C5246	khusinol acetate	khusinol acetate	91746699
C6226	presilphiperfol-7-ene	presilphiperfol-7-ene	91746704
C4168	dehydroaromadendrene	dehydroaromadendrene	91746711
C224	allo-aromadendrene epoxide	allo-aromadendrene epoxide	91746712
C3116	anastreptene	anastreptene	91746864
C528	epi-bicyclosesquiphellandrene	epi-bicyclosesquiphellandrene	91747125
C1651	11-norbourbonan-1-one	11-norbourbonan-1-one	91747141
C7098	torilenol	torilenol	91747180
C4063	cubebene	cubebene	91747196
C5355	longicamphenylone	longicamphenylone	91747202
C6875	viridifloral	viridifloral	91747203
C1039	(e)-sesquithujene-12-ol	(E)-sesquithujene-12-ol	91747204
C4832	helifolen-12-al	helifolen-12-al	91747205
C7166	y-curcumenal	y-curcumenal	91747206
C2498	5-guaiene-11-ol	5-guaiene-11-ol	91747222
C4926	humuladienol	humuladienol	91747316
C6228	presilphiperfolan-8-ol	presilphiperfolan-8-ol	91747319
C6422	silphiperfol-6-ene	silphiperfol-6-ene	91747320
C6416	silphiperfol-5-en-3-ol a	silphiperfol-5-en-3-ol a	91747331
C6417	silphiperfol-5-en-3-ol b	silphiperfol-5-en-3-ol b	91747332
C1690	15-nor-labdan-8-ol	15-nor-labdan-8-ol	91747372
C1623	10-epi-italicene ether	10-epi-italicene ether	91747401
C6328	savial-4(14)-en-1-one	savial-4(14)-en-1-one	91747416
C6087	paradisiol	paradisiol	91747420
C832	(?) italicene ether	(-) italicene ether	91747468
C1037	(e)-sesquithujen-12-al	(E)-sesquithujen-12-al	91747475
C4837	helifolen-15-al	helifolen-15-al	91747477
C2461	4(15)-dehydroglobulol	4(15)-dehydroglobulol	91747483
C3613	campherenol	campherenol	91747494
C5081	isocalamenediol	isocalamenediol	91747826
C4573	eudesm-3-en-7-ol	eudesm-3-en-7-ol	91747872
C3633	capnellane-8-one	capnellane-8-one	91747914
C392	caryophylladienol	caryophylladienol	91747928
C5209	isotorquatone	isotorquatone	91748026
C2554	6-epi-cubenol	6-epi-cubenol	91748041
C6863	verboccidentafuran	verboccidentafuran	91748415
C360	bicyclovetivenol	bicyclovetivenol	91748522
C1282	(z)-isomyristicin	(Z)-isomyristicin	91748544
C4388	elemenal	elemenal	91748583
C5139	isomustakone	isomustakone	91748747
C6891	vulgarol b	vulgarol b	91748781
C374	calamusenone	calamusenone	91748856
C5240	khusian-2-ol	khusian-2-ol	91748874
C3117	androencecalinol	androencecalinol	91748878
C1654	12-nor-caryophyll-5-en-2-one	12-nor-caryophyll-5-en-2-one	91748882
C508	dimyrcene ii-a	dimyrcene ii-a	91749731
C3857	cis-calamenen-10-ol	cis-calamenen-10-ol	91749818
C3505	bourbon-11-ene	bourbon-11-ene	91749842
C4574	eudesm-4(15)-ene-6-ol	eudesm-4(15)-ene-6-ol	91749965
C1041	(e)-thujopsene	(E)-thujopsene	91749973
C5113	isogeijerene	isogeijerene	91749984
C5599	mintoxide	mintoxide	91750040
C6392	sesquithuriferol	sesquithuriferol	91750097
C452	clovenol	clovenol	91750143
C3777	chrysanthenone epoxide	chrysanthenone epoxide	91750184
C6421	silphiperfol-6-en-5-one	silphiperfol-6-en-5-one	91750907
C3886	cis-dihydrocarveol	cis-dihydrocarveol	91751321
C1609	10-acetoxyneryl isobutyrate	10-acetoxyneryl isobutyrate	91751358
C6562	thymyl methacrylate	thymyl methacrylate	91751360
C5321	linalool oxide acetate	linalool oxide acetate	91751387
C371	cadinol	cadinol	91752279
C4436	epi-laurenene	epi-laurenene	91752736
C5031	isoaromadendrene	isoaromadendrene	91752786
C1250	(z)-calacorene	(Z)-calacorene	91753138
C1394	1-epi-cubebol	1-epi-cubebol	91753170
C529	epi-cubebol	epi-cubebol	91753433
C2764	abienol	abienol	91753529
C5034	isoaromadendrene oxide	isoaromadendrene oxide	91753590
C5200	isorotundene	isorotundene	91753591
C5221	junicedranol	junicedranol	91753598
C2555	6-epi-shyobunone	6-epi-shyobunone	91753639
C6305	salviadienol	salviadienol	91753726
C4983	indipone	indipone	91753729
C4927	humuladienone	humuladienone	101297706
C3400	beta-santalal	beta-santalal	101449606
C3365	beta-maaliene	beta-maaliene	101596917
C5825	occidenol	occidenol	122201253
C4572	eudesm-3-en-6-ol	eudesm-3-en-6-ol	129738008
C4682	gamma-eudesmol acetate	gamma-eudesmol acetate	129864076
C250	alpha-eudesmol acetate	alpha-eudesmol acetate	129864112
C1715	2-butenyl angelate	2-butenyl angelate	129886997
C3183	avocadienofuran	avocadienofuran	131751100
C4621	faurinone	faurinone	131752034
C4218	delta-patchoulene	delta-patchoulene	131752045
C2489	5-cedranone	5-cedranone	134158890
